{
  "experiment": "055e",
  "model": "Potts",
  "q": 5,
  "g_c": 0.441,
  "c_cft": "none (2D is first-order)",
  "data": [
    {
      "n": 16,
      "E0": -19.18593053784856,
      "S_half": 0.9168045967391605,
      "c_profile": 1.2611372862351993,
      "chi_actual": 20,
      "time": 95.19566488265991,
      "S_profile": [
        0.5550602478922438,
        0.7086550297680925,
        0.7916817371282671,
        0.8440029395119253,
        0.8784111104081874,
        0.9004429621583,
        0.9128086391388287,
        0.9168045967391605,
        0.9128144038826234,
        0.9004493298308875,
        0.878418657342298,
        0.8440054665339736,
        0.7916781588175065,
        0.70865324715041,
        0.5550597025288292
      ]
    }
  ]
}