{
  "experiment": "056b",
  "model": "Potts",
  "q": 7,
  "g_c": 0.535,
  "predictions": {
    "log": 1.35,
    "power": 1.41,
    "quadratic": 1.0
  },
  "data": [
    {
      "method": "exact_diag",
      "n": 4,
      "dim": 2401,
      "E0": -5.06657519227422,
      "S_half": 0.7247538253050213,
      "S_profile": [
        0.6364220295733967,
        0.7247538253050213,
        0.6364220295733987
      ],
      "c_profile": 1.5292301238579629,
      "time": 0.04411125183105469
    },
    {
      "method": "exact_diag",
      "n": 6,
      "dim": 117649,
      "E0": -7.748782027440277,
      "S_half": 0.8389998319982247,
      "S_profile": [
        0.6619564561038582,
        0.803266907244682,
        0.8389998319982247,
        0.8032669072446836,
        0.6619564561038509
      ],
      "c_profile": 1.536871193520093,
      "time": 0.5357315540313721
    },
    {
      "method": "dmrg",
      "n": 8,
      "chi_max": 30,
      "chi_actual": 30,
      "E0": -10.433604026053555,
      "S_half": 0.9139713302711542,
      "S_profile": [
        0.6714154170638289,
        0.8297708992468398,
        0.8951613805915816,
        0.9139713302711542,
        0.8951611815093259,
        0.8297704704674058,
        0.6714152302784032
      ],
      "c_profile": 1.4620263163556764,
      "time": 123.4741723537445
    }
  ],
  "c_fss_pairs": [
    1.6905919312207711,
    1.5636323313576448
  ]
}