{
  "experiment": "055c",
  "model": "Potts",
  "q": 3,
  "g_c": 0.3333333333333333,
  "c_exact": 0.8,
  "data": [
    {
      "n": 16,
      "E0": -17.79789016931781,
      "S_half": 0.6226949801939884,
      "c_profile": 0.8699962720133507,
      "chi_actual": 20,
      "time": 9.221527576446533,
      "S_profile": [
        0.3768514217154679,
        0.48056692657642747,
        0.5367900929245595,
        0.572458604826429,
        0.5960906525080933,
        0.6113228431004738,
        0.6199137964631428,
        0.6226949801939884,
        0.6199137970636813,
        0.6113228442317559,
        0.5960906540695327,
        0.5724586065175236,
        0.5367900947962086,
        0.4805669282495211,
        0.37685142280609046
      ]
    },
    {
      "n": 24,
      "E0": -26.95883317222915,
      "S_half": 0.682389215745122,
      "c_profile": 0.8543213922138742,
      "chi_actual": 20,
      "time": 18.377516746520996,
      "S_profile": [
        0.37797948104597195,
        0.48371958507985435,
        0.5429264865943253,
        0.5826054397409064,
        0.6113780800008383,
        0.6330305824134177,
        0.6495343963333988,
        0.6620262467569481,
        0.6712017372783446,
        0.6774966128308324,
        0.6811773294901396,
        0.682389215745122,
        0.6811774470120239,
        0.6774968220515278,
        0.671201674314732,
        0.6620258871449849,
        0.6495339416478165,
        0.6330301611131957,
        0.6113777447091711,
        0.5826052007422563,
        0.5429263418082382,
        0.48371951065451463,
        0.3779794545267854
      ]
    },
    {
      "n": 32,
      "E0": -36.12060230791178,
      "S_half": 0.7237623286147686,
      "c_profile": 0.8438744545636159,
      "chi_actual": 20,
      "time": 37.417553424835205,
      "S_profile": [
        0.37838724502362664,
        0.48485355004372893,
        0.5451179228451485,
        0.5861947186225392,
        0.6167204585744743,
        0.640501308791209,
        0.6595359564088497,
        0.6749960047883973,
        0.6876214766664481,
        0.6979046473256102,
        0.7061845907541389,
        0.712699479645517,
        0.7176172792468133,
        0.7210547226731613,
        0.7230881753176674,
        0.7237623286147686,
        0.7230896040255188,
        0.721056438839208,
        0.7176189210343376,
        0.712700345850037,
        0.7061844434112523,
        0.6979033482500394,
        0.6876196833039662,
        0.6749941747674598,
        0.6595343037623518,
        0.6404999100489824,
        0.616719365063026,
        0.586194127938248,
        0.5451175537488823,
        0.4848533670988577,
        0.3783871812156638
      ]
    },
    {
      "n": 48,
      "E0": -54.444988207104736,
      "S_half": 0.7805500171645184,
      "c_profile": 0.827006596201736,
      "chi_actual": 20,
      "time": 133.33973026275635,
      "S_profile": [
        0.37868193484566487,
        0.48567126996029536,
        0.5466932609889176,
        0.5887643677720401,
        0.6205256965692487,
        0.6457898107529231,
        0.6665641085554056,
        0.6840311307905277,
        0.6989442765196191,
        0.711811971546503,
        0.722992688028777,
        0.7327479459362226,
        0.7412737391302704,
        0.7487201026872581,
        0.7552037791331104,
        0.7608166407697546,
        0.765631343836809,
        0.7697058336417396,
        0.7730848390721908,
        0.775807002099547,
        0.7778957923461977,
        0.7793754708784913,
        0.7802567605078828,
        0.7805500171645184,
        0.780256933906971,
        0.7793748770001965,
        0.7778957550680129,
        0.7758056151616768,
        0.773084176980586,
        0.7697035666751573,
        0.7656274128280516,
        0.760810393828507,
        0.7551952450105647,
        0.7487107039546406,
        0.7412645672239929,
        0.7327395963645487,
        0.7229854146619834,
        0.711805829036597,
        0.6989392123043644,
        0.6840270394012469,
        0.6665608648540284,
        0.6457872990398307,
        0.6205238657810774,
        0.5887633644067406,
        0.5466926267186896,
        0.4856709505203371,
        0.37868182147339785
      ]
    }
  ]
}