{
  "experiment": "056c",
  "model": "Potts",
  "q": 10,
  "g_c": 0.684,
  "predictions": {
    "log": 1.59,
    "power": 1.76,
    "quadratic": 0.1
  },
  "data": [
    {
      "method": "exact_diag",
      "n": 4,
      "dim": 10000,
      "E0": -6.076549283944108,
      "S_half": 0.8289748448518571,
      "S_profile": [
        0.7349940569822789,
        0.8289748448518571,
        0.7349940569822789
      ],
      "c_profile": 1.6270273991793374,
      "time": 0.25171756744384766
    },
    {
      "method": "exact_diag",
      "n": 5,
      "dim": 100000,
      "E0": -7.652917791769242,
      "S_half": 0.8813369523444174,
      "S_profile": [
        0.7517693238268643,
        0.8813369523444174,
        0.8813369523444236,
        0.7517693238268731
      ],
      "c_profile": 1.6155167654266331,
      "time": 3.329948663711548
    },
    {
      "method": "exact_diag",
      "n": 6,
      "dim": 1000000,
      "E0": -9.23008496441066,
      "S_half": 0.9445286665823818,
      "S_profile": [
        0.761148416568642,
        0.908399310710011,
        0.9445286665823818,
        0.9083993107100139,
        0.7611484165686435
      ],
      "c_profile": 1.595696029466768,
      "time": 42.211636781692505
    }
  ],
  "c_fss_pairs": [
    1.4079396115416913,
    2.0795691529568905
  ]
}