{
  "experiment": "056d",
  "overshoot_model": "(1.731 + -0.281*ln(q))/n",
  "overshoot_params": [
    1.7308842737721573,
    -0.2811585813639794
  ],
  "corrected_c": {
    "2": 0.5000000000319712,
    "3": 0.8032050503625738,
    "4": 1.0872449463855354,
    "5": 1.167702267844262,
    "7": 1.2735503734015523,
    "10": 1.3518754637765185
  },
  "exact_c": {
    "2": 0.5,
    "3": 0.8,
    "4": 1.0
  },
  "best_fit": {
    "formula": "c = a*ln(q) + b",
    "a": 0.532290916243711,
    "b": 0.22896738313927034,
    "rms": 0.08321833911113652
  },
  "all_fits": {
    "log": {
      "params": [
        0.532290916243711,
        0.22896738313927034
      ],
      "rms": 0.08321833911113652
    },
    "power": {
      "params": [
        0.639515850167511,
        0.37293043333966575
      ],
      "rms": 0.09578298881515035
    },
    "log_shifted": {
      "params": [
        0.40045035577692556,
        0.552255872109353
      ],
      "rms": 0.06132746278065249
    },
    "sqrt": {
      "params": [
        0.4166832812036266,
        0.22530353835665307
      ],
      "rms": 0.10633944480712276
    }
  }
}