{
  "experiment": "055b",
  "model": "TFIM",
  "g_c": 1.0,
  "c_exact": 0.5,
  "data": [
    {
      "n": 32,
      "E0": -40.38431316121852,
      "S_half": 0.4857181314690714,
      "c_central": 0.523992156597946,
      "c_even": 0.524360225694789,
      "c_odd": 0.5231725545428841,
      "chi_actual": 80,
      "time": 4.3068437576293945,
      "S_profile": [
        0.2675456941743511,
        0.33639549186547313,
        0.3744854161314284,
        0.4002020964618284,
        0.4192267491683392,
        0.43401455340329875,
        0.4458381021863921,
        0.4554368187582537,
        0.4632747307400067,
        0.4696589810532886,
        0.47480030362249853,
        0.4788463421628617,
        0.48190106241853187,
        0.4840364880584816,
        0.48529989714251065,
        0.4857181314690714,
        0.48529989714251953,
        0.48403648805850813,
        0.48190106241850994,
        0.4788463421628503,
        0.47480030362256176,
        0.4696589810533619,
        0.46327473074003533,
        0.455436818758373,
        0.44583810218644027,
        0.43401455340338596,
        0.419226749168423,
        0.4002020964618718,
        0.3744854161314238,
        0.33639549186547657,
        0.26754569417451946
      ]
    },
    {
      "n": 48,
      "E0": -60.75481696499159,
      "S_half": 0.5210659311092357,
      "c_central": 0.5163419750863673,
      "c_even": 0.5165458321419477,
      "c_odd": 0.5159958968376915,
      "chi_actual": 80,
      "time": 7.40025520324707,
      "S_profile": [
        0.267716864991379,
        0.33687366716904976,
        0.3754158651420711,
        0.40173349114909485,
        0.4215115710738093,
        0.43720997866401623,
        0.450107059059456,
        0.46094920063799416,
        0.47020878930713156,
        0.4782029417024275,
        0.48515426034285536,
        0.4912245070113361,
        0.4965344685853648,
        0.5011762784422082,
        0.505221376773954,
        0.508725828822827,
        0.5117339771238301,
        0.5142810058410817,
        0.5163947719245916,
        0.5180971272778313,
        0.519404877004022,
        0.5203304691712798,
        0.5208824793113382,
        0.5210659311092357,
        0.520882479311237,
        0.5203304691710255,
        0.5194048770035868,
        0.5180971272773038,
        0.5163947719239989,
        0.5142810058402699,
        0.5117339771227992,
        0.5087258288217089,
        0.5052213767725604,
        0.5011762784409609,
        0.49653446858437833,
        0.49122450701081444,
        0.4851542603424823,
        0.47820294170196825,
        0.4702087893069148,
        0.4609492006377635,
        0.45010705905936327,
        0.4372099786639264,
        0.4215115710737661,
        0.4017334911490974,
        0.3754158651420541,
        0.3368736671690625,
        0.2677168649924981
      ]
    },
    {
      "n": 64,
      "E0": -81.12598012314326,
      "S_half": 0.545826930793216,
      "c_central": 0.5123787539868359,
      "c_even": 0.5125051136318747,
      "c_odd": 0.5121908514413889,
      "chi_actual": 80,
      "time": 11.943960905075073,
      "S_profile": [
        0.267777454992662,
        0.33704271790638446,
        0.3757442397816936,
        0.4022727479744838,
        0.42231393061293465,
        0.4383284378157463,
        0.45159553657376195,
        0.46286269900876464,
        0.4726035706655411,
        0.4811367184750464,
        0.48868640263528695,
        0.4954162693761875,
        0.5014492394202791,
        0.506879855892658,
        0.511782275731685,
        0.5162156244837881,
        0.5202276916332373,
        0.5238575458699136,
        0.5271374266654362,
        0.5300941384098334,
        0.5327500947850315,
        0.535124112139011,
        0.5372320193442596,
        0.5390871311297791,
        0.5407006181494836,
        0.5420817976676723,
        0.5432383622050981,
        0.5441765588487756,
        0.544901328570533,
        0.5454164124192903,
        0.5457244295754113,
        0.545826930793216,
        0.5457244295754192,
        0.545416412419294,
        0.5449013285705212,
        0.5441765588487628,
        0.5432383622050844,
        0.5420817976676435,
        0.540700618149442,
        0.5390871311297292,
        0.5372320193441894,
        0.5351241121389131,
        0.5327500947849207,
        0.5300941384097307,
        0.527137426665359,
        0.5238575458698703,
        0.5202276916332222,
        0.5162156244837736,
        0.5117822757316541,
        0.5068798558926008,
        0.5014492394201603,
        0.4954162693760639,
        0.48868640263525187,
        0.4811367184750154,
        0.4726035706656235,
        0.4628626990088409,
        0.4515955365738001,
        0.4383284378158456,
        0.4223139306130524,
        0.40227274797449936,
        0.3757442397817542,
        0.33704271790641005,
        0.26777745499265465
      ]
    }
  ],
  "off_critical": {
    "g": 0.5,
    "n": 32,
    "c_central": 0.00011128867671528737
  }
}