{
  "experiment": "055d",
  "model": "Potts",
  "q": 4,
  "g_c": 0.392,
  "c_cft": 1.0,
  "data": [
    {
      "n": 16,
      "E0": -18.41098912331369,
      "S_half": 0.7878398210033442,
      "c_profile": 1.1441648993019435,
      "chi_actual": 20,
      "time": 22.32756805419922,
      "S_profile": [
        0.47022769073901083,
        0.6025174298484492,
        0.6752286662264593,
        0.7217639568051464,
        0.7527711941858735,
        0.7728292714926313,
        0.7841660918649158,
        0.7878398210033442,
        0.7841660921126384,
        0.7728292723300171,
        0.75277119626565,
        0.7217639609150571,
        0.6752286721514317,
        0.6025174342526474,
        0.4702276928038637
      ]
    },
    {
      "n": 24,
      "E0": -27.83827232289542,
      "S_half": 0.8696304834014065,
      "c_profile": 1.1478337832895944,
      "chi_actual": 20,
      "time": 95.17746877670288,
      "S_profile": [
        0.4719239586233267,
        0.6071657930247196,
        0.6841372132111887,
        0.7363064053837765,
        0.7744297133439642,
        0.803298452548033,
        0.8253962800770793,
        0.8421738720333222,
        0.854523570452396,
        0.8630133748754087,
        0.8679820007259009,
        0.8696304834014065,
        0.8680114135156864,
        0.8630613427653231,
        0.8545886922193456,
        0.8422423581694585,
        0.8254580595177033,
        0.8033501762610291,
        0.7744708357283222,
        0.73632434961081,
        0.6841463502367445,
        0.6071697041520656,
        0.4719251402553087
      ]
    }
  ]
}