{
  "q": 5,
  "model": "clock",
  "gc_raw": 0.5205204776060194,
  "gc_corrected": 0.5455054605311084,
  "E0_per_site_raw": {
    "4": -1.4169761249255348,
    "6": -1.400345060464815,
    "8": -1.3946438764687348
  },
  "delta1_n_raw": {
    "4": 0.5963376667697418,
    "6": 0.5963289106285501,
    "8": 0.5980108358821639
  },
  "E0_per_site_corrected": {
    "4": -1.452733530921911,
    "6": -1.4357751476915643,
    "8": -1.4299679922060138
  },
  "delta1_n_corrected": {
    "4": 0.6548139999746745,
    "6": 0.6652815826835727,
    "8": 0.6750255628859776
  },
  "dmrg_n12_raw": {
    "c": 1.2085850332545423,
    "chi": 30,
    "time": 95.5
  },
  "dmrg_n16_raw": {
    "c": 1.1704792376036877,
    "chi": 30,
    "time": 270.7
  },
  "cx1_ratio_raw": -9.413729034519218,
  "c_clock": 1.1704792376036877,
  "x1_clock": -0.12433746853257147,
  "cx1_clock": -0.14553442537357675
}