{
  "minimal_model_cx1": {
    "3": {
      "c": 0.5,
      "h_min": 0.0625,
      "x1": 0.125,
      "cx1": 0.0625
    },
    "4": {
      "c": 0.7,
      "h_min": 0.0375,
      "x1": 0.075,
      "cx1": 0.0525
    },
    "5": {
      "c": 0.8,
      "h_min": 0.025,
      "x1": 0.05,
      "cx1": 0.04000000000000001
    },
    "6": {
      "c": 0.8571428571428572,
      "h_min": 0.017857142857142856,
      "x1": 0.03571428571428571,
      "cx1": 0.030612244897959183
    },
    "7": {
      "c": 0.8928571428571429,
      "h_min": 0.013392857142857142,
      "x1": 0.026785714285714284,
      "cx1": 0.02391581632653061
    },
    "8": {
      "c": 0.9166666666666666,
      "h_min": 0.010416666666666666,
      "x1": 0.020833333333333332,
      "cx1": 0.01909722222222222
    },
    "9": {
      "c": 0.9333333333333333,
      "h_min": 0.008333333333333333,
      "x1": 0.016666666666666666,
      "cx1": 0.015555555555555555
    },
    "10": {
      "c": 0.9454545454545454,
      "h_min": 0.006818181818181818,
      "x1": 0.013636363636363636,
      "cx1": 0.012892561983471074
    },
    "11": {
      "c": 0.9545454545454546,
      "h_min": 0.005681818181818182,
      "x1": 0.011363636363636364,
      "cx1": 0.01084710743801653
    },
    "12": {
      "c": 0.9615384615384616,
      "h_min": 0.004807692307692308,
      "x1": 0.009615384615384616,
      "cx1": 0.009245562130177515
    },
    "13": {
      "c": 0.967032967032967,
      "h_min": 0.004120879120879121,
      "x1": 0.008241758241758242,
      "cx1": 0.007970051926095883
    },
    "14": {
      "c": 0.9714285714285714,
      "h_min": 0.0035714285714285713,
      "x1": 0.007142857142857143,
      "cx1": 0.0069387755102040816
    },
    "15": {
      "c": 0.975,
      "h_min": 0.003125,
      "x1": 0.00625,
      "cx1": 0.00609375
    },
    "16": {
      "c": 0.9779411764705882,
      "h_min": 0.0027573529411764708,
      "x1": 0.0055147058823529415,
      "cx1": 0.005393057958477509
    },
    "17": {
      "c": 0.9803921568627451,
      "h_min": 0.0024509803921568627,
      "x1": 0.004901960784313725,
      "cx1": 0.004805843906189927
    },
    "18": {
      "c": 0.9824561403508771,
      "h_min": 0.0021929824561403508,
      "x1": 0.0043859649122807015,
      "cx1": 0.0043090181594336715
    },
    "19": {
      "c": 0.9842105263157894,
      "h_min": 0.001973684210526316,
      "x1": 0.003947368421052632,
      "cx1": 0.0038850415512465372
    }
  },
  "measured_cx1": {
    "2": {
      "c": 0.5,
      "x1": 0.1246,
      "cx1": 0.0623
    },
    "3": {
      "c": 0.8,
      "x1": 0.1337,
      "cx1": 0.10696000000000001
    },
    "4": {
      "c": 1.0,
      "x1": 0.1172,
      "cx1": 0.1172
    },
    "5": {
      "c": 1.1,
      "x1": 0.1015,
      "cx1": 0.11165000000000001
    },
    "7": {
      "c": 1.3,
      "x1": 0.086,
      "cx1": 0.1118
    },
    "10": {
      "c": 1.4,
      "x1": 0.0831,
      "cx1": 0.11633999999999999
    }
  },
  "exact_q3": {
    "c": "4/5",
    "x1": "2/15",
    "cx1": "8/75",
    "cx1_decimal": 0.10666666666666667
  },
  "exact_q2": {
    "c": "1/2",
    "x1": "1/8",
    "cx1": "1/16",
    "cx1_decimal": 0.0625
  },
  "minimal_model_formula": "c*x1 = (m-2)^2*(m+3) / (2*m*(m+1)^2)",
  "conclusion": "c*x1 approx 0.112 for q>=3 is approximate, not exact. Exact q=3 value is 8/75=0.10667, not 1/9."
}