{
  "experiment": "042a",
  "model": "q=5 Potts (Kronecker delta)",
  "description": "Timing test for custom Potts model with true delta coupling",
  "n": 8,
  "q": 5,
  "chi_max": 15,
  "data": {
    "0.8": {
      "cv": 1.492182860806645,
      "E0": -14.623437830483661,
      "time": 16.86896562576294
    }
  },
  "comparison_clock": {
    "g_0.8_n8_cv": 0.3616
  },
  "total_runtime": 16.869115114212036
}