{
  "sprint": "047c",
  "crossing_analysis": {
    "common_g": [
      0.15,
      0.2,
      0.24,
      0.26,
      0.28,
      0.3,
      0.35
    ],
    "diff_n12_minus_n8": [
      -0.17673335092016773,
      -0.031110244654716512,
      -0.023251960582696185,
      0.08739366027606615,
      0.08610627945924876,
      0.10336930142209311,
      0.052734149072265146
    ]
  },
  "slope_analysis": {
    "g_range": [
      0.24,
      0.28
    ],
    "slope_n8": -2.346633814772798,
    "slope_n12": 0.38732218627582327,
    "ratio": 0.16505437867532136,
    "nu_slope": Infinity
  },
  "collapse_analysis": {
    "nu_optimal": 0.450483767129117,
    "gc_optimal": 0.2657484013105351,
    "quality_optimal": 0.003858119540787891
  }
}