{
  "experiment": "095b_bw_ratio_q5",
  "timestamp": "2026-04-02 10:39:19",
  "q": 5,
  "g_c": 0.2,
  "data": {
    "nA3": {
      "n7": {
        "nA": 3,
        "n": 7,
        "dim": 78125,
        "dimA": 125,
        "ratio_nA_n": 0.42857142857142855,
        "E0": -7.934852783309217,
        "R2": 0.9983359552304093,
        "one_minus_R2": 0.0016640447695907001,
        "alpha": 9.177385070770017,
        "time": 6.664655447006226
      },
      "n8": {
        "nA": 3,
        "n": 8,
        "dim": 390625,
        "dimA": 125,
        "ratio_nA_n": 0.375,
        "E0": -9.051273445788095,
        "R2": 0.9978894043424801,
        "one_minus_R2": 0.0021105956575199203,
        "alpha": 9.245839733725878,
        "time": 38.81106400489807
      }
    }
  }
}