{
  "experiment": "082a_sq_corr_q5",
  "timestamp": "2026-04-02 06:19:19",
  "q": 5,
  "gc": 0.2,
  "sizes": [
    {
      "n": 8,
      "chi_max": 40,
      "chi_used": 40,
      "E0": -8.633720828832814,
      "time_s": 19.137595891952515,
      "r_vals": [
        1,
        2,
        3,
        4
      ],
      "G_avg": [
        0.3399060885829074,
        0.20802791422359662,
        0.12570931984383601,
        0.07985157896414258
      ],
      "G_std": [
        0.0020889572647403987,
        0.006426261850822068,
        0.013970809918416677,
        0
      ],
      "power_law": {
        "eta": 1.3722540191123074,
        "x1": 0.6861270095561537,
        "R2": 0.9958849172379856
      },
      "oscillation": null
    },
    {
      "n": 16,
      "chi_max": 60,
      "chi_used": 60,
      "E0": -17.62569236028149,
      "time_s": 90.4580066204071,
      "r_vals": [
        1,
        2,
        3,
        4,
        5,
        6,
        7,
        8
      ],
      "G_avg": [
        0.3739684739293044,
        0.2591223772902299,
        0.1953794469975617,
        0.151014453977732,
        0.1160493181044362,
        0.08577134793618407,
        0.05672941552225279,
        0.03954147132606767
      ],
      "G_std": [
        0.00036690543331552306,
        0.0010474822903273895,
        0.0019206472022900711,
        0.0030027418807404005,
        0.004377915713246361,
        0.006256910308746977,
        0.009293965954671371,
        0
      ],
      "power_law": {
        "eta": 1.3131138589023872,
        "x1": 0.6565569294511936,
        "R2": 0.8721956886971012
      },
      "oscillation": {
        "eta": 1.3131138589023872,
        "oscillation_amplitude": 0.1666130030860319,
        "max_abs_resid": 0.23123163662843768,
        "residuals_vs_lnr": [
          [
            0.6931471805599453,
            -0.18402983710899282
          ],
          [
            1.0986122886681098,
            0.04779448389716684
          ],
          [
            1.3862943611198906,
            0.1816110263762962
          ],
          [
            1.6094379124341003,
            0.21717351100344479
          ],
          [
            1.791759469228055,
            0.14294709005791997
          ],
          [
            1.9459101490553132,
            -0.07444771495640162
          ],
          [
            2.0794415416798357,
            -0.23123163662843768
          ]
        ]
      }
    },
    {
      "n": 24,
      "chi_max": 60,
      "chi_used": 60,
      "E0": -26.620329032903978,
      "time_s": 183.75796818733215,
      "r_vals": [
        1,
        2,
        3,
        4,
        5,
        6,
        7,
        8,
        9,
        10,
        11,
        12
      ],
      "G_avg": [
        0.38848166537861034,
        0.2797807291562293,
        0.2205613452835391,
        0.18042314341787494,
        0.15006434199962249,
        0.12547755277650957,
        0.1045437161759816,
        0.08596359491369815,
        0.0688086705055583,
        0.05225324597904488,
        0.0351864487003332,
        0.02524054001743989
      ],
      "G_std": [
        0.0001330663940642962,
        0.0003756733781149213,
        0.0006747286618279946,
        0.0010209021613371838,
        0.0014148346830499814,
        0.0018648523611426993,
        0.002386788354058783,
        0.003009832614045971,
        0.003787509087939206,
        0.004838569197917447,
        0.0065355727302051775,
        0
      ],
      "power_law": {
        "eta": 1.2543039997386243,
        "x1": 0.6271519998693121,
        "R2": 0.7604728163866386
      },
      "oscillation": {
        "eta": 1.2543039997386243,
        "oscillation_amplitude": 0.23033106351351168,
        "max_abs_resid": 0.3890819450339906,
        "residuals_vs_lnr": [
          [
            0.6931471805599453,
            -0.2844106144612143
          ],
          [
            1.0986122886681098,
            -0.061903609643793274
          ],
          [
            1.3862943611198906,
            0.10083306303609527
          ],
          [
            1.6094379124341003,
            0.2113268536424999
          ],
          [
            1.791759469228055,
            0.27311381366291937
          ],
          [
            1.9459101490553132,
            0.2869768952115948
          ],
          [
            2.0794415416798357,
            0.2512005207491374
          ],
          [
            2.1972245773362196,
            0.16095751645927073
          ],
          [
            2.302585092994046,
            0.006190559982054929
          ],
          [
            2.3978952727983707,
            -0.23640792649692433
          ],
          [
            2.4849066497880004,
            -0.3890819450339906
          ]
        ]
      }
    }
  ]
}