{
  "sprint": "045f",
  "description": "q=5 Potts data collapse \u2014 nu extraction",
  "data": {
    "n8": {
      "0.3": 0.3732,
      "0.35": 0.3554,
      "0.38": 0.3141,
      "0.4": 0.2755,
      "0.42": 0.2325,
      "0.45": 0.17,
      "0.5": 0.1072,
      "0.55": 0.1324
    },
    "n12": {
      "0.3": 0.3528,
      "0.35": 0.3671,
      "0.38": 0.3399,
      "0.4": 0.2993,
      "0.42": 0.2456,
      "0.45": 0.1677,
      "0.5": 0.1212
    },
    "n16": {
      "0.3": 0.4818,
      "0.35": 0.3559,
      "0.38": 0.3458,
      "0.4": 0.31,
      "0.42": 0.2505,
      "0.45": 0.1604,
      "0.5": 0.1227
    }
  },
  "collapse_results": {
    "Ising (nu=1)": {
      "nu": 1.0,
      "g_c": 0.4287255598542552,
      "quality": 0.0009797021342363994
    },
    "Potts q=3 (nu=5/6)": {
      "nu": 0.8333333333333334,
      "g_c": 0.4265964322452544,
      "quality": 0.0015281288916876622
    },
    "nu=2/3": {
      "nu": 0.6666666666666666,
      "g_c": 0.42438620287092943,
      "quality": 0.0027542879758321657
    },
    "nu=1/2": {
      "nu": 0.5,
      "g_c": 0.4213749923410891,
      "quality": 0.005630850091359269
    },
    "nu=3/2": {
      "nu": 1.5,
      "g_c": 0.434920256917263,
      "quality": 0.0004211043032563821
    },
    "nu=2": {
      "nu": 2.0,
      "g_c": 0.4420473998594574,
      "quality": 0.0002764895121088933
    },
    "free_fit": {
      "nu": 2.2363338771710373,
      "g_c": 0.4460783762140776,
      "quality": 0.0002653676650352595
    }
  },
  "ranking": [
    [
      "free_fit",
      0.0002653676650352595,
      2.2363338771710373,
      0.4460783762140776
    ],
    [
      "nu=2",
      0.0002764895121088933,
      2.0,
      0.4420473998594574
    ],
    [
      "nu=3/2",
      0.0004211043032563821,
      1.5,
      0.434920256917263
    ],
    [
      "Ising (nu=1)",
      0.0009797021342363994,
      1.0,
      0.4287255598542552
    ],
    [
      "Potts q=3 (nu=5/6)",
      0.0015281288916876622,
      0.8333333333333334,
      0.4265964322452544
    ],
    [
      "nu=2/3",
      0.0027542879758321657,
      0.6666666666666666,
      0.42438620287092943
    ],
    [
      "nu=1/2",
      0.005630850091359269,
      0.5,
      0.4213749923410891
    ]
  ],
  "optimal_nu": 2.2363338771710373,
  "optimal_gc": 0.4460783762140776,
  "crossing_points": {
    "8,12": 0.3317757009345794,
    "8,16": 0.43956521739130433,
    "12,16": 0.34600570613409415
  }
}