{
  "experiment": "040a2",
  "model": "q=4 Potts (clock)",
  "n": 8,
  "chi_max": 15,
  "data": {
    "0.5": {
      "cv": 0.08799840523132176,
      "time": 6.627826929092407
    },
    "0.8": {
      "cv": 0.3720375357235342,
      "time": 7.0667946338653564
    },
    "0.9": {
      "cv": 0.5472413724365013,
      "time": 6.661607265472412
    },
    "0.95": {
      "cv": 0.6386722929808298,
      "time": 6.863495111465454
    },
    "1.0": {
      "cv": 0.7273133514602106,
      "time": 6.518754243850708
    },
    "1.05": {
      "cv": 0.8104342659100434,
      "time": 6.270048141479492
    },
    "1.1": {
      "cv": 0.8865118096479899,
      "time": 6.123558282852173
    },
    "1.3": {
      "cv": 1.1179324330527924,
      "time": 6.241913080215454
    }
  },
  "total_runtime": 52.40353178977966
}