{
  "experiment": "124c_finite_dmrg_q4_ext",
  "sprint": 124,
  "timestamp": "2026-04-08 12:16:59",
  "q4_dmrg": {
    "14": {
      "chi_F": 14.965436077667745,
      "overlap": 0.9997904838949127,
      "E0": -15.475440548598023,
      "chi_max": 80,
      "chi_used": 80,
      "S_mid": 0.6970741328930162,
      "time_s": 62.2
    },
    "16": {
      "chi_F": 18.32831634361598,
      "overlap": 0.9997067469385021,
      "E0": -17.74731561822371,
      "chi_max": 100,
      "chi_used": 100,
      "S_mid": 0.721493592907797,
      "time_s": 107.0
    },
    "18": {
      "chi_F": 21.924686476635124,
      "overlap": 0.9996053556434206,
      "E0": -20.019340909898922,
      "chi_max": 120,
      "chi_used": 120,
      "S_mid": 0.7428650068636948,
      "time_s": 174.3
    },
    "20": {
      "chi_F": 25.7412748524366,
      "overlap": 0.9994851745029513,
      "E0": -22.291473299904617,
      "chi_max": 150,
      "chi_used": 150,
      "S_mid": 0.7618558801367876,
      "time_s": 303.5
    }
  },
  "q2_dmrg": {
    "14": {
      "chi_F": 0.942692577848054,
      "overlap": 0.9999868023039101,
      "E0": -15.235502027365897,
      "chi_max": 60,
      "chi_used": 44,
      "S_mid": 0.411019395932261,
      "time_s": 5.5
    },
    "16": {
      "chi_F": 1.0847234252764348,
      "overlap": 0.9999826444251956,
      "E0": -17.508193950242585,
      "chi_max": 60,
      "chi_used": 50,
      "S_mid": 0.42340931735320186,
      "time_s": 6.7
    },
    "20": {
      "chi_F": 1.3681936068710154,
      "overlap": 0.9999726361278626,
      "E0": -22.053898555811955,
      "chi_max": 80,
      "chi_used": 64,
      "S_mid": 0.4437994306157198,
      "time_s": 13.0
    },
    "24": {
      "chi_F": 1.6509367821299081,
      "overlap": 0.9999603775172289,
      "E0": -26.599856165650205,
      "chi_max": 80,
      "chi_used": 72,
      "S_mid": 0.4602071431929077,
      "time_s": 17.0
    }
  },
  "q4_combined": {
    "sizes": [
      6,
      8,
      10,
      12,
      14,
      16,
      18,
      20
    ],
    "chi_Fs": [
      4.17,
      6.433,
      9.0,
      11.851,
      14.965436077667745,
      18.32831634361598,
      21.924686476635124,
      25.7412748524366
    ]
  }
}