{
  "experiment": "105a2_j1j2_wide_scan",
  "timestamp": "2026-04-02 16:46:16",
  "data": {
    "8": {
      "dim": 70,
      "J2_vals": [
        0.05,
        0.0661764705882353,
        0.08235294117647059,
        0.09852941176470588,
        0.11470588235294117,
        0.13088235294117645,
        0.14705882352941174,
        0.16323529411764703,
        0.17941176470588233,
        0.19558823529411762,
        0.2117647058823529,
        0.2279411764705882,
        0.2441176470588235,
        0.2602941176470588,
        0.2764705882352941,
        0.29264705882352937,
        0.30882352941176466,
        0.32499999999999996,
        0.34117647058823525,
        0.35735294117647054,
        0.37352941176470583,
        0.3897058823529411,
        0.4058823529411764,
        0.4220588235294117,
        0.438235294117647,
        0.4544117647058823,
        0.4705882352941176,
        0.4867647058823529,
        0.5029411764705882,
        0.5191176470588235,
        0.5352941176470588,
        0.5514705882352942,
        0.5676470588235294,
        0.5838235294117646,
        0.6
      ],
      "chi_F": [
        0.0135366773346135,
        0.014298318085081974,
        0.01513842384781583,
        0.01606923483166156,
        0.017105367122738357,
        0.0182645065738285,
        0.019567897302508186,
        0.02104143248526924,
        0.022716625802665646,
        0.024632260120505123,
        0.02683602229325288,
        0.029387342559417107,
        0.03236000634121439,
        0.03584708641035661,
        0.0399657640315354,
        0.04486520044366671,
        0.0507360986556904,
        0.05782373191376422,
        0.06644570449410026,
        0.07701529691761522,
        0.09007326551291328,
        0.10632990599113157,
        0.12672075611064315,
        0.15247875462254257,
        0.18522399725107164,
        0.22706952429452087,
        0.28072884572516443,
        0.3495920386509255,
        0.04631595107440489,
        0.04673720854775354,
        0.04708960443799981,
        0.047370701805604654,
        0.047578502249123744,
        0.04771157635641288,
        0.04776898043790112
      ],
      "J2_peak": 0.4867647058823529,
      "chi_peak": 0.3495920386509255,
      "width_FWHM": 0.048529411764705876,
      "at_edge": "False",
      "time_s": 0.06187748908996582
    },
    "10": {
      "dim": 252,
      "J2_vals": [
        0.05,
        0.0661764705882353,
        0.08235294117647059,
        0.09852941176470588,
        0.11470588235294117,
        0.13088235294117645,
        0.14705882352941174,
        0.16323529411764703,
        0.17941176470588233,
        0.19558823529411762,
        0.2117647058823529,
        0.2279411764705882,
        0.2441176470588235,
        0.2602941176470588,
        0.2764705882352941,
        0.29264705882352937,
        0.30882352941176466,
        0.32499999999999996,
        0.34117647058823525,
        0.35735294117647054,
        0.37352941176470583,
        0.3897058823529411,
        0.4058823529411764,
        0.4220588235294117,
        0.438235294117647,
        0.4544117647058823,
        0.4705882352941176,
        0.4867647058823529,
        0.5029411764705882,
        0.5191176470588235,
        0.5352941176470588,
        0.5514705882352942,
        0.5676470588235294,
        0.5838235294117646,
        0.6
      ],
      "chi_F": [
        0.015278676102070676,
        0.016199510621817126,
        0.017226258197666766,
        0.01837718199837468,
        0.019674637474764722,
        0.02114625807791981,
        0.022826189827185317,
        0.024757138561426473,
        0.026992934554215253,
        0.02960184541933586,
        0.03267133896756036,
        0.03631436928941412,
        0.04067814973751638,
        0.04595631430959202,
        0.052406063932863844,
        0.06037228272859352,
        0.07032220361580244,
        0.08289430919461438,
        0.09896991004509914,
        0.1197746835046587,
        0.147024739050039,
        0.1831309326405517,
        0.2314764713240436,
        0.2967658763175507,
        0.38539485380795213,
        0.5056622387478171,
        0.6673628716313829,
        0.8798055350922596,
        0.10369721525904652,
        0.10580793130543498,
        0.10775720760136664,
        0.10953751461428851,
        0.11114350551011398,
        0.11257181187218634,
        0.11382112585778259
      ],
      "J2_peak": 0.4867647058823529,
      "chi_peak": 0.8798055350922596,
      "width_FWHM": 0.032352941176470584,
      "at_edge": "False",
      "time_s": 0.09590482711791992
    },
    "12": {
      "dim": 924,
      "J2_vals": [
        0.05,
        0.0661764705882353,
        0.08235294117647059,
        0.09852941176470588,
        0.11470588235294117,
        0.13088235294117645,
        0.14705882352941174,
        0.16323529411764703,
        0.17941176470588233,
        0.19558823529411762,
        0.2117647058823529,
        0.2279411764705882,
        0.2441176470588235,
        0.2602941176470588,
        0.2764705882352941,
        0.29264705882352937,
        0.30882352941176466,
        0.32499999999999996,
        0.34117647058823525,
        0.35735294117647054,
        0.37352941176470583,
        0.3897058823529411,
        0.4058823529411764,
        0.4220588235294117,
        0.438235294117647,
        0.4544117647058823,
        0.4705882352941176,
        0.4867647058823529,
        0.5029411764705882,
        0.5191176470588235,
        0.5352941176470588,
        0.5514705882352942,
        0.5676470588235294,
        0.5838235294117646,
        0.6
      ],
      "chi_F": [
        0.016352339852569266,
        0.01737213706221041,
        0.018514362265520386,
        0.019801243977823898,
        0.021260201007085772,
        0.02292542452172104,
        0.024840074441812018,
        0.027058788543143916,
        0.029651586741508137,
        0.03270909839277654,
        0.03634969732620637,
        0.04072961782656629,
        0.046057520760219475,
        0.05261495868621087,
        0.06078632042161302,
        0.07110247575899582,
        0.08430476132007905,
        0.10143996753697591,
        0.12400001766129282,
        0.1541270666649552,
        0.19490788612704552,
        0.25077627567130867,
        0.32800958060796853,
        0.43518906626497744,
        0.5832002066460025,
        0.783721796719187,
        1.0442203009682534,
        1.3571979780765038,
        0.2069300286677844,
        0.22587777389245406,
        0.24842852774931143,
        0.27546539678920584,
        0.30800920147733274,
        1.4346510664638616,
        1.1128244714608824
      ],
      "J2_peak": 0.5838235294117646,
      "chi_peak": 1.4346510664638616,
      "width_FWHM": 0.14558823529411768,
      "at_edge": "False",
      "time_s": 0.2596728801727295
    },
    "14": {
      "dim": 3432,
      "J2_vals": [
        0.05,
        0.0661764705882353,
        0.08235294117647059,
        0.09852941176470588,
        0.11470588235294117,
        0.13088235294117645,
        0.14705882352941174,
        0.16323529411764703,
        0.17941176470588233,
        0.19558823529411762,
        0.2117647058823529,
        0.2279411764705882,
        0.2441176470588235,
        0.2602941176470588,
        0.2764705882352941,
        0.29264705882352937,
        0.30882352941176466,
        0.32499999999999996,
        0.34117647058823525,
        0.35735294117647054,
        0.37352941176470583,
        0.3897058823529411,
        0.4058823529411764,
        0.4220588235294117,
        0.438235294117647,
        0.4544117647058823,
        0.4705882352941176,
        0.4867647058823529,
        0.5029411764705882,
        0.5191176470588235,
        0.5352941176470588,
        0.5514705882352942,
        0.5676470588235294,
        0.5838235294117646,
        0.6
      ],