{
  "experiment": "114b_alpha_refit_q15",
  "sprint": 114,
  "timestamp": "2026-04-02 22:37:34",
  "data": {},
  "fit_results_global": {
    "linear": {
      "params": {
        "a": 0.1852105263157896,
        "b": 1.3424802631578925
      },
      "rms": 0.12907193080747048,
      "aic": -28.758166829834465,
      "residuals": {
        "5": -0.17753289473684042,
        "6": -0.07674342105263054,
        "7": 0.011046052631580316,
        "8": 0.07283552631579049,
        "9": 0.14962500000000079,
        "10": 0.1544144736842119,
        "12": 0.06599342105263206,
        "15": -0.19963815789473704
      },
      "q20_pred": 5.0466907894736845,
      "q25_pred": 5.972743421052632
    },
    "quadratic": {
      "params": {
        "a": -0.013365950307010044,
        "b": 0.4511225903184054,
        "c": 0.15889018991877657
      },
      "rms": 0.014072403635777626,
      "aic": -62.21663341355182,
      "residuals": {
        "5": 0.010645616164447702,
        "6": -0.00745152077684752,
        "7": -0.011816757104122111,
        "8": -0.015450092817377303,
        "9": 0.02264847208338816,
        "10": 0.015478937598173648,
        "12": -0.01666442953019498,
        "15": 0.0026097743824022857
      },
      "q20_pred": 3.8349618734828677,
      "q25_pred": 3.0832360059976334
    },
    "power_law": {
      "params": {
        "a": 0.8998456080930964,
        "b": 0.5560997585508044
      },
      "rms": 0.08771524701592846,
      "aic": -34.93855264776608,
      "residuals": {
        "5": -0.11124205553509237,
        "6": -0.06023678223135098,
        "7": -0.00538084038812503,
        "8": 0.036933540034847834,
        "9": 0.10533050674591804,
        "10": 0.11106773156713379,
        "12": 0.04755756997116034,
        "15": -0.13587911056557678
      },
      "q20_pred": 4.760696195319635,
      "q25_pred": 5.389669102730866
    },
    "logarithmic": {
      "params": {
        "a": 1.7259830455603231,
        "b": -0.6840810582725936
      },
      "rms": 0.04052880042327443,
      "aic": -47.291878976551104,
      "residuals": {
        "5": -0.002781491470662978,
        "6": -0.03146540733719316,
        "7": -0.02452686718063868,
        "8": -0.007999786900623196,
        "9": 0.05070869050183102,
        "10": 0.05885822680493025,
        "12": 0.026174310938401835,
        "15": -0.0689676753560442
      },
      "q20_pred": 4.486502054919474,
      "q25_pred": 4.87164404121392
    },
    "sqrt": {
      "params": {
        "a": 1.150110817634296,
        "b": -0.39194817932732406
      },
      "rms": 0.08211469823006134,
      "aic": -35.994212002666416,
      "residuals": {
        "5": -0.08877779056082602,
        "6": -0.04823647153185817,
        "7": -0.0009590242981833974,
        "8": 0.035943546266462345,
        "9": 0.10061572642443561,
        "10": 0.10397843400440099,
        "12": 0.03884743837295579,
        "15": -0.14141186366330016
      },
      "q20_pred": 4.751503760448976,
      "q25_pred": 5.358605908844156
    }
  },
  "best_model_global": "quadratic",
  "aic_ranking_global": [
    [
      "quadratic",
      -62.21663341355182
    ],
    [
      "logarithmic",
      -47.291878976551104
    ],
    [
      "sqrt",
      -35.994212002666416
    ],
    [
      "power_law",
      -34.93855264776608
    ],
    [
      "linear",
      -28.758166829834465
    ]
  ],
  "fit_results_last-pair": {
    "linear": {
      "params": {
        "a": 0.19994736842105265,
        "b": 1.256598684210525
      },
      "rms": 0.11529238075089998,
      "aic": -30.564542973486887,
      "residuals": {
        "5": -0.15633552631578818,
        "6": -0.05428289473684078,
        "7": 0.013769736842106362,
        "8": 0.04082236842105358,
        "9": 0.10287500000000094,
        "10": 0.1609276315789483,
        "12": 0.07803289473684316,
        "15": -0.1858092105263145
      },
      "q20_pred": 5.255546052631578,
      "q25_pred": 6.255282894736841
    },
    "quadratic": {
      "params": {
        "a": -0.011829108953304912,
        "b": 0.43528437812364495,
        "c": 0.20909995716131102
      },
      "rms": 0.019968000268807927,
      "aic": -56.61798837333095,
      "residuals": {
        "5": 0.010205876053086982,
        "6": 0.007041696415796217,
        "7": -0.006464265314884976,
        "8": -0.037312009138956714,
        "9": -0.009501535056418042,
        "10": 0.037967156932730006,
        "12": 0.004879194630857064,
        "15": -0.006816114522380623
      },
      "q20_pred": 4.183143938312246,
      "q25_pred": 3.698016314436865
    },
    "power_law": {
      "params": {
        "a": 0.8472583337681695,
        "b": 0.5903673903779886
      },
      "rms": 0.07540937988639243,
      "aic": -37.357177760466904,
      "residuals": {
        "5": -0.09111386361689533,
        "6": -0.038118807568600754,
        "7": -0.0026012907484518344,
        "8": 0.0051835210128521325,
        "9": 0.058944211841496674,
        "10": 0.11799297991622959,
        "12": 0.06008363733362376,
        "15": -0.12123272853127443
      },
      "q20_pred": 4.967084321485956,
      "q25_pred": 5.6664889231385525
    },
    "logarithmic": {
      "params": {
        "a": 1.8503907570846183,
        "b": -0.9035529177556145
      },
      "rms": 0.03582465998582027,
      "aic": -49.265900740607215,
      "residuals": {
        "5": 0.025463880485992352,
        "6": -0.009902243022819945,
        "7": -0.02714123617348907,
        "8": -0.047226490866542736,
        "9": -0.0031711313864835056,
        "10": 0.0598707442786055,
        "12": 0.03950462076979422,
        "15": -0.03739814408505637
      },
      "q20_pred": 4.63972239192878,
      "q25_pred": 5.0526251567836304
    },
    "sqrt": {
      "params": {
        "a": 1.2373271061470539,
        "b": -0.6031305274049069
      },
      "rms": 0.06661882862798985,
      "aic": -39.34028846814973,
      "residuals": {
        "5": -0.06361699234300344,
        "6": -0.025689527569893844,
        "7": -0.0005292858994168093,
        "8": 0.0004409781948711,
        "9": 0.050149208963745195,
        "10": 0.10735866131528926,
        "12": 0.05090370054717441,
        "15": -0.11901674851364952
      },
      "q20_pred": 4.9303645120909145,
      "q25_pred": 5.583505003330363
    }
  },
  "best_model_last-pair": "quadratic",
  "aic_ranking_last-pair": [
    [
      "quadratic",
      -56.61798837333095
    ],
    [
      "logarithmic",
      -49.265900740607215
    ],
    [
      "sqrt",
      -39.34028846814973
    ],
    [
      "power_law",
      -37.357177760466904
    ],
    [
      "linear",
      -30.564542973486887
    ]
  ],
  "qs": [
    5,
    6,
    7,
    8,
    9,
    10,
    12,
    15
  ],
  "alphas_global": [
    2.091,
    2.377,
    2.65,
    2.897,
    3.159,
    3.349,
    3.631,
    3.921
  ],
  "alphas_last_pair": [
    2.1,
    2.402,
    2.67,
    2.897,
    3.159,
    3.417,
    3.734,
    4.07
  ],
  "z_ms": [
    1.028,
    1.072,
    1.238,
    1.32,
    1.438,
    1.566,
    1.662,
    1.784
  ],
  "beta_mes": [
    0.125,
    0.26,
    0.418,
    0.564,
    0.709,
    1.285,
    1.307,
    1.353
  ],
  "component_fits": {
    "z_m_linear": {
      "slope": 0.0806842105263158,
      "intercept": 0.6623421052631578,
      "rms": 0.05905338797714277
    },
    "beta_me_linear": {
      "slope": 0.14005263157894737,
      "intercept": -0.5078486842105258,
      "rms": 0.17554688279548153
    }
  }
}