{
  "experiment": "041a",
  "model": "q=5 clock",
  "n": 8,
  "chi_max": 15,
  "n_generators": 24,
  "data": {
    "0.5": {
      "cv": 0.14093847164331938,
      "time": 16.470258951187134,
      "corr_time": 12.716401100158691
    },
    "1.0": {
      "cv": 0.5212984262042654,
      "time": 16.51248598098755,
      "corr_time": 12.761046648025513
    }
  },
  "total_runtime": 32.98737955093384
}