{
  "experiment": "040b",
  "model": "q=4 Potts (clock)",
  "n": 12,
  "chi_max": 20,
  "data": {
    "0.8": {
      "cv": 0.32262815528919664,
      "time": 19.74478268623352
    },
    "0.95": {
      "cv": 0.6930717433958217,
      "time": 17.764049530029297
    },
    "1.0": {
      "cv": 0.8379704144745387,
      "time": 17.495622873306274
    }
  },
  "total_runtime": 55.013094902038574
}