{
  "experiment": "091b_he_range_decomp",
  "timestamp": "2026-04-02 09:23:50",
  "data": {
    "fixed_nA4_q2": {
      "q": 2,
      "n": 8,
      "nA": 4,
      "dimA": 16,
      "var_nn": 0.999714230182139,
      "var_nnn": 0.9997142301821393,
      "var_all": 0.9997142301821398,
      "bw_fidelity": 0.9997372325241305,
      "bw_variance": 0.9994745340950073,
      "nnn_contribution": 3.3306690738754696e-16,
      "threebody_contribution": 4.440892098500626e-16,
      "residual": 0.00028576981786021527,
      "coefficients": {
        "range1/field_0": -1.5378913235887617,
        "range1/field_1": -3.8759147704932437,
        "range1/field_2": -3.875914777611705,
        "range1/field_3": -1.5378913776334153,
        "range2_nn/delta_0_1": -4.017927535416997,
        "range2_nn/delta_1_2": -4.903572127575024,
        "range2_nn/delta_2_3": -4.017927504285479,
        "range2_nnn/delta_0_2": 1.7843000859794753,
        "range2_nnn/delta_1_3": 1.7843000584951476,
        "range3/delta3_0_1_2": -3.568599788506273,
        "range3/delta3_1_2_3": -3.568599786682678
      },
      "time_s": 0.015439271926879883
    },
    "fixed_nA4_q3": {
      "q": 3,
      "n": 8,
      "nA": 4,
      "dimA": 81,
      "var_nn": 0.9991582655782243,
      "var_nnn": 0.9991785280321013,
      "var_all": 0.999185853981829,
      "bw_fidelity": 0.9993546419121921,
      "bw_variance": 0.9987097003114461,
      "nnn_contribution": 2.0262453876984665e-05,
      "threebody_contribution": 7.325949727743364e-06,
      "residual": 0.0008141460181709803,
      "coefficients": {
        "range1/field_0": -1.1687581379210927,
        "range1/field_1": -3.007843675432265,
        "range1/field_2": -3.0078721264000325,
        "range1/field_3": -1.168511251581737,
        "range2_nn/delta_0_1": -6.74750583869931,
        "range2_nn/delta_1_2": -9.955258987096663,
        "range2_nn/delta_2_3": -6.746930129750563,
        "range2_nnn/delta_0_2": -0.09926145478679121,
        "range2_nnn/delta_1_3": -0.0982505961902418,
        "range3/delta3_0_1_2": 0.11205920954248459,
        "range3/delta3_1_2_3": 0.11043814207555737
      },
      "time_s": 0.3836219310760498
    },
    "fixed_nA4_q4": {
      "q": 4,
      "n": 8,
      "nA": 4,
      "dimA": 256,
      "var_nn": 0.9900034737118691,
      "var_nnn": 0.9903172778991615,
      "var_all": 0.9904513689072033,
      "bw_fidelity": 0.9941683005196228,
      "bw_variance": 0.9883706097580752,
      "nnn_contribution": 0.0003138041872923214,
      "threebody_contribution": 0.00013409100804184781,
      "residual": 0.009548631092796689,
      "coefficients": {
        "range1/field_0": -0.8593405521099171,
        "range1/field_1": -2.3833230056912487,
        "range1/field_2": -2.3833106344819512,
        "range1/field_3": -0.8592754938818181,
        "range2_nn/delta_0_1": -6.826125010624407,
        "range2_nn/delta_1_2": -10.264926337847985,
        "range2_nn/delta_2_3": -6.826216125211234,
        "range2_nnn/delta_0_2": -0.13735929909591302,
        "range2_nnn/delta_1_3": -0.1375156529102608,
        "range3/delta3_0_1_2": -0.47264720584999154,
        "range3/delta3_1_2_3": -0.47239617156473807
      },
      "time_s": 5.298650026321411
    },
    "fixed_nA4_q5": {
      "q": 5,
      "n": 8,
      "nA": 4,
      "dimA": 625,
      "var_nn": 0.9707520224698453,
      "var_nnn": 0.9715271925079685,
      "var_all": 0.9727118450215219,
      "bw_fidelity": 0.9831856284706896,
      "bw_variance": 0.9666539800313049,
      "nnn_contribution": 0.0007751700381232185,
      "threebody_contribution": 0.0011846525135533748,
      "residual": 0.02728815497847814,
      "coefficients": {
        "range1/field_0": -0.6279775557588722,
        "range1/field_1": -1.907626261847632,
        "range1/field_2": -1.9076237853677358,
        "range1/field_3": -0.627959495940671,
        "range2_nn/delta_0_1": -6.446064021340207,
        "range2_nn/delta_1_2": -10.02836031340129,
        "range2_nn/delta_2_3": -6.446071622380126,
        "range2_nnn/delta_0_2": -0.11505494787168076,
        "range2_nnn/delta_1_3": -0.11509877368282857,
        "range3/delta3_0_1_2": -1.434605370721446,
        "range3/delta3_1_2_3": -1.434553400949347
      },
      "time_s": 43.12982249259949
    },
    "q2_nA3": {
      "q": 2,
      "n": 6,
      "nA": 3,
      "dimA": 8,
      "var_nn": 0.9998369592990941,
      "var_nnn": 0.9998369592990941,
      "var_all": 0.9998369592990944,
      "bw_fidelity": 0.9998535213235096,
      "bw_variance": 0.9997070641030217,
      "time_s": 0.01441192626953125
    },
    "q2_nA4": {
      "q": 2,
      "n": 8,
      "nA": 4,
      "dimA": 16,
      "var_nn": 0.9997142298823903,
      "var_nnn": 0.9997142298823906,
      "var_all": 0.9997142298823906,
      "bw_fidelity": 0.9997372322342319,
      "bw_variance": 0.9994745335153628,
      "time_s": 0.08835792541503906
    },
    "q2_nA5": {
      "q": 2,
      "n": 10,
      "nA": 5,
      "dimA": 32,
      "var_nn": 0.9748801452727073,
      "var_nnn": 0.9779294066023011,
      "var_all": 0.9779294066023001,
      "bw_fidelity": 0.9864230218898389,
      "bw_variance": 0.9730303781142816,
      "time_s": 0.0693047046661377
    },
    "q2_nA6": {
      "q": 2,
      "n": 12,
      "nA": 6,
      "dimA": 64,
      "var_nn": 0.8226545116126366,
      "var_nnn": 0.8483131854210134,
      "var_all": 0.848313185421013,
      "bw_fidelity": 0.9066199167433153,
      "bw_variance": 0.821959673435656,
      "time_s": 0.2117762565612793
    },
    "q2_nA7": {
      "q": 2,
      "n": 14,
      "nA": 7,
      "dimA": 128,
      "var_nn": 0.6264778102683775,
      "var_nnn": 0.6707261144571866,
      "var_all": 0.6707261144571872,
      "bw_fidelity": 0.7914681143092823,
      "bw_variance": 0.6264217759682911,
      "time_s": 1.0983057022094727
    },
    "q5_nA3": {
      "q": 5,
      "n": 6,
      "nA": 3,
      "dimA": 125,
      "var_nn": 0.99929870412997,
      "var_nnn": 0.9992987041346286,
      "var_all": 0.9993086192997503,
      "bw_fidelity": 0.9994877263062099,
      "bw_variance": 0.9989757150367573,
      "time_s": 1.2883453369140625
    },
    "q5_nA4": {
      "q": 5,
      "n": 8,
      "nA": 4,
      "dimA": 625,
      "var_nn": 0.9707536053736894,
      "var_nnn": 0.9715286846446078,
      "var_all": 0.9727133454322939,
      "bw_fidelity": 0.9831861257134495,
      "bw_variance": 0.9666549577954228,
      "time_s": 40.08520746231079
    }
  },
  "runtime_seconds": 91.75679516792297
}