{
  "n=8": {
    "n": 8,
    "dim": 256,
    "time_s": 0.04,
    "E0": -10.25166179,
    "gaps": [
      0.0,
      0.19698281,
      1.56072258,
      1.72771654,
      1.72771654,
      3.00264222,
      3.00264222,
      3.00264222,
      3.02540993,
      3.02540993,
      3.25845027,
      3.89250094
    ],
    "ratios": [
      1.0,
      7.923141,
      8.7709,
      8.7709,
      15.243169,
      15.243169,
      15.243169,
      15.358751,
      15.358751,
      16.5418,
      19.760613
    ]
  },
  "n=10": {
    "n": 10,
    "dim": 1024,
    "time_s": 0.05,
    "E0": -12.78490644,
    "gaps": [
      0.0,
      0.15740341,
      1.25147572,
      1.39347139,
      1.39347139,
      2.44169986,
      2.44169986,
      2.44169986,
      2.44169986,
      2.50854442,
      2.50854442,
      2.62953937
    ],
    "ratios": [
      1.0,
      7.950753,
      8.852866,
      8.852866,
      15.512369,
      15.512369,
      15.512369,
      15.512369,
      15.93704,
      15.93704,
      16.705733
    ]
  },
  "n=12": {
    "n": 12,
    "dim": 4096,
    "time_s": 0.1,
    "E0": -15.32259515,
    "gaps": [
      0.0,
      0.13108693,
      1.04420954,
      1.16636311,
      1.16636311,
      2.0528385,
      2.0528385,
      2.0528385,
      2.0528385,
      2.13108693,
      2.13108693,
      2.20163929
    ],
    "ratios": [
      1.0,
      7.965779,
      8.897631,
      8.897631,
      15.660132,
      15.660132,
      15.660132,
      15.660132,
      16.257052,
      16.257052,
      16.795262
    ]
  }
}