{
  "sprint": "047a",
  "q": 7,
  "n": 8,
  "chi_max": 20,
  "data": [
    {
      "g": 0.15,
      "cv": 0.5972942523624136,
      "E0": -7.227816160689036,
      "mi_mean": 1.1396642863381687,
      "mi_vals": [
        4.719765639649154e-06,
        0.9646378087634422,
        1.5563654985784083,
        1.7822930393653795,
        1.840842032457358,
        1.8441755703281602,
        1.7859361565782284,
        2.895492023924362e-08,
        0.9822596927915455,
        1.5794933382558716,
        1.8003498423271362,
        1.8659989488392839,
        1.8441796560913057,
        1.6157475357658768e-10,
        0.986717980951644,
        1.5848607177107832,
        1.800342018114685,
        1.840853535573165,
        0,
        0.9866560748899462,
        1.5793006604255941,
        1.7822889852510113,
        1.603197574695514e-10,
        0.9821112460692305,
        1.5563838334870752,
        2.9028003112330225e-08,
        0.964543878510923,
        4.724038094927607e-06
      ],
      "time_dmrg": 66.70433449745178,
      "time_mi": 1.9994404315948486,
      "status": "ok"
    },
    {
      "g": 0.2,
      "cv": 0.5114775807383942,
      "E0": -7.4094659693667255,
      "mi_mean": 1.3723153136870196,
      "mi_vals": [
        5.8061444541124274e-08,
        1.1370716358577662,
        1.830714320695206,
        2.137537022099221,
        2.25606515648861,
        2.2717970116499604,
        2.179940292261125,
        4.746114612430574e-10,
        1.1701732735501942,
        1.8746285335001032,
        2.176608656638787,
        2.2907363566433667,
        2.2717970918470654,
        4.32898161761841e-12,
        1.1798644242015324,
        1.8852299329989304,
        2.1766088929712204,
        2.2560656129873915,
        0.0,
        1.1798645385693445,
        1.8746287589896968,
        2.137537461591048,
        4.3298697960381105e-12,
        1.1701733462767976,
        1.8307146203872948,
        4.746061321725392e-10,
        1.1370717259497054,
        5.8062861185703696e-08
      ],
      "time_dmrg": 60.54744076728821,
      "time_mi": 1.815434217453003,
      "status": "ok"
    },
    {
      "g": 0.22,
      "cv": 0.5188758691121832,
      "E0": -7.498347401310756,
      "mi_mean": 1.3238796686892218,
      "mi_vals": [
        2.9020608138807802e-08,
        1.0643075737396228,
        1.749036620148857,
        2.068164857848904,
        2.205414619453631,
        2.228566090278474,
        2.129919123137212,
        2.7827073978414774e-10,
        1.1009101476625918,
        1.7993568347976776,
        2.114360560710324,
        2.2427188624093684,
        2.228566127393206,
        2.97983859809392e-12,
        1.1120626647881764,
        1.8116328518722682,
        2.114360538241859,
        2.2054146825674734,
        8.881784197001252e-16,
        1.1120626170356882,
        1.7993566968005879,
        2.068164851842161,
        2.97983859809392e-12,
        1.1009100318700447,
        1.749036791370301,
        2.7826896342730834e-10,
        1.0643075207264068,
        2.9020267078294637e-08
      ],
      "time_dmrg": 73.76052904129028,
      "time_mi": 1.7841377258300781,
      "status": "ok"
    },
    {
      "g": 0.24,
      "cv": 0.5257985550274042,
      "E0": -7.597157146188079,
      "mi_mean": 1.2619325411464877,
      "mi_vals": [
        1.594167464702423e-08,
        0.9865091174139642,
        1.6520466050738882,
        1.9752719851248672,
        2.12603012406818,
        2.1572595241359678,
        2.0552801531609366,
        1.731326193521454e-10,
        1.0255819315427326,
        1.7076887218707886,
        2.0274017728535343,
        2.1662266232387424,
        2.1572595063769904,
        2.0676793610618915e-12,
        1.0378378055079596,
        1.7213501369838031,
        2.02740192237889,
        2.1260302904979835,
        0,
        1.037837677384248,
        1.7076886211153117,
        1.9752718850275595,
        2.0659030042224913e-12,
        1.0255818300461765,
        1.652046393594627,
        1.731281784600469e-10,
        0.9865084924702603,
        1.5942184461437137e-08
      ],
      "time_dmrg": 69.50928020477295,
      "time_mi": 1.7706012725830078,
      "status": "ok"
    },
    {
      "g": 0.25,
      "cv": 0.5291996728471473,
      "E0": -7.650465530149582,
      "mi_mean": 1.2249284539892975,
      "mi_vals": [
        1.1930288756900609e-08,
        0.9446241279601151,
        1.5966425432202196,
        1.919046609074873,
        2.0738677795275966,
        2.1095634000574552,
        2.0070514944497484,
        1.3439294122008505e-10,
        0.9843699128939942,
        1.6544400920124969,
        1.9736003767126125,
        2.116038754980417,
        2.1095633004478405,
        1.659117287999834e-12,
        0.9969706901661262,
        1.668656600911988,
        1.9736004958686526,
        2.0738677974564723,
        0.0,
        0.9969706194914254,
        1.6544401082957858,
        1.9190465097923601,
        1.6573409311604337e-12,
        0.9843698143174073,
        1.5966421930974648,
        1.3439738211218355e-10,
        0.9446234668324651,
        1.1930420207306724e-08
      ],
      "time_dmrg": 66.296865940094,
      "time_mi": 1.7394239902496338,
      "status": "ok"
    },
    {
      "g": 0.26,
      "cv": 0.4252350019737326,
      "E0": -7.7064873785780845,
      "mi_mean": 1.1879036398283194,
      "mi_vals": [
        7.3508665821009345e-09,
        0.9041981888127109,
        1.5419818934392797,
        1.8625104795098189,
        2.019957934346097,
        2.0600360507133044,
        1.9574711519416228,
        8.22577561621074e-11,
        0.9444160775012662,
        1.6018064577162434,
        1.9192812659286846,
        2.0643955831056475,
        2.060036143959884,
        1.0329515021112456e-12,
        0.9572657448177067,
        1.6165261742185617,
        1.9192812811392606,
        2.0199580302672318,
        0.0,
        0.9572657994629141,
        1.6018065468068974,
        1.862510573972259,
        1.0329515021112456e-12,
        0.9444163364595486,
        1.5419821091580443,
        8.22346635231952e-11,
        0.9041980770475018,
        7.351041553249615e-09
      ],
      "time_dmrg": 68.02366018295288,
      "time_mi": 1.7524733543395996,
      "status": "ok"
    },
    {
      "g": 0.27,
      "cv": 0.42876736230200274,
      "E0": -7.7653092777018635,
      "mi_mean": 1.1456903739972302,
      "mi_vals": [
        5.936602320844031e-09,
        0.8614871662409467,
        1.4814367725337991,
        1.7975773625066336,
        1.955869325851487,
        1.9994991017576567,
        1.8979420415156425,
        7.056577544517495e-11,
        0.9016593667766131,
        1.5426576431712236,
        1.8559742449578205,
        2.0022382064256083,
        1.9994990987752783,
        9.308109838457312e-13,
        0.9145561225441625,
        1.557713130378068,
        1.8559748104427092,
        1.955869776941714,
        8.881784197001252e-16,
        0.9145561801446354,
        1.5426583651000363,
        1.7975773804719912,
        9.334755191048316e-13,
        0.9016602964889637,
        1.4814359943815338,
        7.056222273149615e-11,
        0.8614880724995517,
        5.936770186565354e-09
      ],
      "time_dmrg": 69.90126872062683,
      "time_mi": 1.8075735569000244,
      "status": "ok"
    },
    {
      "g": 0.28,
      "cv": 0.43193320243649225,
      "E0": -7.8270328866234795,
      "mi_mean": 1.1076438145396434,