{
  "experiment": "117b_alpha_refit_q30",
  "sprint": 117,
  "timestamp": "2026-04-08 00:19:34",
  "data": {},
  "fit_results": {
    "linear": {
      "params": {
        "a": 0.13032377136065773,
        "b": 1.8237641474004551
      },
      "rms": 0.21720270162709387,
      "aic": -29.592333556523776,
      "residuals": {
        "5": -0.3843830042037437,
        "6": -0.2287067755644019,
        "7": -0.08603054692505951,
        "8": 0.030645681714282613,
        "9": 0.16232191035362487,
        "10": 0.2219981389929675,
        "12": 0.243350596271652,
        "15": 0.14237928218967877,
        "20": 0.15976042538638957,
        "25": 0.08814156858310174,
        "30": -0.34947728822018664
      }
    },
    "quadratic": {
      "params": {
        "a": -0.0038788551637558566,
        "b": 0.26208121829820574,
        "c": 0.9971043853594166
      },
      "rms": 0.0851886674618789,
      "aic": -48.18351103009739,
      "residuals": {
        "5": -0.1195390977565487,
        "6": -0.05295290925344043,
        "7": 0.008390989577180097,
        "8": 0.05149259873531209,
        "9": 0.11735191822095636,
        "10": 0.11896894803411184,
        "12": 0.04747613864295763,
        "15": -0.13458024798743518,
        "20": -0.09718668582118895,
        "25": 0.04514963453285059,
        "30": 0.015428713074681966
      }
    },
    "power_law": {
      "params": {
        "a": 1.0223200435863828,
        "b": 0.4978672928118148
      },
      "rms": 0.1101098291858765,
      "aic": -44.538093211568494,
      "residuals": {
        "5": -0.18714403871295238,
        "6": -0.11761156887930868,
        "7": -0.04360276377928907,
        "8": 0.018237460952685414,
        "9": 0.10637813575916022,
        "10": 0.13197698095086619,
        "12": 0.10829787744022745,
        "15": -0.015626819271589376,
        "20": 0.047162967211304085,
        "25": 0.09337033428726915,
        "30": -0.17500719173032664
      }
    },
    "logarithmic": {
      "params": {
        "a": 1.865759104639286,
        "b": -0.9692995960982296
      },
      "rms": 0.06835053040089667,
      "aic": -55.02833102695422,
      "residuals": {
        "5": 0.057476157622661006,
        "6": 0.0033080530623310622,
        "7": -0.011299981311711615,
        "8": -0.01343739285607759,
        "9": 0.0288078359959707,
        "10": 0.02223049463789195,
        "12": -0.035937609922437996,
        "15": -0.16226972242846882,
        "20": -0.030015168346877452,
        "25": 0.13365271914709265,
        "30": 0.007484614586762639
      }
    },
    "sqrt": {
      "params": {
        "a": 1.0224910687380315,
        "b": -0.023436894754142346
      },
      "rms": 0.11000430161629732,
      "aic": -44.559187783735695,
      "residuals": {
        "5": -0.1719226413305064,
        "6": -0.10414449020707561,
        "7": -0.03182019091133936,
        "8": 0.028395421124772557,
        "9": 0.11496368854004757,
        "10": 0.1390362303621746,
        "12": 0.11242393207479884,
        "15": -0.015653986114077423,
        "20": 0.040717822584844576,
        "25": 0.08098155106398419,
        "30": -0.1929773371997099
      }
    },
    "log+loglog": {
      "params": {
        "a": 2.407926795906731,
        "b": -1.3234824656236017,
        "c": -1.1470255762329562
      },
      "rms": 0.060152406868704024,
      "aic": -55.839224104233644,
      "residuals": {
        "5": -0.007557652496504197,
        "6": -0.01854762763971296,
        "7": -0.007501882960923467,
        "8": 0.005803244257005957,
        "9": 0.057108430188448356,
        "10": 0.05539654800404792,
        "12": -0.000767545454122498,
        "15": -0.13426959609288458,
        "20": -0.024368432206934187,
        "25": 0.11340181137275884,
        "30": -0.03869740143372802
      }
    }
  },
  "best_model": "log+loglog",
  "qs": [
    5,
    6,
    7,
    8,
    9,
    10,
    12,
    15,
    20,
    25,
    30
  ],
  "alphas": [
    2.091,
    2.377,
    2.65,
    2.897,
    3.159,
    3.349,
    3.631,
    3.921,
    4.59,
    5.17,
    5.384
  ],
  "note": "q=30 uses pairwise(3,4) alpha -- lower bound on global",
  "loo_logarithmic": {
    "rms": 0.08451478633556056,
    "errors": [
      0.0803786447017325,
      0.004178573106745187,
      -0.013428218304827322,
      -0.015381192627707208,
      0.03224399688701407,
      0.024580816868402522,
      -0.03956850190809602,
      -0.18296022893794328,
      -0.03673282823413082,
      0.1830414319937006,
      0.011733923733580731
    ]
  },
  "loo_log+loglog": {
    "rms": 0.08110339391971072,
    "errors": [
      -0.02158728804999477,
      -0.024715276164708477,
      -0.008927994484471125,
      0.006894865039366316,
      0.06927964799438646,
      0.06843630362156938,
      -0.0009576432010662828,
      -0.1638918047628004,
      -0.02992307055849519,
      0.16321776957849465,
      -0.08527129025194213
    ]
  }
}