{
  "experiment": "107c_ent_spectrum_connection",
  "timestamp": "2026-04-02 18:33:20",
  "data": {
    "q2": {
      "q": 2,
      "sizes": {
        "6": {
          "dim": 64,
          "nA": 3,
          "energy_multiplet_gap": 1.035276180410114,
          "entanglement_gap": 1.2636715524463245,
          "me_sq": 3.7320508075688648,
          "S_total": 0.5877379107652341,
          "S_lev0_frac": 0.34093243279817215,
          "S_lev1_frac": 0.564950268953669,
          "time_s": 0.04185628890991211
        },
        "8": {
          "dim": 256,
          "nA": 4,
          "energy_multiplet_gap": 0.7803612880644764,
          "entanglement_gap": 1.1747627832991632,
          "me_sq": 3.847759065022579,
          "S_total": 0.6350956654986205,
          "S_lev0_frac": 0.3388114410808391,
          "S_lev1_frac": 0.5336523072028843,
          "time_s": 0.003105640411376953
        },
        "10": {
          "dim": 1024,
          "nA": 5,
          "energy_multiplet_gap": 0.6257378601609478,
          "entanglement_gap": 1.1139766134071212,
          "me_sq": 3.9021130325903033,
          "S_total": 0.6720147574191042,
          "S_lev0_frac": 0.3362399976775736,
          "S_lev1_frac": 0.5105721931088063,
          "time_s": 0.006873130798339844
        },
        "12": {
          "dim": 4096,
          "nA": 6,
          "energy_multiplet_gap": 0.5221047688801548,
          "entanglement_gap": 1.0688360538201531,
          "me_sq": 3.9318516525781426,
          "S_total": 0.7022545114918086,
          "S_lev0_frac": 0.3336799580445634,
          "S_lev1_frac": 0.49261276101262885,
          "time_s": 0.022416114807128906
        }
      },
      "z_energy": 0.987549975011318,
      "z_ent": 0.24186061789810082,
      "beta_me": 0.07556607352963848,
      "gap_ratios": [
        1.220612988454669,
        1.5054088423746872,
        1.7802608477623396,
        2.0471677669458264
      ]
    },
    "q3": {
      "q": 3,
      "sizes": {
        "6": {
          "dim": 729,
          "nA": 3,
          "energy_multiplet_gap": 0.7683639309278636,
          "entanglement_gap": 1.4782977420219106,
          "me_sq": 13.098871247927681,
          "S_total": 0.9370838114397726,
          "S_lev0_frac": 0.2833199547209184,
          "S_lev1_frac": 0.6146067334479067,
          "time_s": 0.005462169647216797
        },
        "8": {
          "dim": 6561,
          "nA": 4,
          "energy_multiplet_gap": 0.5710777189281355,
          "entanglement_gap": 1.3823422463301167,
          "me_sq": 14.644577515883142,
          "S_total": 1.0129518708210608,
          "S_lev0_frac": 0.27797793787136466,
          "S_lev1_frac": 0.5829167131717139,
          "time_s": 0.04703950881958008
        },
        "10": {
          "dim": 59049,
          "nA": 5,
          "energy_multiplet_gap": 0.45387022935335253,
          "entanglement_gap": 1.3164057275295211,
          "me_sq": 15.91068267480516,
          "S_total": 1.0720747526601226,
          "S_lev0_frac": 0.27312924068833405,
          "S_lev1_frac": 0.5591089295952772,
          "time_s": 0.7932596206665039
        }
      },
      "z_energy": 1.0306327020135384,
      "z_ent": 0.22735016668338648,
      "beta_me": 0.3810195192209807,
      "gap_ratios": [
        1.9239551500507612,
        2.420585150694823,
        2.900401133172048
      ]
    },
    "q5": {
      "q": 5,
      "sizes": {
        "6": {
          "dim": 15625,
          "nA": 3,
          "energy_multiplet_gap": 0.502946837008234,
          "entanglement_gap": 1.79155956646284,
          "me_sq": 54.14345168045025,
          "S_total": 1.3737974922843403,
          "S_lev0_frac": 0.22856178061967974,
          "S_lev1_frac": 0.6604389111824278,
          "time_s": 0.21679306030273438
        },
        "7": {
          "dim": 78125,
          "nA": 3,
          "energy_multiplet_gap": 0.4206341237970159,
          "entanglement_gap": 1.7448987588021478,
          "me_sq": 60.85020042290008,
          "S_total": 1.4225777771974242,
          "S_lev0_frac": 0.22536371567949032,
          "S_lev1_frac": 0.6455392509468816,
          "time_s": 1.4586546421051025
        },
        "8": {
          "dim": 390625,
          "nA": 4,
          "energy_multiplet_gap": 0.3604829183310674,
          "entanglement_gap": 1.6916098176935435,
          "me_sq": 67.44776847715494,
          "S_total": 1.4833094336568757,
          "S_lev0_frac": 0.2211251380642534,
          "S_lev1_frac": 0.6268416514355042,
          "time_s": 11.520085573196411
        }
      },
      "z_energy": 1.1577106145465557,
      "z_ent": 0.198821610586574,
      "beta_me": 0.7635892877798378,
      "gap_ratios": [
        3.5621251286117737,
        4.148257737748776,
        4.692621291253444
      ]
    },
    "q7": {
      "q": 7,
      "sizes": {
        "6": {
          "dim": 117649,
          "nA": 3,
          "energy_multiplet_gap": 0.3653087547345324,
          "entanglement_gap": 2.0275332398095607,
          "me_sq": 132.54522446535339,
          "S_total": 1.6526544262399192,
          "S_lev0_frac": 0.20110072446577007,
          "S_lev1_frac": 0.6831856777248756,
          "time_s": 2.829313278198242
        },
        "7": {
          "dim": 823543,
          "nA": 3,
          "energy_multiplet_gap": 0.2984979792894036,
          "entanglement_gap": 1.9821673734202627,
          "me_sq": 154.8725467159126,
          "S_total": 1.7093622379385165,
          "S_lev0_frac": 0.19768739633524407,
          "S_lev1_frac": 0.6676388490240136,
          "time_s": 21.775742053985596
        }
      }
    }
  }
}