{
  "experiment": "position_dependent_qubit_loss",
  "state": "linear_cluster_8",
  "single_loss": {
    "0": {
      "entropy": 1.9999999999999996,
      "position": "edge"
    },
    "1": {
      "entropy": 1.9999999999999996,
      "position": "near-edge"
    },
    "2": {
      "entropy": 1.9999999999999996,
      "position": "interior"
    },
    "3": {
      "entropy": 1.0000000000000027,
      "position": "interior"
    },
    "4": {
      "entropy": 1.0000000000000044,
      "position": "interior"
    },
    "5": {
      "entropy": 1.0000000000000044,
      "position": "interior"
    },
    "6": {
      "entropy": 1.0000000000000044,
      "position": "near-edge"
    },
    "7": {
      "entropy": 1.0000000000000044,
      "position": "edge"
    }
  },
  "two_loss": {
    "0,1": 1.9999999999999996,
    "0,2": 2.999999999999998,
    "0,3": 2.999999999999998,
    "0,4": 1.9999999999999993,
    "0,5": 1.9999999999999996,
    "0,6": 1.9999999999999996,
    "0,7": 1.9999999999999996,
    "1,2": 2.999999999999998,
    "1,3": 2.999999999999998,
    "1,4": 1.9999999999999996,
    "1,5": 1.9999999999999996,
    "1,6": 1.9999999999999996,
    "1,7": 1.9999999999999996,
    "2,3": 1.9999999999999996,
    "2,4": 1.9999999999999998,
    "2,5": 1.9999999999999996,
    "2,6": 1.9999999999999996,
    "2,7": 1.9999999999999996,
    "3,4": 1.0000000000000027,
    "3,5": 1.0000000000000027,
    "3,6": 1.0000000000000027,
    "3,7": 1.0000000000000027,
    "4,5": 1.0000000000000044,
    "4,6": 1.0000000000000044,
    "4,7": 1.0000000000000044,
    "5,6": 1.0000000000000044,
    "5,7": 1.0000000000000044,
    "6,7": 1.0000000000000044
  },
  "adjacent_pair_mean_entropy": 1.571428571428573,
  "nonadjacent_pair_mean_entropy": 1.8571428571428579,
  "runtime_seconds": 1.5276823043823242
}