{
  "experiment": "037a2",
  "sizes": {
    "24": {
      "0.9": {
        "cv": 0.44715851336670454,
        "time": 5.484499931335449
      },
      "0.93": {
        "cv": 0.5805600719546484,
        "time": 5.621070623397827
      },
      "0.95": {
        "cv": 0.6905383165804808,
        "time": 5.368377447128296
      },
      "0.97": {
        "cv": 0.8129588376907315,
        "time": 5.378578424453735
      },
      "1.0": {
        "cv": 1.0069156072096623,
        "time": 5.465522289276123
      },
      "1.03": {
        "cv": 1.1964384109416006,
        "time": 5.533637285232544
      },
      "1.05": {
        "cv": 1.3140770574977962,
        "time": 5.457371234893799
      }
    },
    "32": {
      "0.93": {
        "cv": 0.5166190074962395,
        "time": 8.976309776306152
      },
      "0.96": {
        "cv": 0.7215538842202959,
        "time": 9.065763711929321
      }
    }
  },
  "crossings_combined": {
    "8_12": {
      "h_c": [
        0.8948992511552735
      ],
      "n_eff": 9.797958971132712
    },
    "12_16": {
      "h_c": [
        0.9341317660909538
      ],
      "n_eff": 13.856406460551018
    }
  },
  "total_runtime": 56.36286449432373
}