{
  "experiment": "039c",
  "model": "q=3 Potts data collapse",
  "sizes_available": [
    8,
    12,
    16
  ],
  "points_per_size": {
    "8": 13,
    "12": 7,
    "16": 6
  },
  "fixed_gc1": {
    "nu_opt": 1.506204716362401,
    "quality_opt": 0.01982701220042522,
    "quality_potts_5_6": 0.024051632655764918,
    "quality_ising_1": 0.021499580954746536,
    "potts_ising_ratio": 1.1187023926833772
  },
  "joint_opt": {
    "all": {
      "sizes": [
        8,
        12,
        16
      ],
      "nu_opt": 0.8144270875491197,
      "gc_opt": 0.9155448872596024,
      "quality_opt": 0.005315139135322067,
      "quality_potts": 0.005330369229801055,
      "quality_ising": 0.006158179982847598,
      "ratio": 0.8655754207651858
    },
    "large (12+)": {
      "sizes": [
        12,
        16
      ],
      "nu_opt": 0.8745623744092881,
      "gc_opt": 0.9388223024085163,
      "quality_opt": 0.0006545274616722259,
      "quality_potts": 0.0006776467336011478,
      "quality_ising": 0.0007863945023629947,
      "ratio": 0.8617134676869224
    }
  },
  "crossings": {
    "(8,12)": 0.923425824217806,
    "(8,16)": 0.9381720167781687,
    "(12,16)": 0.9551132492179784
  },
  "nu_from_crossings": {},
  "slopes": {
    "8": 2.271136757281741,
    "12": 3.9834484926801172,
    "16": 5.814474731049946
  },
  "slope_exponent": 1.3581705958157397,
  "total_runtime": 0.1003713607788086
}