{
  "n_qubits": 6,
  "noise_levels": [
    0.0,
    0.01,
    0.02,
    0.03,
    0.04,
    0.05,
    0.06,
    0.07,
    0.08,
    0.09,
    0.1,
    0.15,
    0.2,
    0.25,
    0.3,
    0.35,
    0.4,
    0.45,
    0.5,
    0.6,
    0.7,
    0.8,
    0.9,
    1.0
  ],
  "GHZ": {
    "phi": [
      2.0,
      1.974653,
      1.950258,
      1.926229,
      1.902444,
      1.878843,
      1.855393,
      1.83207,
      1.808858,
      1.785746,
      1.762724,
      1.648753,
      1.536343,
      1.425239,
      1.315311,
      1.206499,
      1.098787,
      0.992193,
      0.886769,
      0.679823,
      0.479287,
      0.288104,
      0.114156,
      0.0
    ],
    "negativity": [
      0.5,
      0.494844,
      0.489687,
      0.484531,
      0.479375,
      0.474219,
      0.469062,
      0.463906,
      0.45875,
      0.453594,
      0.448437,
      0.422656,
      0.396875,
      0.371094,
      0.345312,
      0.319531,
      0.29375,
      0.267969,
      0.242187,
      0.190625,
      0.139063,
      0.0875,
      0.035938,
      0.0
    ],
    "phi_death": 1.0,
    "neg_death": 1.0
  },
  "W": {
    "phi": [
      1.300045,
      1.286145,
      1.273082,
      1.260274,
      1.247599,
      1.234999,
      1.222441,
      1.209905,
      1.197376,
      1.184843,
      1.172298,
      1.109223,
      1.045328,
      0.980476,
      0.914639,
      0.847838,
      0.780126,
      0.71158,
      0.642297,
      0.502033,
      0.360774,
      0.221186,
      0.089756,
      0.0
    ],
    "negativity": [
      0.5,
      0.494844,
      0.489688,
      0.484531,
      0.479375,
      0.474219,
      0.469063,
      0.463906,
      0.45875,
      0.453594,
      0.448438,
      0.422656,
      0.396875,
      0.371094,
      0.345313,
      0.319531,
      0.29375,
      0.267969,
      0.242188,
      0.190625,
      0.139063,
      0.0875,
      0.035938,
      0.0
    ],
    "phi_death": 1.0,
    "neg_death": 1.0
  },
  "Cluster_1D": {
    "phi": [
      2.0,
      1.974653,
      1.950258,
      1.926229,
      1.902444,
      1.878843,
      1.855393,
      1.83207,
      1.808858,
      1.785746,
      1.762724,
      1.648753,
      1.536343,
      1.425239,
      1.315311,
      1.206499,
      1.098787,
      0.992193,
      0.886769,
      0.679823,
      0.479287,
      0.288104,
      0.114156,
      -0.0
    ],
    "negativity": [
      0.5,
      0.494844,
      0.489687,
      0.484531,
      0.479375,
      0.474219,
      0.469062,
      0.463906,
      0.45875,
      0.453594,
      0.448437,
      0.422656,
      0.396875,
      0.371094,
      0.345312,
      0.319531,
      0.29375,
      0.267969,
      0.242187,
      0.190625,
      0.139062,
      0.0875,
      0.035938,
      0.0
    ],
    "phi_death": 1.0,
    "neg_death": 1.0
  },
  "Cluster_2D": {
    "phi": [
      2.0,
      1.974653,
      1.950258,
      1.926229,
      1.902444,
      1.878843,
      1.855393,
      1.83207,
      1.808858,
      1.785746,
      1.762724,
      1.648753,
      1.536343,
      1.425239,
      1.315311,
      1.206499,
      1.098787,
      0.992193,
      0.886769,
      0.679823,
      0.479287,
      0.288104,
      0.114156,
      0.0
    ],
    "negativity": [
      3.5,
      3.460625,
      3.42125,
      3.381875,
      3.3425,
      3.303125,
      3.26375,
      3.224375,
      3.185,
      3.145625,
      3.10625,
      2.909375,
      2.7125,
      2.515625,
      2.31875,
      2.121875,
      1.925,
      1.728125,
      1.53125,
      1.1375,
      0.74375,
      0.35,
      0.0,
      0.0
    ],
    "phi_death": 1.0,
    "neg_death": 0.9
  }
}