{
  "experiment": "078b_sq_dmrg_walking",
  "timestamp": "2026-04-02 04:50:43",
  "q": 5,
  "gc": 0.2,
  "gap_data": [
    {
      "n": 8,
      "chi": 40,
      "E0": -8.633720828801469,
      "E1": -8.398172860964388,
      "gap": 0.2355479678370802,
      "gapN": 1.8843837426966417,
      "S_mid": 0.6245057056774049,
      "S_profile": [
        0.4410779218061769,
        0.5586490753304679,
        0.6095531673484057,
        0.6245057056774049,
        0.6095531694189346,
        0.5586490758650183,
        0.4410779218324851
      ],
      "time_s": 105.97095918655396
    },
    {
      "n": 12,
      "chi": 60,
      "E0": -13.129057977651385,
      "E1": -12.962168630089325,
      "gap": 0.1668893475620603,
      "gapN": 2.0026721707447237,
      "S_mid": 0.705592486274289,
      "S_profile": [
        0.4462107555382036,
        0.5736526185473383,
        0.6402134173132198,
        0.6786228882007096,
        0.699114790238651,
        0.705592486274289,
        0.6991147903970465,
        0.6786228886010791,
        0.6402134184919098,
        0.5736526196799495,
        0.44621075607615673
      ],
      "time_s": 288.5312719345093
    }
  ],
  "walking_breakdown_n": null
}