{
  "experiment": "096b_spectrum_vs_nA_q35",
  "timestamp": "2026-04-02 11:07:35",
  "data": {
    "q3": {
      "n": 10,
      "q": 3,
      "g_c": 0.3333333333333333,
      "E0": -11.489711044151978,
      "nA_data": {
        "nA3": {
          "nA": 3,
          "dimA": 27,
          "ratio_nA_n": 0.3,
          "S_vN": 1.015313812890314,
          "lev0_weight": 0.6461272035938938,
          "lev1_weight": 0.32572344320311974,
          "tail_weight": 0.028149353202986557,
          "pct_S_lev0": 0.27794539326088036,
          "pct_S_lev1": 0.5822243448317529,
          "pct_S_tail": 0.1398302619073666,
          "ent_gap": 1.3780948869511571,
          "n_significant": 18,
          "participation": 2.1242539986404414,
          "R2": 0.9989658848154799,
          "one_minus_R2": 0.0010341151845201235,
          "alpha": 7.589869108456186,
          "top_10_schmidt": [
            0.6461272035938938,
            0.16286172160157028,
            0.16286172160154944,
            0.009964805279028464,
            0.009964805279027862,
            0.004853926620892787,
            0.0011581625040458167,
            0.0011581625040458002,
            0.0005998006601762056,
            0.00015832131899671474
          ]
        },
        "nA4": {
          "nA": 4,
          "dimA": 81,
          "ratio_nA_n": 0.4,
          "S_vN": 1.0586447488204158,
          "lev0_weight": 0.6312925666862833,
          "lev1_weight": 0.33375710327754976,
          "tail_weight": 0.03495033003616718,
          "pct_S_lev0": 0.27429943780182764,
          "pct_S_lev1": 0.5644843670966551,
          "pct_S_tail": 0.1612161951015173,
          "ent_gap": 1.3305030985337107,
          "n_significant": 23,
          "participation": 2.199921631709687,
          "R2": 0.9990453728382755,
          "one_minus_R2": 0.0009546271617244528,
          "alpha": 7.634869144730177,
          "top_10_schmidt": [
            0.6312925666862833,
            0.16687855163878587,
            0.1668785516387639,
            0.012083378305120844,
            0.012083378305120062,
            0.006082904870534379,
            0.0015140858567555273,
            0.001514085856755498,
            0.0007959352708761053,
            0.0003004370413179053
          ]
        },
        "nA5": {
          "nA": 5,
          "dimA": 243,
          "ratio_nA_n": 0.5,
          "S_vN": 1.0720747526628394,
          "lev0_weight": 0.6267638207768301,
          "lev1_weight": 0.33606723406321837,
          "tail_weight": 0.03716894515995115,
          "pct_S_lev0": 0.27312924068764166,
          "pct_S_lev1": 0.5591089295938608,
          "pct_S_tail": 0.16776182971849743,
          "ent_gap": 1.3164057275296626,
          "n_significant": 24,
          "participation": 2.2238169263521663,
          "R2": 0.7888523022232308,
          "one_minus_R2": 0.21114769777676923,
          "alpha": 9.19506785455102,
          "top_10_schmidt": [
            0.6267638207768301,
            0.1680336170316204,
            0.16803361703159797,
            0.012755767059863702,
            0.012755767059862836,
            0.006483229682539433,
            0.0016345085431130535,
            0.0016345085431129992,
            0.0008632121377427797,
            0.0003541158480323624
          ]
        }
      }
    },
    "q5": {
      "n": 8,
      "q": 5,
      "g_c": 0.2,
      "E0": -9.05127344578809,
      "nA_data": {
        "nA3": {
          "nA": 3,
          "dimA": 125,
          "ratio_nA_n": 0.375,
          "S_vN": 1.452650364668428,
          "lev0_weight": 0.5606671945430797,
          "lev1_weight": 0.40267122038176584,
          "tail_weight": 0.036661585075154164,
          "pct_S_lev0": 0.2233280802654172,
          "pct_S_lev1": 0.6364261160486078,
          "pct_S_tail": 0.14024580368597508,
          "ent_gap": 1.7173014558417352,
          "n_significant": 46,
          "participation": 2.8163368417950703,
          "R2": 0.9978894043447898,
          "one_minus_R2": 0.0021105956552102123,
          "alpha": 9.245839733369863,
          "top_10_schmidt": [
            0.5606671945430797,
            0.1006678050954693,
            0.10066780509545172,
            0.10066780509543878,
            0.10066780509540606,
            0.006095220629338773,
            0.006095220629338242,
            0.006095220629337832,
            0.0060952206293371095,
            0.005881164771922324
          ]
        },
        "nA4": {
          "nA": 4,
          "dimA": 625,
          "ratio_nA_n": 0.5,
          "S_vN": 1.4833094336647594,
          "lev0_weight": 0.5520132801382585,
          "lev1_weight": 0.4067735521316306,
          "tail_weight": 0.04121316773011081,
          "pct_S_lev0": 0.22112513806307538,
          "pct_S_lev1": 0.6268416514321639,
          "pct_S_tail": 0.1520332105047608,
          "ent_gap": 1.6916098176936085,
          "n_significant": 50,
          "participation": 2.8875265953798155,
          "R2": 0.9544405618676455,
          "one_minus_R2": 0.045559438132354524,
          "alpha": 9.52126670209068,
          "top_10_schmidt": [
            0.5520132801382585,
            0.10169338803293583,
            0.10169338803291812,
            0.10169338803290497,
            0.10169338803287163,
            0.00675779357558504,
            0.006757793575584485,
            0.0067577935755839605,
            0.006757793575583202,
            0.0066323848855678455
          ]
        }
      }
    }
  }
}