{
  "q": 10,
  "gc": 0.684,
  "sizes": {
    "4": {
      "dim": 10000,
      "E0": -6.393151976419253,
      "E0_per_site": -1.5982879941048131,
      "gap1": 0.06049933014153819,
      "gap1_x_N": 0.24199732056615275,
      "gap2": 0.06049933014155329,
      "gap2_x_N": 0.24199732056621315,
      "ratio_21": 1.0000000000002496,
      "evals": [
        -6.393151976419253,
        -6.332652646277714,
        -6.332652646277699,
        -6.17178360794066,
        -6.171783607940658,
        -5.927752356963673
      ],
      "time_s": 0.06038045883178711
    },
    "5": {
      "dim": 100000,
      "E0": -7.95041776501261,
      "E0_per_site": -1.5900835530025221,
      "gap1": 0.04989912253810669,
      "gap1_x_N": 0.24949561269053344,
      "gap2": 0.04989912253811646,
      "gap2_x_N": 0.2494956126905823,
      "ratio_21": 1.0000000000001958,
      "evals": [
        -7.95041776501261,
        -7.900518642474504,
        -7.900518642474494,
        -7.767198128470974,
        -7.7671981284709695,
        -7.56174424532732
      ],
      "time_s": 0.7671327590942383
    },
    "6": {
      "dim": 1000000,
      "E0": -9.5170045235204,
      "E0_per_site": -1.5861674205867333,
      "gap1": 0.04250348192252318,
      "gap1_x_N": 0.25502089153513907,
      "gap2": 0.04250348192254272,
      "gap2_x_N": 0.2550208915352563,
      "ratio_21": 1.0000000000004596,
      "evals": [
        -9.5170045235204,
        -9.474501041597877,
        -9.474501041597858,
        -9.360397105170549,
        -9.360397105170515,
        -9.182850632688897
      ],
      "time_s": 11.572035551071167
    }
  }
}