{
  "XX": {
    "params": {
      "Delta": 0.0,
      "J2": 0.0,
      "v_exact": 1.0
    },
    "sizes": [
      8,
      10,
      12,
      14,
      16,
      18,
      20,
      22
    ],
    "energies": {
      "8": -2.6131259297527554,
      "10": -3.2360679774997885,
      "12": -3.8637033051562706,
      "14": -4.493959207434937,
      "16": -5.125830895483007,
      "18": -5.758770483143627,
      "20": -6.392453221499671,
      "22": -7.0266741833322675
    },
    "entropies": {
      "8": 1.0437380304709067,
      "10": 1.1158955065986687,
      "12": 1.175475821530471,
      "14": 1.2261438078419415,
      "16": 1.2701913309969834,
      "18": 1.3091355970820955,
      "20": 1.3440295148374017,
      "22": 1.3756323366563907
    },
    "gaps_sz0": {
      "8": 0.7653668647301792,
      "10": 0.61803398874989,
      "12": 0.5176380902050406,
      "14": 0.44504186791262246,
      "16": 0.3901806440322586,
      "18": 0.34729635533384684,
      "20": 0.31286893008047123,
      "22": 0.2846296765465439
    },
    "gaps_sz01": {
      "8": 0.19891236737966045,
      "10": 0.15838444032453625,
      "12": 0.13165249758739206,
      "14": 0.11267293990010963,
      "16": 0.09849140335715578,
      "18": 0.08748866352592,
      "20": 0.07870170682461808,
      "22": 0.07152141155880098
    },
    "v_use": 1.0,
    "v_from_gap": {
      "8": 0.5065261841693446,
      "10": 0.5041533317298652,
      "12": 0.5028754982742545,
      "14": 0.5021087494583577,
      "16": 0.5016125982831692,
      "18": 0.501273117527536,
      "20": 0.5010306268362849,
      "22": 0.5008513922056919
    },
    "c_Cas_fit": 0.9997748133569903,
    "c_eff_fit": 1.0002545719575218,
    "pairwise_ceff": [
      [
        8,
        10,
        0.9701038954895435
      ],
      [
        10,
        12,
        0.9803610057882844
      ],
      [
        12,
        14,
        0.9860738798216626
      ],
      [
        14,
        16,
        0.9895992760046912
      ],
      [
        16,
        18,
        0.9919323067557917
      ],
      [
        18,
        20,
        0.9935577157375354
      ],
      [
        20,
        22,
        0.9947359836232814
      ]
    ],
    "pairwise_ccas": [
      [
        8,
        10,
        1.0301164803650453
      ],
      [
        10,
        12,
        1.019774652370765
      ],
      [
        12,
        14,
        1.014003500146579
      ],
      [
        14,
        16,
        1.0104464426930522
      ],
      [
        16,
        18,
        1.0080960935455876
      ],
      [
        18,
        20,
        1.0064607618303647
      ],
      [
        20,
        22,
        1.00527652391167
      ]
    ]
  },
  "Heisenberg": {
    "params": {
      "Delta": 1.0,
      "J2": 0.0,
      "v_exact": 1.5707963267948966
    },
    "sizes": [
      8,
      10,
      12,
      14,
      16,
      18,
      20,
      22
    ],
    "energies": {
      "8": -3.651093408937178,
      "10": -4.515446354492044,
      "12": -5.387390917445208,
      "14": -6.263549533547042,
      "16": -7.14229636061678,
      "18": -8.0227490870337,
      "20": -8.904386529876449,
      "22": -9.786880651765724
    },
    "entropies": {
      "8": 1.051165876614658,
      "10": 1.1241023052731105,
      "12": 1.184223741801301,
      "14": 1.2352922411944887,
      "16": 1.2796494538770462,
      "18": 1.3188414406802762,
      "20": 1.3539386944598486,
      "22": 1.3857119529381239
    },
    "gaps_sz0": {
      "8": 0.5226743450926032,
      "10": 0.4232390077533825,
      "12": 0.35584751370278145,
      "14": 0.30710570956842,
      "16": 0.27018968225033824,
      "18": 0.24124944989058505,
      "20": 0.21794554368947772,
      "22": 0.19877341116002434
    },
    "gaps_sz01": {
      "8": 0.5226743450926015,
      "10": 0.42323900775337897,
      "12": 0.35584751370277345,
      "14": 0.3071057095684093,
      "16": 0.27018968225032847,
      "18": 0.24124944989056907,
      "20": 0.2179455436894866,
      "22": 0.19877341116004033
    },
    "v_use": 1.5707963267948966,
    "v_from_gap": {
      "8": 1.3309792903809066,
      "10": 1.3472116038651856,
      "12": 1.3592373790261765,
      "14": 1.3685669684275772,
      "16": 1.376064752082186,
      "18": 1.3822575288582448,
      "20": 1.3874844241212971,
      "22": 1.3919739214197577
    },
    "c_Cas_fit": 1.0050690922518402,
    "c_eff_fit": 1.0049290618243523,
    "pairwise_ceff": [
      [
        8,
        10,
        0.9805763361149099
      ],
      [
        10,
        12,
        0.9892648612495406
      ],
      [
        12,
        14,
        0.993868456183555
      ],
      [
        14,
        16,
        0.9965569551263296
      ],
      [
        16,
        18,
        0.9982418924292494
      ],
      [
        18,
        20,
        0.9993474375226823
      ],
      [
        20,
        22,
        1.0001006779183568
      ]
    ],
    "pairwise_ccas": [
      [
        8,
        10,
        1.0466160890033203
      ],
      [
        10,
        12,
        1.0327479294132305
      ],
      [
        12,
        14,
        1.0247681767916932
      ],
      [
        14,
        16,
        1.0196992562908347
      ],
      [
        16,
        18,
        1.016249214009686
      ],
      [
        18,
        20,
        1.0137778439106084
      ],
      [
        20,
        22,
        1.0119362557797225
      ]
    ]
  },
  "BKT": {
    "params": {
      "Delta": 1.0,
      "J2": 0.2412,
      "v_exact": null
    },
    "sizes": [
      8,
      10,
      12,
      14,
      16,
      18,
      20,
      22
    ],
    "energies": {
      "8": -3.292895764917986,
      "10": -4.081164780710022,
      "12": -4.874679930647031,
      "14": -5.67117814915253,
      "16": -6.469532928801566,
      "18": -7.269121572005082,
      "20": -8.069571958309893,
      "22": -8.870648009189312
    },
    "entropies": {
      "8": 1.0588161686777517,
      "10": 1.1319488176728625,
      "12": 1.1920098970657054,
      "14": 1.2429875983319387,
      "16": 1.2872272968767768,
      "18": 1.326307907822943,
      "20": 1.3612973280811542,
      "22": 1.3929726885808718
    },
    "gaps_sz0": {
      "8": 0.4687552737691312,
      "10": 0.3727555891890919,
      "12": 0.3096174540232184,
      "14": 0.2648653224391113,
      "16": 0.23146202226327173,
      "18": 0.2055644879106744,
      "20": 0.18489261474887453,
      "22": 0.16800663380166725
    },
    "gaps_sz01": {
      "8": 0.46875527376913206,
      "10": 0.37275558918908347,
      "12": 0.3096174540232086,
      "14": 0.26486532243910244,
      "16": 0.23146202226321844,
      "18": 0.20556448791066018,
      "20": 0.18489261474889673,
      "22": 0.16800663380164238
    },
    "v_use": 1.176519794637497,
    "v_from_gap": {
      "8": 1.1936755027320325,
      "10": 1.18651789169149,
      "12": 1.1826515586077109,
      "14": 1.180329508954732,
      "16": 1.1788263993996013,
      "18": 1.1777977575048861,
      "20": 1.1770629431388955,
      "22": 1.176519794637497
    },
    "c_Cas_fit": 0.9988838378794187,
    "c_eff_fit": 1.000042813277226,
    "pairwise_ceff": [
      [
        8,
        10,
        0.983214373407532
      ],
      [
        10,
        12,
        0.988271718095066
      ],
      [
        12,
        14,
        0.992101390471176
      ],
      [
        14,
        16,
        0.9939168088189394
      ],
      [
        16,
        18,
        0.9954050868627293
      ],
      [
        18,
        20,
        0.9962770219873789
      ],
      [
        20,
        22,
        0.9970192239091815
      ]
    ],