{
  "experiment": "102c_fidelity_q4_crossover",
  "timestamp": "2026-04-02 14:51:56",
  "data": {
    "q4_n6": {
      "g_peak": 0.242,
      "chi_peak": 13.98176362836049,
      "fwhm": 0.07200000000000004,
      "time": 0.5695233345031738,
      "g_vals": [
        0.16999999999999998,
        0.178,
        0.186,
        0.194,
        0.20199999999999999,
        0.21,
        0.218,
        0.226,
        0.23399999999999999,
        0.242,
        0.25,
        0.258,
        0.266,
        0.274,
        0.28200000000000003,
        0.29000000000000004,
        0.29800000000000004,
        0.30600000000000005,
        0.31400000000000006,
        0.322,
        0.33
      ],
      "chi_F": [
        3.20767431505331,
        3.841869122833685,
        4.6718712824282225,
        5.743971816703681,
        7.0907114106214895,
        8.700407760908744,
        10.471920623237688,
        12.174488136137047,
        13.461049896967834,
        13.98176362836049,
        13.5635899067843,
        12.317848282113648,
        10.572105590966883,
        8.692662245568526,
        6.945749656909564,
        5.461955506399126,
        4.269192555028666,
        3.3404226792062746,
        2.6288593968359915,
        2.086885349713204,
        1.673697758164394
      ]
    },
    "q4_n8": {
      "g_peak": 0.25,
      "chi_peak": 22.75480042723821,
      "fwhm": 0.04000000000000001,
      "time": 54.89053511619568,
      "g_vals": [
        0.16999999999999998,
        0.178,
        0.186,
        0.194,
        0.20199999999999999,
        0.21,
        0.218,
        0.226,
        0.23399999999999999,
        0.242,
        0.25,
        0.258,
        0.266,
        0.274,
        0.28200000000000003,
        0.29000000000000004,
        0.29800000000000004,
        0.30600000000000005,
        0.31400000000000006,
        0.322,
        0.33
      ],
      "chi_F": [
        2.6140339171032423,
        3.07506389518597,
        3.7303348743300546,
        4.685938609361173,
        6.102517724482226,
        8.200206347286354,
        11.20729702930312,
        15.154176186138457,
        19.443109613992426,
        22.5426460054301,
        22.75480042723821,
        19.88919102746678,
        15.493202992766797,
        11.249794223955334,
        7.933942824944751,
        5.592238422336138,
        4.004387227363182,
        2.935307413798327,
        2.2076868805287475,
        1.7026318799295836,
        1.3437731677390374
      ]
    },
    "q4_fss": {
      "alpha": 1.6929183117152866,
      "nu": 0.742688699950232
    },
    "chi_vs_q": {
      "q_vals": [
        2.0,
        3.0,
        4.0,
        5.0,
        7.0
      ],
      "chi_n6": [
        0.73,
        4.09,
        13.98176362836049,
        36.29,
        166.88
      ],
      "exp_rate": 1.0592001790921621,
      "growth_per_q": 2.8840633323820977
    }
  }
}