{
  "q=10_n=4": {
    "q": 10,
    "n": 4,
    "g_c": 0.684,
    "dim": 10000,
    "time_s": 0.83,
    "eigenvalues": [
      -6.39315198,
      -6.33265265,
      -6.33265265,
      -6.17178361,
      -6.17178361,
      -5.92775236,
      -5.92775236,
      -5.88828986,
      -5.8082787,
      -5.8082787,
      -5.8082787,
      -5.8082787,
      -5.70651767,
      -5.70651767,
      -5.66846148,
      -5.66846148,
      -5.64644679,
      -5.64644679,
      -5.63989678,
      -5.63989678,
      -5.63121425,
      -5.63121425,
      -5.6308501,
      -5.59907,
      -5.59907
    ],
    "nonzero_gaps": [
      0.06049933,
      0.06049933,
      0.22136837,
      0.22136837,
      0.46539962,
      0.46539962,
      0.50486211,
      0.58487327,
      0.58487327,
      0.58487327,
      0.58487327,
      0.68663431,
      0.68663431,
      0.7246905,
      0.7246905,
      0.74670519,
      0.74670519,
      0.7532552,
      0.7532552,
      0.76193773
    ],
    "ratios": [
      1.0,
      1.0,
      3.659022,
      3.659022,
      7.692641,
      7.692641,
      8.344921,
      9.667434,
      9.667434,
      9.667434,
      9.667434,
      11.349453,
      11.349453,
      11.978488,
      11.978488,
      12.342371,
      12.342371,
      12.450637,
      12.450637,
      12.594151
    ]
  },
  "absolute_x1": {
    "2": 0.124608,
    "3": 0.133682,
    "4": 0.117142,
    "5": 0.097144,
    "7": 0.08604
  }
}