{
  "experiment": "128c_asymptotic_extrapolation",
  "sprint": 128,
  "timestamp": "2026-04-10 00:25:58",
  "extrapolations": {
    "hybrid_q3": {
      "alpha_inf": 1.4063507465964198,
      "alpha_inf_err": 0.001015451061646347,
      "c": 2.6578954817506784,
      "p": 1.7397983234288257,
      "r_squared": 0.9999850756066703,
      "N_mid": [
        5.0,
        7.0,
        9.0,
        11.0,
        13.0
      ],
      "alpha_eff": [
        1.5680071538728466,
        1.496119310758881,
        1.464697417284911,
        1.4474992972038865,
        1.4368130636662044
      ]
    },
    "hybrid_q4": {
      "alpha_inf": 1.4538071026752142,
      "alpha_inf_err": 0.0016247144147306584,
      "c": 2.6659723277061187,
      "p": 1.6854479683548627,
      "r_squared": 0.9999873499777826,
      "N_mid": [
        5.0,
        7.0,
        8.5,
        9.5,
        10.5
      ],
      "alpha_eff": [
        1.6307037685627108,
        1.5543317935615435,
        1.5258505854564448,
        1.5138190896094597,
        1.504568057613162
      ]
    },
    "hybrid_q5": {
      "alpha_inf": 0.8869613681900608,
      "alpha_inf_err": 0.013650050765514904,
      "c": 1.9649514996133284,
      "p": 0.711763550897203,
      "r_squared": 0.999997357441599,
      "N_mid": [
        5.0,
        7.0,
        8.5,
        9.5
      ],
      "alpha_eff": [
        1.5119012905234732,
        1.378940464722824,
        1.3151110728032573,
        1.2828575507230957
      ]
    },
    "hybrid_q6": {
      "alpha_inf": 1.811084394208416e-08,
      "alpha_inf_err": 0.15094928581673878,
      "c": 2.984867497721063,
      "p": 0.5185004591866899,
      "r_squared": 0.9999761612724076,
      "N_mid": [
        4.5,
        5.5,
        6.5,
        7.5
      ],
      "alpha_eff": [
        1.3681061068287286,
        1.23357863697118,
        1.1316615757670385,
        1.049300920787442
      ]
    },
    "hybrid_q7": {
      "status": "insufficient_points",
      "n_points": 3,
      "N_mid": [
        5.0,
        6.5,
        7.5
      ],
      "alpha_eff": [
        1.0968975389783548,
        0.8583524931576959,
        0.7550526587582879
      ]
    },
    "sq_q3": {
      "alpha_inf": 1.406877785174086,
      "alpha_inf_err": 0.0009421277612871495,
      "c": 2.679189038413935,
      "p": 1.7466763436972383,
      "r_squared": 0.999986934876715,
      "N_mid": [
        5.0,
        7.0,
        9.0,
        11.0,
        13.0
      ],
      "alpha_eff": [
        1.5680325220355296,
        1.4961756988168233,
        1.4647998807992948,
        1.4476647165362453,
        1.437059481581053
      ]
    },
    "sq_q4": {
      "alpha_inf": 1.7706518246498746,
      "alpha_inf_err": 0.0012007271939525623,
      "c": 9.27429479853752,
      "p": 2.991468993521669,
      "r_squared": 0.9998270249209451,
      "N_mid": [
        5.0,
        7.0,
        8.5,
        9.5,
        10.5
      ],
      "alpha_eff": [
        1.845839889020574,
        1.7984676010256877,
        1.7855224256723168,
        1.7815208454158329,
        1.7792003450306073
      ]
    },
    "sq_q5": {
      "alpha_inf": 2.093087344960974,
      "alpha_inf_err": 0.014545763034332514,
      "c": 31.228121687124226,
      "p": 4.9999999999999964,
      "r_squared": 0.42019781810639156,
      "N_mid": [
        5.0,
        7.0,
        8.5,
        9.5
      ],
      "alpha_eff": [
        2.104129994543974,
        2.08808636281566,
        2.093493210147712,
        2.09959823312829
      ]
    },
    "sq_q6": {
      "alpha_inf": 3.1949361296875485,
      "alpha_inf_err": 24.550722726785075,
      "c": -0.9944151531866378,
      "p": 0.10000000000000063,
      "r_squared": 0.8655787592680819,
      "N_mid": [
        4.5,
        5.5,
        6.5,
        7.5,
        8.5
      ],
      "alpha_eff": [
        2.348126723166258,
        2.3487797204894707,
        2.362277524440619,
        2.380523900527122,
        2.4004230396213893
      ]
    },
    "sq_q7": {
      "status": "insufficient_points",
      "n_points": 3,
      "N_mid": [
        5.0,
        6.5,
        7.5
      ],
      "alpha_eff": [
        2.581848643421085,
        2.631296726672918,
        2.6701221079344286
      ]
    }
  },
  "alpha_q_refit": {
    "sq_log": {
      "a": 1.3544339460464718,
      "b": -0.0804933853824963,
      "formula": "alpha(q) = 1.3544 * ln(q) + (-0.0805)",
      "chi2_dof": 24.623621882584516,
      "qs": [
        3,
        4,
        5,
        6,
        7
      ],
      "alphas": [
        1.4676253327058795,
        1.794468804966578,
        2.0943671744624868,
        2.374897418011492,
        2.6357199843671064
      ],
      "errors": [
        0.011641213933210649,
        0.006937102924350618,
        0.0019201015274019466,
        0.006238981763866266,
        0.018371126621187627
      ]
    },
    "sq_quadlog": {
      "a": 0.4485782450704626,
      "b": 0.009584665333766586,
      "c": 0.9171589288897737,
      "chi2_dof": 0.05606960653653005
    },
    "hybrid_log": {
      "a": -0.23269467142494388,
      "b": 1.7672902861649218,
      "formula": "alpha(q) = -0.2327 * ln(q) + (1.7673)",
      "chi2_dof": 38.20921742239136,
      "qs": [
        3,
        4,
        5,
        6,
        7
      ],
      "alphas": [
        1.4674905338311366,
        1.5446860110611913,
        1.3815990272757548,
        1.1861398787326944,
        0.9569160052776958
      ],
      "errors": [
        0.01166305542486831,
        0.013732273743737639,
        0.03019167186190439,
        0.03802205219982528,
        0.06698580877306454
      ]
    },
    "hybrid_quadlog": {
      "a": -1.5910303417685168,
      "b": 4.194217985723642,
      "c": -1.2186526305092347,
      "chi2_dof": 0.7458758514218086
    }
  }
}