{
  "experiment": "094c3_expfit",
  "fits": {
    "q2": {
      "B": 2.036548039467901,
      "A": 4.009689408568991e-07,
      "fit_R2": 0.18238635920459823,
      "nA_values": [
        3,
        4,
        5,
        6,
        7
      ],
      "one_minus_R2": [
        0.00029294,
        0.00052547,
        0.010004,
        0.24014,
        0.36235
      ],
      "nA_star_50pct": 6.89216969807849,
      "nA_star_1pct": 4.97126092027708
    },
    "q3": {
      "B": 2.555507299825917,
      "A": 1.4842352543264246e-07,
      "fit_R2": 0.38063168902524314,
      "nA_values": [
        3,
        4,
        5,
        6
      ],
      "one_minus_R2": [
        0.00056425,
        0.00084161,
        0.21924,
        0.44226
      ],
      "nA_star_50pct": 5.881434505026461,
      "nA_star_1pct": 4.350613988217671
    },
    "q4": {
      "B": 2.979146963213048,
      "A": 5.080887432309629e-08,
      "fit_R2": 0.5907325640873902,
      "nA_values": [
        3,
        4,
        5
      ],
      "one_minus_R2": [
        0.00080548,
        0.0017538,
        0.31168
      ],
      "nA_star_50pct": 5.404918865866557,
      "nA_star_1pct": 4.091783577901783
    },
    "q5": {
      "B": 3.492865045261579,
      "A": 2.8815829588624407e-08,
      "fit_R2": 1.0,
      "nA_values": [
        3,
        4
      ],
      "one_minus_R2": [
        0.0010243,
        0.033679
      ],
      "nA_star_50pct": 4.7723555206806525,
      "nA_star_1pct": 3.6523514682094023
    }
  },
  "B_vs_q": {
    "q_values": [
      2,
      3,
      4,
      5
    ],
    "B_values": [
      2.036548039467901,
      2.555507299825917,
      2.979146963213048,
      3.492865045261579
    ],
    "linear_slope": 0.4792590680768161,
    "linear_intercept": 1.0886100986732536,
    "linear_R2": 0.9984997991108849,
    "log_slope": 1.5514454193808633,
    "log_intercept": 0.9091338032763824,
    "log_R2": 0.9824990560708015
  }
}