{
  "experiment": "128c_asymptotic_extrapolation",
  "sprint": 128,
  "timestamp": "2026-04-09 23:49:26",
  "extrapolations": {
    "hybrid_q3": {
      "alpha_inf": 1.4077682578741084,
      "alpha_inf_err": 0.0011851153031804534,
      "c": 2.747100696256202,
      "p": 1.7656715745459288,
      "r_squared": 0.9999941982577213,
      "N_mid": [
        5.0,
        7.0,
        9.0,
        11.0
      ],
      "alpha_eff": [
        1.5680068275203103,
        1.4961193887250448,
        1.4646973421986371,
        1.4474994534726078
      ]
    },
    "hybrid_q4": {
      "alpha_inf": 1.5151596812649826,
      "alpha_inf_err": 0.02079813110098443,
      "c": 56.806483487185155,
      "p": 3.847931670818429,
      "r_squared": 0.9606829717186933,
      "N_mid": [
        5.0,
        7.0,
        8.5,
        9.5,
        10.5
      ],
      "alpha_eff": [
        1.6307038627711512,
        1.5543317189903605,
        1.5149474192827461,
        1.5260080810923384,
        1.5292799173561227
      ]
    },
    "hybrid_q5": {
      "alpha_inf": 8.151747054069577e-21,
      "alpha_inf_err": 8.744567010350762,
      "c": 2.733972395075584,
      "p": 0.36428821798559885,
      "r_squared": 0.9607940574212004,
      "N_mid": [
        5.0,
        7.0,
        8.5,
        9.5
      ],
      "alpha_eff": [
        1.5119010442340963,
        1.3789406014559158,
        1.2203388909472632,
        1.2132649301608693
      ]
    },
    "hybrid_q6": {
      "alpha_inf": 1.811084394208416e-08,
      "alpha_inf_err": 0.15094928581673878,
      "c": 2.984867497721063,
      "p": 0.5185004591866899,
      "r_squared": 0.9999761612724076,
      "N_mid": [
        4.5,
        5.5,
        6.5,
        7.5
      ],
      "alpha_eff": [
        1.3681061068287286,
        1.23357863697118,
        1.1316615757670385,
        1.049300920787442
      ]
    },
    "hybrid_q7": {
      "alpha_inf": 0.7240984079170915,
      "alpha_inf_err": Infinity,
      "c": 99.99999999999999,
      "p": 3.47989679202129,
      "r_squared": 0.9926272763798335,
      "N_mid": [
        5.0,
        6.5,
        7.5
      ],
      "alpha_eff": [
        1.096897710649772,
        0.8583530558757781,
        0.8250133266407166
      ]
    },
    "sq_q3": {
      "alpha_inf": 1.4114998948920288,
      "alpha_inf_err": 0.0019750913524699057,
      "c": 3.0007207513446716,
      "p": 1.834801994700186,
      "r_squared": 0.9999305825716238,
      "N_mid": [
        5.0,
        7.0,
        9.0,
        11.0,
        13.0
      ],
      "alpha_eff": [
        1.5680327832569327,
        1.496175639299327,
        1.4647996283249645,
        1.4476649516065818,
        1.4391053538452963
      ]
    },
    "sq_q4": {
      "alpha_inf": 0.785874973381842,
      "alpha_inf_err": 98.46317573702538,
      "c": 1.2448921509588589,
      "p": 0.10000016880661887,
      "r_squared": 0.32331354434154325,
      "N_mid": [
        5.0,
        7.0,
        8.5,
        9.5,
        10.5
      ],
      "alpha_eff": [
        1.8458398391727413,
        1.798467527416951,
        1.8439779732775794,
        1.7161731696125733,
        1.7925337127050143
      ]
    },
    "sq_q5": {
      "alpha_inf": 3.649299926144496,
      "alpha_inf_err": 130.2481849602449,
      "c": -1.83820501245117,
      "p": 0.10000000000000027,
      "r_squared": 0.6376418250514784,
      "N_mid": [
        5.0,
        7.0,
        8.5,
        9.5
      ],
      "alpha_eff": [
        2.1041299984202513,
        2.088086365811354,
        2.181313528973413,
        2.1938660309241045
      ]
    },
    "sq_q6": {
      "alpha_inf": 3.1949361296875485,
      "alpha_inf_err": 24.550722726785075,
      "c": -0.9944151531866378,
      "p": 0.10000000000000063,
      "r_squared": 0.8655787592680819,
      "N_mid": [
        4.5,
        5.5,
        6.5,
        7.5,
        8.5
      ],
      "alpha_eff": [
        2.348126723166258,
        2.3487797204894707,
        2.362277524440619,
        2.380523900527122,
        2.4004230396213893
      ]
    },
    "sq_q7": {
      "alpha_inf": 2.0477663571203677,
      "alpha_inf_err": Infinity,
      "c": 0.6466736362158635,
      "p": 0.10000000000000002,
      "r_squared": 0.06669260412628752,
      "N_mid": [
        5.0,
        6.5,
        7.5
      ],
      "alpha_eff": [
        2.581848644228383,
        2.631296724501543,
        2.5456386647237017
      ]
    }
  },
  "alpha_q_refit": {
    "sq_log": {
      "a": 1.3368431840785617,
      "b": -0.023031731062333582,
      "formula": "alpha(q) = 1.3368 * ln(q) + (-0.0230)",
      "chi2_dof": 5.0349996930340035,
      "qs": [
        3,
        4,
        5,
        6,
        7
      ],
      "alphas": [
        1.46805632509585,
        1.7939237719702579,
        2.1392131485100827,
        2.374897418011492,
        2.5839504058941256
      ],
      "errors": [
        0.011494252156420273,
        0.011120858942070757,
        0.0188568680643136,
        0.006238981763866266,
        0.014590052543046279
      ]
    },
    "sq_quadlog": {
      "a": 0.2186883334949637,
      "b": 0.680061714079126,
      "c": 0.4501314355198738,
      "chi2_dof": 3.73836748324663
    },
    "hybrid_log": {
      "a": -0.30975403469140406,
      "b": 1.893264474780718,
      "formula": "alpha(q) = -0.3098 * ln(q) + (1.8933)",
      "chi2_dof": 40.850382911545914,
      "qs": [
        3,
        4,
        5,
        6,
        7
      ],
      "alphas": [
        1.4808893604112108,
        1.5485262575928964,
        1.352208438758761,
        1.1861398787326944,
        0.97110943458282
      ],
      "errors": [
        0.014257185693308897,
        0.012083209398964904,
        0.04261662566505101,
        0.03802205219982528,
        0.05747013481200102
      ]
    },
    "hybrid_quadlog": {
      "a": -1.5320322553526777,
      "b": 4.012895994563785,
      "c": -1.0761767541687712,
      "chi2_dof": 1.452719616112311
    }
  }
}