{
  "0.5": {
    "mi_cv": 0.04618688213588053,
    "mean_mi": 0.8770165285234907,
    "time": 17.19585871696472
  },
  "0.9": {
    "mi_cv": 0.30016839782551846,
    "mean_mi": 0.38105937286170016,
    "time": 17.34725332260132
  },
  "1.0": {
    "mi_cv": 1.1680338579384817,
    "mean_mi": 0.09494034367357537,
    "time": 17.416675329208374
  }
}