{
  "sprint": "047b",
  "q": 7,
  "n": 12,
  "chi_max": 20,
  "data": [
    {
      "g": 0.15,
      "cv": 0.4205609014422459,
      "E0": -11.318631417983186,
      "mi_mean": 0.1963763580172763,
      "mi_vals": [
        3.773830950137835e-05,
        0.12586108304458454,
        0.22338112282363976,
        0.2571333501294353,
        0.26938087886324613,
        0.27373391860204516,
        0.2749909513597707,
        0.2751398910509639,
        0.27444624823390307,
        0.2713978624030924,
        0.25800944397908243,
        1.6050343099038855e-07,
        0.12039666510573022,
        0.21441711818037812,
        0.2583631139520307,
        0.2761036452786438,
        0.28107657947943876,
        0.28249219742076187,
        0.28239837619914454,
        0.2802709833620864,
        0.2713978807778231,
        1.0209211254164074e-09,
        0.119432538482388,
        0.21453907956555368,
        0.2588215050562088,
        0.2761404637058762,
        0.282152623280662,
        0.2836293943793707,
        0.2823984685782719,
        0.2744462823490972,
        6.9180217110442754e-12,
        0.11918123820774018,
        0.21466956491031003,
        0.2591220692930272,
        0.2763731498550686,
        0.28215090857567615,
        0.2824928042286028,
        0.2751399841118997,
        3.552713678800501e-14,
        0.11911820608462576,
        0.21470910131518373,
        0.2591208461552228,
        0.2761370526995362,
        0.2810777221206504,
        0.2749912577153923,
        8.881784197001252e-16,
        0.1191175505898322,
        0.21466909259401074,
        0.2588210173267298,
        0.2761031802466297,
        0.2737343682601213,
        3.6415315207705135e-14,
        0.11918034666489508,
        0.21454018428186478,
        0.2583640025219577,
        0.2693811325779137,
        6.913580818945775e-12,
        0.11943182261381446,
        0.21441667159432348,
        0.2571326012378933,
        1.0216663071105359e-09,
        0.12039582350445821,
        0.22337967491312094,
        1.6051508211489818e-07,
        0.12586078933718625,
        3.773857481004228e-05
      ],
      "time_dmrg": 65.72024440765381,
      "time_mi": 6.4442830085754395,
      "status": "ok"
    },
    {
      "g": 0.2,
      "cv": 0.4803673360836777,
      "E0": -11.571734837796335,
      "mi_mean": 0.9017051586106145,
      "mi_vals": [
        3.838752132567791e-05,
        0.4972981737402442,
        0.9245189148397421,
        1.149950906570865,
        1.243497596976789,
        1.2772953060236956,
        1.2895658965127057,
        1.292022235149197,
        1.2866024556077897,
        1.2656225995427492,
        1.1912089374692172,
        5.115659544863149e-07,
        0.5125874078808632,
        0.9543865092935082,
        1.179558148394347,
        1.2829284723323164,
        1.3276571434641145,
        1.3437924230004716,
        1.3437209776131869,
        1.327310513932932,
        1.2656226483401067,
        1.110520786440361e-08,
        0.5183629387583721,
        0.9653526761550912,
        1.1920850914049463,
        1.295042093686774,
        1.3379720085256208,
        1.3511956585087777,
        1.3437210186592474,
        1.2866025321994083,
        2.4493562733596264e-10,
        0.5205088316730082,
        0.9693197781104028,
        1.1962657879864018,
        1.2980954050007203,
        1.337971985550396,
        1.3437925106826996,
        1.2920223606768242,
        3.1894487051431497e-12,
        0.5212434802614068,
        0.9703364738315261,
        1.1962658307726048,
        1.2950419986035921,
        1.3276572426399242,
        1.289566039853939,
        0,
        0.5212426256829015,
        0.9693198844242406,
        1.1920853591069793,
        1.2829287754562142,
        1.2772954894669877,
        3.1952218648712005e-12,
        0.520508718098164,
        0.9653526207500409,
        1.1795581776152972,
        1.243497709161693,
        2.448889979689284e-10,
        0.5183627412348724,
        0.9543865637979909,
        1.1499510390990313,
        1.1105229624774893e-08,
        0.5125866835921222,
        0.9245190998006083,
        5.115546977130236e-07,
        0.49729814996047716,
        3.8387477787171775e-05
      ],
      "time_dmrg": 69.52608919143677,
      "time_mi": 6.528250455856323,
      "status": "ok"
    },
    {
      "g": 0.24,
      "cv": 0.5025465944447081,
      "E0": -11.831374626011009,
      "mi_mean": 0.7998871592390924,
      "mi_vals": [
        4.5230510961058457e-05,
        0.3994710189718349,
        0.7625985640009894,
        0.9870087157043834,
        1.1074708232354296,
        1.1609644313626142,
        1.1845877734222006,
        1.1915194097818618,
        1.1851025303245224,
        1.157424462208998,
        1.0695704860509974,
        9.014482369451571e-07,
        0.4138871059333078,
        0.7967835949882995,
        1.0259400918600439,
        1.1519667690160316,
        1.2168912499469566,
        1.2458433256238608,
        1.2503014581897833,
        1.2298750930938278,
        1.1574246118114093,
        3.429782768904488e-08,
        0.42007972080682476,
        0.8105487927413249,
        1.0428916214589412,
        1.1687948514186013,
        1.231197782651081,
        1.2552131748211,
        1.2502988369254204,
        1.1851007218486709,
        1.3971259704703698e-09,
        0.42279640348026337,
        0.816294811665579,
        1.0490593617916675,
        1.173256053511352,
        1.2312035945667854,
        1.2458460837670169,
        1.191523395863242,
        3.036770834796698e-11,
        0.42386419210022686,
        0.8179084885009609,
        1.0490592408464199,
        1.16880117797975,
        1.2168912009334865,
        1.1845900077116491,
        1.3322676295501878e-15,
        0.42386475566175763,
        0.8162951617898688,
        1.0429000145561704,
        1.1519638507271832,
        1.1609664232093238,
        3.0250024707356715e-11,
        0.4227958949002577,
        0.8105585888935938,
        1.0259323138932144,
        1.1074715537486366,
        1.3937238030337085e-09,
        0.4200869710715853,
        0.7967754714618189,
        0.9870067580816149,
        3.439985230002662e-08,
        0.4139069840712839,
        0.762603267602509,
        9.017497806240726e-07,
        0.39948117035149044,
        4.519358393828554e-05
      ],
      "time_dmrg": 66.31438708305359,
      "time_mi": 6.532929420471191,
      "status": "ok"
    },
    {
      "g": 0.26,
      "cv": 0.5126286622497987,
      "E0": -11.981388695842409,
      "mi_mean": 0.7413974214562622,