{
  "experiment": "088b_entspec_dmrg_q2",
  "timestamp": "2026-04-02 08:28:15",
  "q": 2,
  "gc": 0.5,
  "data": [
    {
      "n": 8,
      "chi_max": 30,
      "chi_used": 16,
      "E0": -8.418975723729714,
      "time_dmrg": 0.675041675567627,
      "spec_mid_top20": [
        0.8897084819511865,
        0.10992419368738994,
        0.00032686147615278887,
        4.038399649148955e-05,
        7.018802153043876e-08,
        8.671786129685728e-09,
        2.5785704858437368e-11,
        3.1858444341935715e-12
      ],
      "lam_max": 0.8897084819511865,
      "multiplet_mean": 0.10992419368738994,
      "multiplet_spread": 0.0,
      "w_max": 0.8897084819511865,
      "w_mult": 0.10992419368738994,
      "w_tail": 0.0003673243614234878,
      "S_total": 0.3497145578964894,
      "S_lev0_frac": 0.29730702571525414,
      "S_lev1_frac": 0.6940194217946569,
      "S_tail_frac": 0.008673552490088941,
      "ent_gap": 2.0911028807769285,
      "schmidt_rank": 8,
      "n_tail": 6
    },
    {
      "n": 12,
      "chi_max": 40,
      "chi_used": 30,
      "E0": -12.962985554954363,
      "time_dmrg": 2.7308013439178467,
      "spec_mid_top20": [
        0.8696871715613657,
        0.12929161251351245,
        0.0008878866749939127,
        0.00013199723267520117,
        1.1581523551643727e-06,
        1.72176146126594e-07,
        1.1823884235107116e-09,
        2.876700728698175e-10,
        1.757791892205503e-10,
        4.2766328865543774e-11,
        2.936899976787229e-13,
        4.36612781078465e-14,
        8.548463504577166e-15,
        1.2708530802058e-15,
        3.8308689706786e-16,
        5.695142722103007e-17,
        8.72735057322242e-18,
        1.297447438086106e-18,
        3.911035237530841e-19,
        5.814321161703343e-20
      ],
      "lam_max": 0.8696871715613657,
      "multiplet_mean": 0.12929161251351245,
      "multiplet_spread": 0.0,
      "w_max": 0.8696871715613657,
      "w_mult": 0.12929161251351245,
      "w_tail": 0.0010212159251220406,
      "S_total": 0.39335362707432636,
      "S_lev0_frac": 0.3086973076561899,
      "S_lev1_frac": 0.6723972439072767,
      "S_tail_frac": 0.018905448436533547,
      "ent_gap": 1.906063158813362,
      "schmidt_rank": 25,
      "n_tail": 23
    },
    {
      "n": 16,
      "chi_max": 60,
      "chi_used": 37,
      "E0": -17.5081939502426,
      "time_dmrg": 20.657808780670166,
      "spec_mid_top20": [
        0.8564007623791828,
        0.1418437104305239,
        0.0015017892073600403,
        0.0002487379306677262,
        4.278293783164783e-06,
        7.086040685311508e-07,
        7.502440109407515e-09,
        3.775211510478945e-09,
        1.242612091380877e-09,
        6.252796958855705e-10,
        6.6202321856944634e-12,
        1.0964939992831533e-12,
        9.692081943452922e-13,
        1.6052774587378512e-13,
        1.8859702380028826e-14,
        3.1236895978733057e-15,
        1.6996082962757876e-15,
        2.815022764818105e-16,
        5.807438113551834e-17,
        3.3072479191651935e-17
      ],
      "lam_max": 0.8564007623791828,
      "multiplet_mean": 0.1418437104305239,
      "multiplet_spread": 0.0,
      "w_max": 0.8564007623791828,
      "w_mult": 0.1418437104305239,
      "w_tail": 0.0017555271902934084,
      "S_total": 0.4216722350794513,
      "S_lev0_frac": 0.3148334704248966,
      "S_lev1_frac": 0.6569674782876543,
      "S_tail_frac": 0.028199051287448963,
      "ent_gap": 1.7980126262375724,
      "schmidt_rank": 36,
      "n_tail": 34
    },
    {
      "n": 20,
      "chi_max": 80,
      "chi_used": 45,
      "E0": -22.053898555811937,
      "time_dmrg": 56.06972122192383,
      "spec_mid_top20": [
        0.8464693538646244,
        0.15102853380520015,
        0.0021135941890980114,
        0.0003771111499563004,
        9.638736784646631e-06,
        1.7197601752158978e-06,
        2.406747269122982e-08,
        1.7029702520557017e-08,
        4.294160321742224e-09,
        3.0384691317113893e-09,
        4.252236670558876e-11,
        1.1863088777569403e-11,
        7.586914595975027e-12,
        2.1166329207998827e-12,
        1.939170253660534e-13,
        3.459901280642267e-14,
        2.962157400651664e-14,
        5.285132736934183e-15,
        3.0706277673787532e-15,
        5.478664170853257e-16
      ],
      "lam_max": 0.8464693538646244,
      "multiplet_mean": 0.15102853380520015,
      "multiplet_spread": 0.0,
      "w_max": 0.8464693538646244,
      "w_mult": 0.15102853380520015,
      "w_tail": 0.0025021123301756237,
      "S_total": 0.4427039716500896,
      "S_lev0_frac": 0.3187018992709904,
      "S_lev1_frac": 0.6448715530158259,
      "S_tail_frac": 0.03642654771318394,
      "ent_gap": 1.7236052130077781,
      "schmidt_rank": 45,
      "n_tail": 43
    },
    {
      "n": 24,
      "chi_max": 100,
      "chi_used": 54,
      "E0": -26.599856165650273,
      "time_dmrg": 95.76785659790039,
      "spec_mid_top20": [
        0.8385545930148652,
        0.15820962927666388,
        0.002705014049197328,
        0.0005103534981223055,
        1.706767677427351e-05,
        3.220149096507921e-06,
        5.505700624146134e-08,
        4.7644286159520456e-08,
        1.0387574785345634e-08,
        8.989021004829944e-09,
        1.536912020788288e-10,
        6.163765108516481e-11,
        2.8996833726874046e-11,
        1.1629141387664834e-11,
        9.697368336897525e-13,
        1.988310753995278e-13,
        1.8295970989387768e-13,
        3.751334843963201e-14,
        3.6554024962109995e-14,
        6.896624488232194e-15
      ],
      "lam_max": 0.8385545930148652,
      "multiplet_mean": 0.15820962927666388,
      "multiplet_spread": 0.0,
      "w_max": 0.8385545930148652,
      "w_mult": 0.15820962927666388,
      "w_tail": 0.0032357777084712973,
      "S_total": 0.4594540138032599,
      "S_lev0_frac": 0.3213575066517583,
      "S_lev1_frac": 0.6349108755716562,
      "S_tail_frac": 0.04373161777658569,
      "ent_gap": 1.6677587658699644,
      "schmidt_rank": 52,
      "n_tail": 50
    }
  ],
  "Re_c": 0.5
}