{
  "experiment": "105c_bkt_scaling",
  "timestamp": "2026-04-02 16:55:13",
  "bkt_exact": {
    "8": {
      "chi_F": 0.0317888215750628,
      "dim": 70
    },
    "10": {
      "chi_F": 0.03982984608796869,
      "dim": 252
    },
    "12": {
      "chi_F": 0.04501502134009645,
      "dim": 924
    },
    "14": {
      "chi_F": 0.04865371914876602,
      "dim": 3432
    },
    "16": {
      "chi_F": 0.05135355057861446,
      "dim": 12870
    },
    "18": {
      "chi_F": 0.053438690509703214,
      "dim": 48620
    },
    "20": {
      "chi_F": 0.055098663409580695,
      "dim": 184756
    }
  },
  "mg_exact": {
    "8": {
      "chi_F_below": 0.40847977778035727,
      "chi_F_above": 0.04628939453965586,
      "dim": 70
    },
    "10": {
      "chi_F_below": 1.059683534254674,
      "chi_F_above": 0.1035696106654882,
      "dim": 252
    },
    "12": {
      "chi_F_below": 1.587173749835931,
      "chi_F_above": 0.20592224777201312,
      "dim": 924
    },
    "14": {
      "chi_F_below": 1.8402449405588834,
      "chi_F_above": 0.35380248572128686,
      "dim": 3432
    },
    "16": {
      "chi_F_below": 1.8789931874318988,
      "chi_F_above": 0.5286102708335072,
      "dim": 12870
    },
    "18": {
      "chi_F_below": 1.8058499769620557,
      "chi_F_above": 0.7038383554992657,
      "dim": 48620
    },
    "20": {
      "chi_F_below": 1.6950575643104315,
      "chi_F_above": 0.8586872624061215,
      "dim": 184756
    }
  },
  "alpha_bkt_simple": 0.5795094134658733,
  "alpha_bkt_corrected": -1.889598850115835,
  "gamma_bkt": 6.223242261465709,
  "alpha_mg": 1.4250699074226674
}