{
  "experiment": "090a_entspec_dmrg_q4",
  "timestamp": "2026-04-02 08:59:28",
  "q": 4,
  "gc": 0.25,
  "data": [
    {
      "n": 8,
      "chi_max": 50,
      "chi_used": 50,
      "E0": -8.661737145574687,
      "time_dmrg": 18.852457284927368,
      "M": 0.7657699144181421,
      "democracy": 1.0210265525575228,
      "spec_mid_top20": [
        0.8544239902128423,
        0.048362614552198716,
        0.04836261438514297,
        0.04836261433652201,
        0.0001430819467992293,
        0.00014308194575809278,
        0.00014308194543949683,
        4.7812225920168e-05,
        2.8610250510429434e-06,
        2.8610250228606445e-06,
        2.8610249988015194e-06,
        4.846379461302251e-07,
        4.846379440403707e-07,
        4.846379401381059e-07,
        4.846379339290682e-07,
        4.846379322221083e-07,
        2.996839831310298e-08,
        2.9968352428398256e-08,
        2.99682683324437e-08,
        9.765410077565356e-09
      ],
      "lam_max": 0.8544239902128423,
      "multiplet_mean": 0.04836261442462123,
      "multiplet_spread": 4.4595749883981145e-09,
      "w_max": 0.8544239902128423,
      "w_mult": 0.1450878432738637,
      "w_tail": 0.0004881665132939632,
      "S_total": 0.5783217099561259,
      "S_lev0_frac": 0.23243911971960832,
      "S_lev1_frac": 0.7599146982888658,
      "S_tail_frac": 0.007646181991525884,
      "ent_gap": 2.8717004576043927,
      "schmidt_rank": 50,
      "n_tail": 46
    },
    {
      "n": 12,
      "chi_max": 70,
      "chi_used": 70,
      "E0": -13.203785760406848,
      "time_dmrg": 45.060534954071045,
      "M": 0.7573094965797034,
      "democracy": 1.0097459954396044,
      "spec_mid_top20": [
        0.825775565329292,
        0.05761320234269071,
        0.0576132003305179,
        0.057613196655637924,
        0.00039522115341407394,
        0.0003952211350845234,
        0.0003952211018812244,
        0.000154741413394997,
        1.0966674435549292e-05,
        1.0966673924969603e-05,
        1.096667301989798e-05,
        1.9543923270784993e-06,
        1.9543922185358744e-06,
        1.954392173799024e-06,
        1.9543919988306986e-06,
        1.9543919308245565e-06,
        5.023376874576616e-07,
        5.02337638918585e-07,
        5.023375711728356e-07,
        1.9079183426415759e-07
      ],
      "lam_max": 0.825775565329292,
      "multiplet_mean": 0.057613199776282174,
      "multiplet_spread": 9.871093445794303e-08,
      "w_max": 0.825775565329292,
      "w_mult": 0.17283959932884652,
      "w_tail": 0.0013848353418615242,
      "S_total": 0.6625436444466213,
      "S_lev0_frac": 0.23859572115423294,
      "S_lev1_frac": 0.7445318334539827,
      "S_tail_frac": 0.016872445391784226,
      "ent_gap": 2.6625712751477613,
      "schmidt_rank": 70,
      "n_tail": 66
    },
    {
      "n": 16,
      "chi_max": 90,
      "chi_used": 90,
      "E0": -17.747315618219382,
      "time_dmrg": 79.33631467819214,
      "M": 0.7520738564198993,
      "democracy": 1.002765141893199,
      "spec_mid_top20": [
        0.8064011257434126,
        0.0637281397185828,
        0.06372813648635772,
        0.06372813610749592,
        0.00067620069875538,
        0.0006762006625029544,
        0.0006762006579833043,
        0.0002895691240246727,
        2.283927368159069e-05,
        2.2839272539931967e-05,
        2.283927230024845e-05,
        4.215600609335822e-06,
        4.215600404764165e-06,
        4.2156001062236685e-06,
        4.2155998689537065e-06,
        4.2155996651031905e-06,
        1.8771005512161452e-06,
        1.8771004161530697e-06,
        1.8771002572105114e-06,
        7.772649460901724e-07
      ],
      "lam_max": 0.8064011257434126,
      "multiplet_mean": 0.06372813743747881,
      "multiplet_spread": 5.666393243501957e-08,
      "w_max": 0.8064011257434126,
      "w_mult": 0.19118441231243644,
      "w_tail": 0.0024144619441506016,
      "S_total": 0.7181210872332873,
      "S_lev0_frac": 0.24162574717205648,
      "S_lev1_frac": 0.7329618605845712,
      "S_tail_frac": 0.02541239224337238,
      "ent_gap": 2.5379550744697768,
      "schmidt_rank": 90,
      "n_tail": 86
    },
    {
      "n": 20,
      "chi_max": 110,
      "chi_used": 110,
      "E0": -22.291473299901433,
      "time_dmrg": 175.5807249546051,
      "M": 0.7483194123440515,
      "democracy": 0.9977592164587353,
      "spec_mid_top20": [
        0.7917526247058995,
        0.0682563755415467,
        0.06825637491900353,
        0.06825637478211947,
        0.0009598119816481962,
        0.000959811971653967,
        0.0009598119694816545,
        0.00043655380997197323,
        3.718839918520922e-05,
        3.7188398826163606e-05,
        3.718839879932312e-05,
        7.0503557092040515e-06,
        7.05035566810581e-06,
        7.050355589812477e-06,
        7.050355559241003e-06,
        7.050355524097346e-06,
        4.2664877868305e-06,
        4.266487745622878e-06,
        4.266487738259904e-06,
        1.8723820446110622e-06
      ],
      "lam_max": 0.7917526247058995,
      "multiplet_mean": 0.0682563750808899,
      "multiplet_spread": 1.1126099628574617e-08,
      "w_max": 0.7917526247058995,
      "w_mult": 0.20476912524266971,
      "w_tail": 0.0034782500514311154,
      "S_total": 0.7597162604456533,
      "S_lev0_frac": 0.24335297072504292,
      "S_lev1_frac": 0.7235589909464328,
      "S_tail_frac": 0.03308803832852414,
      "ent_gap": 2.4509781562519173,
      "schmidt_rank": 110,
      "n_tail": 106
    },
    {
      "n": 24,
      "chi_max": 130,
      "chi_used": 130,
      "E0": -26.835956314382866,
      "time_dmrg": 255.38864946365356,
      "M": 0.7454130352288506,
      "democracy": 0.9938840469718008,
      "spec_mid_top20": [
        0.7799879854573206,
        0.07182515033499282,
        0.07182514978830497,
        0.07182514915299103,
        0.0012365813041080743,
        0.001236581293522023,
        0.0012365812805512496,
        0.0005879720447291001,
        5.315899405417955e-05,
        5.315899361062049e-05,
        5.315899302118563e-05,
        1.029811167968016e-05,
        1.0298111594967632e-05,
        1.0298111521753338e-05,
        1.0298111362122728e-05,
        1.0298111309634668e-05,
        7.608350649790988e-06,
        7.6083503655445085e-06,
        7.608350228325212e-06,
        3.48524518007498e-06
      ],
      "lam_max": 0.7799879854573206,
      "multiplet_mean": 0.07182514975876293,
      "multiplet_spread": 1.6456656088899628e-08,
      "w_max": 0.7799879854573206,
      "w_mult": 0.2154754492762888,
      "w_tail": 0.004536565266390707,
      "S_total": 0.7929781487464871,
      "S_lev0_frac": 0.24440634317570806,
      "S_lev1_frac": 0.7156048789047595,
      "S_tail_frac": 0.03998877791953236,
      "ent_gap": 2.3850438183686555,
      "schmidt_rank": 130,
      "n_tail": 126
    }
  ],
  "Re_c": 1.0
}