{
  "experiment": "064c",
  "description": "H/G-inv ratio for Z_q symmetry at d=q",
  "results": {
    "2": {
      "3": {
        "inv_tl": 31,
        "total_tl": 63,
        "h_terms": 5,
        "h_ginv": 0.16129032258064516
      },
      "4": {
        "inv_tl": 127,
        "total_tl": 255,
        "h_terms": 7,
        "h_ginv": 0.05511811023622047
      }
    },
    "3": {
      "3": {
        "inv_tl": 242,
        "total_tl": 728,
        "h_terms": 5,
        "h_ginv": 0.02066115702479339
      },
      "4": {
        "inv_tl": 2186,
        "total_tl": 6560,
        "h_terms": 7,
        "h_ginv": 0.003202195791399817
      }
    },
    "4": {
      "3": {
        "inv_tl": 1023,
        "total_tl": 4095,
        "h_terms": 5,
        "h_ginv": 0.004887585532746823
      },
      "4": {
        "inv_tl": 16383,
        "total_tl": 65535,
        "h_terms": 7,
        "h_ginv": 0.0004272721723738021
      }
    },
    "5": {
      "3": {
        "inv_tl": 3124,
        "total_tl": 15624,
        "h_terms": 5,
        "h_ginv": 0.0016005121638924455
      },
      "4": {
        "inv_tl": 78124,
        "total_tl": 390624,
        "h_terms": 7,
        "h_ginv": 8.960114689468026e-05
      }
    },
    "7": {
      "3": {
        "inv_tl": 16806,
        "total_tl": 117648,
        "h_terms": 5,
        "h_ginv": 0.00029751279305010117
      },
      "4": {
        "inv_tl": 823542,
        "total_tl": 5764800,
        "h_terms": 7,
        "h_ginv": 8.499870073414593e-06
      }
    },
    "10": {
      "3": {
        "inv_tl": 99999,
        "total_tl": 999999,
        "h_terms": 5,
        "h_ginv": 5.000050000500005e-05
      },
      "4": {
        "inv_tl": 9999999,
        "total_tl": 99999999,
        "h_terms": 7,
        "h_ginv": 7.00000070000007e-07
      }
    }
  },
  "scaling_fit": {
    "a": 5.156881465356572,
    "b": -5.016392862906374
  },
  "runtime_seconds": 127.11827969551086
}