{
  "GHZ": {
    "labels": [
      "initial |0...0>",
      "H(0)",
      "CNOT(0,1)",
      "CNOT(0,2)",
      "CNOT(0,3)",
      "CNOT(0,4)",
      "CNOT(0,5)"
    ],
    "entropy": [
      0.0,
      4.199997326979098e-15,
      4.199997326979098e-15,
      4.199997326979098e-15,
      1.0,
      1.0,
      1.0
    ],
    "negativity": [
      0.0,
      0.0,
      0.0,
      0.0,
      0.5,
      0.5,
      0.5
    ],
    "purity": [
      1.0,
      1.0,
      1.0,
      1.0,
      1.0,
      1.0,
      1.0
    ]
  },
  "W": {
    "labels": [
      "initial |0...0>",
      "X(0)",
      "distribute to qubit 1",
      "distribute to qubit 2",
      "distribute to qubit 3",
      "distribute to qubit 4",
      "distribute to qubit 5"
    ],
    "entropy": [
      0.0,
      0.0,
      6.366633059158683e-16,
      2.619764950528879e-15,
      1.000000000000003,
      1.000000000000003,
      1.000000000000003
    ],
    "negativity": [
      0.0,
      0.0,
      0.0,
      1.1102230246251565e-16,
      0.5,
      0.5,
      0.5
    ],
    "purity": [
      1.0,
      1.0,
      1.0,
      1.0,
      1.0,
      1.0000000000000002,
      1.0000000000000002
    ]
  },
  "Cluster_1D": {
    "labels": [
      "initial |0...0>",
      "H on all (|+>^n)",
      "CZ(0,1)",
      "CZ(1,2)",
      "CZ(2,3)",
      "CZ(3,4)",
      "CZ(4,5)"
    ],
    "entropy": [
      0.0,
      1.2298499851459888e-15,
      1.2298499851459888e-15,
      1.2298499851459888e-15,
      1.0000000000000047,
      1.0000000000000047,
      1.0000000000000047
    ],
    "negativity": [
      0.0,
      2.220446049250313e-16,
      2.220446049250313e-16,
      2.220446049250313e-16,
      0.5,
      0.5,
      0.5
    ],
    "purity": [
      1.0,
      1.0,
      1.0,
      1.0,
      1.0,
      1.0,
      1.0
    ]
  },
  "Cluster_2D": {
    "labels": [
      "initial |0...0>",
      "H on all (|+>^n)",
      "CZ(0,1)",
      "CZ(1,2)",
      "CZ(3,4)",
      "CZ(4,5)",
      "CZ(0,3)",
      "CZ(1,4)",
      "CZ(2,5)"
    ],
    "entropy": [
      0.0,
      1.2298499851459888e-15,
      1.2298499851459888e-15,
      1.2298499851459888e-15,
      1.2298499851459888e-15,
      1.2298499851459888e-15,
      1.000000000000001,
      2.0000000000000013,
      3.0
    ],
    "negativity": [
      0.0,
      2.220446049250313e-16,
      2.220446049250313e-16,
      2.220446049250313e-16,
      2.220446049250313e-16,
      2.220446049250313e-16,
      0.5000000000000002,
      1.5,
      3.5
    ],
    "purity": [
      1.0,
      1.0,
      1.0,
      1.0,
      1.0,
      1.0,
      1.0,
      1.0,
      1.0
    ]
  }
}