{
  "q": 5,
  "n": 8,
  "g_c": 0.441,
  "dim": 390625,
  "E0": -9.842652689412091,
  "E0_per_site": -1.2303315861765114,
  "eigenvalues": [
    -9.842652689412091,
    -9.782220877880114,
    -9.782220877879995,
    -9.697398011546534,
    -9.697398011546493,
    -9.405768093426884,
    -9.274258091097176,
    -9.274258091097087
  ],
  "gaps": [
    0.0,
    0.060431811531977075,
    0.06043181153209609,
    0.145254677865557,
    0.14525467786559787,
    0.436884595985207,
    0.5683945983149155,
    0.5683945983150043
  ],
  "nonzero_gaps": [
    0.060431811531977075,
    0.06043181153209609,
    0.145254677865557,
    0.14525467786559787,
    0.436884595985207,
    0.5683945983149155,
    0.5683945983150043
  ],
  "build_time_s": 0.24,
  "eigsh_time_s": 8.63,
  "total_time_s": 8.87
}