{
  "experiment": "107b_cross_check",
  "timestamp": "2026-04-02 18:31:44",
  "data": {
    "q2": {
      "q": 2,
      "g_c": 0.5,
      "sizes": {
        "6": {
          "dim": 64,
          "chi_F_spectral": 0.5803418012614574,
          "chi_F_finite_diff": 0.6248748999719093,
          "relative_diff": 0.07126722278723918,
          "k_states": 4,
          "time_s": 0.0036406517028808594
        },
        "8": {
          "dim": 256,
          "chi_F_spectral": 0.7898169490339674,
          "chi_F_finite_diff": 0.8748248764289812,
          "relative_diff": 0.09717136501880766,
          "k_states": 4,
          "time_s": 0.0048809051513671875
        },
        "10": {
          "dim": 1024,
          "chi_F_spectral": 0.9965864547265537,
          "chi_F_finite_diff": 1.1247747311315948,
          "relative_diff": 0.11396795541101418,
          "k_states": 4,
          "time_s": 0.009542703628540039
        },
        "12": {
          "dim": 4096,
          "chi_F_spectral": 1.2019891779369691,
          "chi_F_finite_diff": 1.3747245490118112,
          "relative_diff": 0.12565089580964336,
          "k_states": 4,
          "time_s": 0.03738045692443848
        }
      }
    },
    "q3": {
      "q": 3,
      "g_c": 0.3333333333333333,
      "sizes": {
        "6": {
          "dim": 729,
          "chi_F_spectral": 3.6978448328804663,
          "chi_F_finite_diff": 3.857443468350633,
          "relative_diff": 0.041374199461284095,
          "k_states": 5,
          "time_s": 0.008715629577636719
        },
        "8": {
          "dim": 6561,
          "chi_F_spectral": 5.613017909058864,
          "chi_F_finite_diff": 5.932392707630463,
          "relative_diff": 0.05383574795390859,
          "k_states": 5,
          "time_s": 0.07474637031555176
        }
      }
    },
    "q5": {
      "q": 5,
      "g_c": 0.2,
      "sizes": {
        "6": {
          "dim": 15625,
          "chi_F_spectral": 35.6738946944138,
          "chi_F_finite_diff": 36.294211232708776,
          "relative_diff": 0.017091335428608034,
          "k_states": 7,
          "time_s": 0.31873512268066406
        },
        "8": {
          "dim": 390625,
          "chi_F_spectral": 64.87960811399483,
          "chi_F_finite_diff": 66.17905706773897,
          "relative_diff": 0.019635350083849853,
          "k_states": 7,
          "time_s": 12.531998872756958
        }
      }
    }
  }
}