{
  "experiment": "111b_alpha_refit_q10",
  "sprint": 111,
  "timestamp": "2026-04-02 20:25:17",
  "all_q_data": {
    "5": {
      "n_sizes": [
        6,
        7,
        8,
        9,
        10
      ],
      "alpha_last": 2.0985480301213633,
      "alpha_global": 2.0853591368195628,
      "z_m_last": 1.1495650873725205,
      "beta_last": 0.7994178553763099,
      "pw_alpha": [
        2.0763421851126553,
        2.082241670082474,
        2.090073353541246,
        2.0985480301213633
      ],
      "pw_z": [
        1.1593921069321593,
        1.1556744511233326,
        1.1523971519652503,
        1.1495650873725205
      ],
      "pw_beta": [
        0.7575579712483363,
        0.7708927678358058,
        0.7852790496107529,
        0.7994178553763099
      ]
    },
    "6": {
      "n_sizes": [
        6,
        7,
        8,
        9
      ],
      "alpha_last": 2.401815981507036,
      "alpha_global": 2.3773581715235625,
      "z_m_last": 1.2306289477698533,
      "beta_last": 0.9405580859673291,
      "pw_alpha": [
        2.357857756892711,
        2.3795512530409253,
        2.401815981507036
      ],
      "pw_z": [
        1.2324168785997678,
        1.23122685428446,
        1.2306289477698533
      ],
      "pw_beta": [
        0.8930239996931795,
        0.9170975444720039,
        0.9405580859673291
      ]
    },
    "7": {
      "n_sizes": [
        6,
        7,
        8
      ],
      "alpha_last": 2.6719434411411576,
      "alpha_global": 2.649223600672564,
      "z_m_last": 1.3141913054310643,
      "beta_last": 1.043560830279031,
      "pw_alpha": [
        2.630461236928224,
        2.6719434411411576
      ],
      "pw_z": [
        1.310274702363472,
        1.3141913054310643
      ],
      "pw_beta": [
        1.0099118322012817,
        1.043560830279031
      ]
    },
    "8": {
      "n_sizes": [
        6,
        7
      ],
      "alpha_last": 2.897015758861013,
      "alpha_global": 2.8970157588610177,
      "z_m_last": 1.3922083279615902,
      "beta_last": 1.112599102937834,
      "pw_alpha": [
        2.897015758861013
      ],
      "pw_z": [
        1.3922083279615902
      ],
      "pw_beta": [
        1.112599102937834
      ]
    },
    "9": {
      "n_sizes": [
        6,
        7
      ],
      "alpha_last": 3.1589113981647383,
      "alpha_global": 3.15891139816475,
      "z_m_last": 1.477551026694808,
      "beta_last": 1.2038093447751235,
      "pw_alpha": [
        3.1589113981647383
      ],
      "pw_z": [
        1.477551026694808
      ],
      "pw_beta": [
        1.2038093447751235
      ]
    },
    "10": {
      "n_sizes": [
        5,
        6,
        7
      ],
      "alpha_last": 3.416747167256435,
      "alpha_global": 3.3491554190560824,
      "z_m_last": 1.565698037166012,
      "beta_last": 1.285351092924412,
      "pw_alpha": [
        3.2951105883111285,
        3.416747167256435
      ],
      "pw_z": [
        1.5353027229224272,
        1.565698037166012
      ],
      "pw_beta": [
        1.2245051424662703,
        1.285351092924412
      ]
    }
  },
  "fits_6pt": {
    "linear": {
      "slope": 0.25963869295338055,
      "intercept": 0.82687343235827,
      "rms": 0.017658236038378003
    },
    "quadratic": {
      "a": -0.004644432014133244,
      "b": 0.3293051731653796,
      "c": 0.5791703916044925,
      "rms": 0.013326488954896945
    },
    "z_m": {
      "slope": 0.08284137166493856,
      "intercept": 0.7336635012456021
    },
    "beta_me": {
      "slope": 0.09395594962350562,
      "intercept": 0.359546429867048
    },
    "best_linear": {
      "slope": 0.25963869295338055,
      "intercept": 0.82687343235827,
      "rms": 0.017658236038378003
    },
    "best_quadratic": {
      "a": -0.004644432014133244,
      "b": 0.3293051731653796,
      "c": 0.5791703916044925,
      "rms": 0.013326488954896945
    }
  }
}