{
  "sprint": "044c",
  "q": 7,
  "n": 12,
  "chi_max": 20,
  "n8_reference": {
    "0.2": 0.5115,
    "0.25": 0.5292,
    "0.3": 0.4378,
    "0.35": 0.4467,
    "0.4": 0.307
  },
  "data": [
    {
      "g": 0.25,
      "n12_cv": 0.5079307821750938,
      "n8_cv": 0.5292,
      "delta": -0.021269217824906206,
      "E0": -11.904643696080587,
      "mi_mean": 0.7689093400899253,
      "time_dmrg": 127.7106032371521,
      "time_mi": 6.561241388320923,
      "status": "ok"
    },
    {
      "g": 0.3,
      "n12_cv": 0.541169196647462,
      "n8_cv": 0.4378,
      "delta": 0.10336919664746197,
      "E0": -12.32512550791646,
      "mi_mean": 0.9066972846646113,
      "time_dmrg": 155.74750471115112,
      "time_mi": 6.607072353363037,
      "status": "ok"
    },
    {
      "g": 0.35,
      "n12_cv": 0.4994547718045917,
      "n8_cv": 0.4467,
      "delta": 0.052754771804591705,
      "E0": -12.846858531949568,
      "mi_mean": 0.7652001035705267,
      "time_dmrg": 139.92022585868835,
      "time_mi": 6.208506107330322,
      "status": "ok"
    },
    {
      "g": 0.4,
      "status": "failed",
      "error": "Maximum truncation error (``max_trunc_err``) exceeded."
    }
  ],
  "total_time": 595.9233481884003
}