{
  "experiment": "041d",
  "q5_n8": {
    "0.5": 0.1409,
    "0.8": 0.3616,
    "0.9": 0.4384,
    "0.95": 0.479,
    "1.0": 0.5213,
    "1.05": 0.5651,
    "1.1": 0.6103,
    "1.3": 0.7941
  },
  "q5_n12": {
    "0.5": 0.1206,
    "0.8": 0.3766,
    "1.0": 0.5794,
    "1.1": 0.7017
  },
  "crossing_q5": 0.6725212464589234,
  "crossing_trend": {
    "q2": 0.93,
    "q3": 0.923,
    "q4": 0.893,
    "q5": 0.6725212464589234
  },
  "cv_at_g1": {
    "q5_n8": 0.5213,
    "q5_n12": 0.5794
  }
}