{
  "p_values": [
    0.0,
    0.01,
    0.02,
    0.03,
    0.05,
    0.08,
    0.1,
    0.12,
    0.15,
    0.18,
    0.2,
    0.25,
    0.3,
    0.35,
    0.4,
    0.5
  ],
  "uncoded": {
    "zero": [
      1.0,
      0.99517,
      0.9904,
      0.98549,
      0.97444,
      0.96076,
      0.94945,
      0.94008,
      0.92626,
      0.90932,
      0.90118,
      0.87357,
      0.84881,
      0.82616,
      0.79816,
      0.75093
    ],
    "one": [
      0.0,
      0.00467,
      0.01021,
      0.01458,
      0.02563,
      0.03972,
      0.05082,
      0.05851,
      0.07586,
      0.09176,
      0.10007,
      0.1265,
      0.14943,
      0.17642,
      0.20036,
      0.24839
    ],
    "plus": [
      1.0,
      0.99466,
      0.98963,
      0.98568,
      0.97457,
      0.96002,
      0.94943,
      0.9407,
      0.92688,
      0.91048,
      0.89983,
      0.87527,
      0.85024,
      0.8218,
      0.79737,
      0.75086
    ]
  },
  "bitflip_3qubit": {
    "zero": [
      1.0,
      0.99986,
      0.99967,
      0.99928,
      0.99828,
      0.99543,
      0.99295,
      0.99036,
      0.9843,
      0.97643,
      0.97217,
      0.95752,
      0.93927,
      0.91755,
      0.89715,
      0.84396
    ],
    "one": [
      1.0,
      0.99994,
      0.99979,
      0.99929,
      0.9982,
      0.99522,
      0.99263,
      0.99035,
      0.9839,
      0.97753,
      0.97287,
      0.95638,
      0.93947,
      0.91753,
      0.89622,
      0.84474
    ],
    "plus": [
      null,
      null,
      null,
      null,
      null,
      null,
      null,
      null,
      null,
      null,
      null,
      null,
      null,
      null,
      null,
      null
    ]
  },
  "five_qubit_analytical": {
    "zero": [
      1.0,
      0.99902,
      0.996158,
      0.991528,
      0.977407,
      0.945639,
      0.91854,
      0.887549,
      0.83521,
      0.777649,
      0.73728,
      0.632812,
      0.52822,
      0.428415,
      0.33696,
      0.1875
    ],
    "one": [
      1.0,
      0.99902,
      0.996158,
      0.991528,
      0.977407,
      0.945639,
      0.91854,
      0.887549,
      0.83521,
      0.777649,
      0.73728,
      0.632812,
      0.52822,
      0.428415,
      0.33696,
      0.1875
    ]
  },
  "theory": {
    "uncoded_z": [
      1.0,
      0.9933333333333333,
      0.9866666666666667,
      0.98,
      0.9666666666666667,
      0.9466666666666667,
      0.9333333333333333,
      0.92,
      0.9,
      0.88,
      0.8666666666666667,
      0.8333333333333334,
      0.8,
      0.7666666666666667,
      0.7333333333333334,
      0.6666666666666667
    ],
    "bitflip_3q_z": [
      1.0,
      0.9998672592592591,
      0.9994714074074075,
      0.9988159999999999,
      0.9967407407407407,
      0.991770074074074,
      0.9872592592592594,
      0.981824,
      0.9720000000000001,
      0.960256,
      0.9514074074074076,
      0.925925925925926,
      0.8960000000000001,
      0.8620740740740742,
      0.8245925925925928,
      0.7407407407407409
    ],
    "five_qubit": [
      1.0,
      0.9990198503999999,
      0.9961576127999999,
      0.9915279471999999,
      0.9774074999999998,
      0.9456387072000001,
      0.9185400000000001,
      0.8875491328,
      0.8352099999999998,
      0.7776494272000003,
      0.7372800000000002,
      0.6328125,
      0.5282199999999998,
      0.42841500000000005,
      0.3369599999999999,
      0.1875
    ]
  },
  "crossover_3qubit": null,
  "crossover_5qubit": 0.07738018354860644,
  "phase_flip_test": {
    "p_values": [
      0.0,
      0.05,
      0.1,
      0.2,
      0.3,
      0.5
    ],
    "results": {
      "coded": [
        1.0,
        1.0,
        1.0,
        1.0,
        1.0,
        1.0
      ],
      "uncoded": [
        1.0,
        1.0,
        1.0,
        1.0,
        1.0,
        1.0
      ]
    }
  }
}