{
  "sqrt(q-1)": {
    "params": [
      0.20012688827716982,
      0.04989117453374852
    ],
    "chi2_red": 0.40369311913345235,
    "rms": 0.014369180449032648,
    "gc_20": 0.9222240564191865,
    "gc_50": 1.4507793924739372,
    "residuals": [
      -1.806281091831785e-05,
      8.666586915273555e-05,
      -0.0048211129904670025,
      -0.00924495108808815,
      -0.0050999346237909915,
      0.0332281606347421
    ]
  },
  "sqrt(q)": {
    "params": [
      0.25747427787134547,
      -0.1136679743838351
    ],
    "chi2_red": 1.4504985109689899,
    "rms": 0.017747148033335377,
    "gc_20": 1.0377920011721615,
    "gc_50": 1.706950104255543,
    "residuals": [
      -0.00045564134404058043,
      0.0007094434685576689,
      -0.009580581358855866,
      -0.021162013394163237,
      -0.03254493385968582,
      -0.01703718259670639
    ]
  },
  "ln(q)": {
    "params": [
      0.20666271885206047,
      0.10641725505563537
    ],
    "chi2_red": 2.4381186425997248,
    "rms": 0.042720976186494876,
    "gc_20": 0.7255234316611677,
    "gc_50": 0.914886565569225,
    "residuals": [
      0.00033506404520625144,
      -0.00045945759607163295,
      -0.001212616853952131,
      0.001871930137149036,
      0.026435662898775303,
      0.10122424923799067
    ]
  },
  "(q-1)^b free": {
    "params": [
      0.19253634875871142,
      0.516054986400728,
      0.05752112851722299
    ],
    "chi2_red": 0.5217834441999653,
    "rms": 0.012653395247560796,
    "gc_20": 0.9373939517500703,
    "gc_50": 1.492174048941324,
    "residuals": [
      -5.747727593441443e-05,
      0.00014428961788476302,
      -0.005238084520142794,
      -0.010360453374368916,
      -0.007900778964604172,
      0.027630192051535274
    ]
  },
  "q^b": {
    "params": [
      0.1567811499767465,
      0.6811379196086897
    ],
    "chi2_red": 4.666571946473402,
    "rms": 0.03811240844881596,
    "gc_20": 1.206353837943911,
    "gc_50": 2.251784056669018,
    "residuals": [
      -0.0013835127476204967,
      0.0016559132424199263,
      -0.011369313439184792,
      -0.02833329483439967,
      -0.055095314810174045,
      -0.06887051119414889
    ]
  }
}