{
  "experiment": "116b_alpha_refit_q25",
  "sprint": 116,
  "timestamp": "2026-04-08 00:15:09",
  "data": {},
  "fit_results_global": {
    "linear": {
      "params": {
        "a": 0.147149434359379,
        "b": 1.6618516179952665
      },
      "rms": 0.1664307399876558,
      "aic": -31.86352064307583,
      "residuals": {
        "5": -0.30659878979216115,
        "6": -0.16774822415154045,
        "7": -0.041897658510919644,
        "8": 0.05795290712970136,
        "9": 0.17280347277032249,
        "10": 0.21565403841094355,
        "12": 0.20335516969218537,
        "15": 0.05190686661404831,
        "20": -0.014840305182846514,
        "25": -0.1705874769797413
      },
      "q30_pred": 6.076334648776637,
      "q50_pred": 9.019323335964216
    },
    "quadratic": {
      "params": {
        "a": -0.004125606179317787,
        "b": 0.2686024611015799,
        "c": 0.9624197258741818
      },
      "rms": 0.08868320067629028,
      "aic": -42.45369604919753,
      "residuals": {
        "5": -0.11129187689913689,
        "6": -0.04851267002822102,
        "7": 0.009517749201330528,
        "8": 0.049799380789516956,
        "9": 0.11333222473633953,
        "10": 0.1131162810417976,
        "12": 0.03943803072862018,
        "15": -0.1421952520513794,
        "20": -0.0942264761786662,
        "25": 0.07102260865993681
      },
      "q30_pred": 5.307447997535572,
      "q50_pred": 4.0785273326587115
    },
    "power_law": {
      "params": {
        "a": 0.9645194118169002,
        "b": 0.523440539913502
      },
      "rms": 0.08631289701362166,
      "aic": -44.9955249619971,
      "residuals": {
        "5": -0.14865028140040604,
        "6": -0.0869215912439687,
        "7": -0.020973301828508983,
        "8": 0.032657921573921556,
        "9": 0.11250698309594176,
        "10": 0.1297736595864647,
        "12": 0.08941078264837277,
        "15": -0.05938257416786197,
        "20": -0.03724842216540036,
        "25": -0.03055202780007793
      },
      "q30_pred": 5.721318428193193,
      "q50_pred": 7.47516440920266
    },
    "logarithmic": {
      "params": {
        "a": 1.862480558591107,
        "b": -0.9623979230103223
      },
      "rms": 0.07162535946957471,
      "aic": -48.726121703748106,
      "residuals": {
        "5": 0.05585110084235456,
        "6": 0.0022807459015492526,
        "7": -0.011821898370321993,
        "8": -0.013521521095090971,
        "9": 0.02910986486305145,
        "10": 0.022877952807215607,
        "12": -0.03469240213358882,
        "15": -0.16029292823128172,
        "20": -0.02709519522792192,
        "25": 0.1373042786743861
      },
      "q30_pred": 5.37226607626642,
      "q50_pred": 6.323668869360752
    },
    "sqrt": {
      "params": {
        "a": 1.0802365397811646,
        "b": -0.19545703640496703
      },
      "rms": 0.08248049115377795,
      "aic": -45.90386968936885,
      "residuals": {
        "5": -0.12902529832487275,
        "6": -0.07357128756858788,
        "7": -0.012580204980926712,
        "8": 0.03708670614595411,
        "9": 0.1137474170614734,
        "10": 0.12844915895739906,
        "12": 0.08440789421821515,
        "15": -0.06728109213220934,
        "20": -0.04550763305471328,
        "25": -0.03572566250085618
      },
      "q30_pred": 5.721242166389739,
      "q50_pred": 7.442968789242565
    },
    "log+loglog": {
      "params": {
        "a": 2.615994715012677,
        "b": -1.7732356752988943,
        "c": -1.2575764586033384
      },
      "rms": 0.060416598927865384,
      "aic": -50.129827902200866,
      "residuals": {
        "5": -0.017848363411823165,
        "6": -0.018509200861514863,
        "7": -0.002418356987516912,
        "8": 0.012953092745735528,
        "9": 0.06453084851185498,
        "10": 0.061962110734388176,
        "12": 0.0021351359224879296,
        "15": -0.1391199417241249,
        "20": -0.04366919058485763,
        "25": 0.07998387232127335
      },
      "q30_pred": 5.4692712902519425,
      "q50_pred": 6.557464710510173
    }
  },
  "best_model_global": "log+loglog",
  "aic_ranking_global": [
    [
      "log+loglog",
      -50.129827902200866
    ],
    [
      "logarithmic",
      -48.726121703748106
    ],
    [
      "sqrt",
      -45.90386968936885
    ],
    [
      "power_law",
      -44.9955249619971
    ],
    [
      "quadratic",
      -42.45369604919753
    ],
    [
      "linear",
      -31.86352064307583
    ]
  ],
  "fit_results_last-pair": {
    "linear": {
      "params": {
        "a": 0.16447619047619033,
        "b": 1.554428571428571
      },
      "rms": 0.15233575073626315,
      "aic": -33.63336615432229,
      "residuals": {
        "5": -0.2768095238095225,
        "6": -0.1392857142857129,
        "7": -0.03576190476190355,
        "8": 0.02676190476190632,
        "9": 0.12428571428571544,
        "10": 0.21780952380952545,
        "12": 0.20585714285714474,
        "15": 0.04842857142857415,
        "20": -0.008952380952377936,
        "25": -0.16233333333332922
      },
      "q30_pred": 6.4887142857142805,
      "q50_pred": 9.778238095238088
    },
    "quadratic": {
      "params": {
        "a": -0.0038294560885057116,
        "b": 0.2772109044818504,
        "c": 0.9052042874419864
      },
      "rms": 0.07821169374126591,
      "aic": -44.966722125539825,
      "residuals": {
        "5": -0.09552240763859565,
        "6": -0.02860929514688282,
        "7": 0.011962729521840743,
        "8": 0.0191936663675758,
        "9": 0.06908351539032243,
        "10": 0.12263227659008047,
        "12": 0.05370653552063143,
        "15": -0.13174023475595664,
        "20": -0.0826399416767094,
        "25": 0.06193315582782333
      },
      "q30_pred": 5.775020942242357,
      "q50_pred": 5.192109290270226
    },
    "power_law": {
      "params": {
        "a": 0.8911430081866077,
        "b": 0.5666758308101583
      },
      "rms": 0.07251408952694481,
      "aic": -48.47948795400126,
      "residuals": {
        "5": -0.11838444789751978,
        "6": -0.05784028849708678,
        "7": -0.014380268982506994,
        "8": 0.0016126495711024091,
        "9": 0.06376540457349522,
        "10": 0.13133535338355218,
        "12": 0.09071342724313647,
        "15": -0.06437528067752396,
        "20": -0.03142077763245066,
        "25": -0.018379139446793147
      },
      "q30_pred": 6.123452005102871,
      "q50_pred": 8.179234181383288
    },
    "logarithmic": {
      "params": {
        "a": 2.0674088394020487,
        "b": -1.3452760101652776
      },
      "rms": 0.09773223239698996,
      "aic": -42.510477247955066,
      "residuals": {
        "5": 0.11790984353023859,
        "6": 0.04297664540087398,
        "7": -0.00771583267383491,
        "8": -0.05677981412343902,
        "9": -0.03828550317105339,
        "10": 0.00189123543399905,
        "12": -0.058041962695365434,
        "15": -0.18337091313792708,
        "20": -0.013127372662239623,
        "25": 0.1945436768951989
      },
      "q30_pred": 5.686389521234166,
      "q50_pred": 6.74247493120104
    },
    "sqrt": {
      "params": {
        "a": 1.2034997528957256,
        "b": -0.5085432814277941
      },
      "rms": 0.06291772067290838,
      "aic": -51.31854854488692,
      "residuals": {
        "5": -0.08256397695124784,
        "6": -0.03741701873237524,
        "7": -0.005617767661982853,
        "8": 0.0015319357121863497,
        "9": 0.05704402274061682,
        "10": 0.11974289882747602,
        "12": 0.07349784360382294,
        "15": -0.08259121870209274,
        "20": -0.03867123533028938,
        "25": -0.00495548305083382
      },
      "q30_pred": 6.083296344701028,
      "q50_pred": 8.001485082861224
    },
    "log+loglog": {
      "params": {
        "a": 3.5639800866383813,
        "b": -3.5218629218911213,
        "c": -1.9315366250754629
      },
      "rms": 0.060937288254231926,
      "aic": -49.95820010064912,
      "residuals": {
        "5": -0.028466325393636804,