{
  "experiment": "035b2",
  "data": {
    "critical_8": {
      "pauli_fraction": 0.90868843126686,
      "fidelity_projected": 0.9830005845792373,
      "fidelity_exact": 1.0000000267088829,
      "trace_distance": 0.09329603539514023,
      "S_exact": 0.5152749590579357,
      "S_projected": 0.7634158487756165,
      "S_error_pct": 48.1569859655805,
      "n_ops": 7,
      "coeffs": [
        -6.050918694242764,
        -5.242713194946617,
        -2.881009576481148,
        -1.0571384429115456,
        -6.09088634461724,
        -3.8602670386702838,
        -2.125291482016096
      ],
      "n": 8,
      "h_J": 1.0,
      "E0": -9.837951447459416,
      "time": 0.016553640365600586
    },
    "critical_10": {
      "pauli_fraction": 0.6747408762440831,
      "fidelity_projected": 0.8932395834007729,
      "fidelity_exact": 1.0000000753131149,
      "trace_distance": 0.24078176116122119,
      "S_exact": 0.5468570255335955,
      "S_projected": 1.271340505037496,
      "S_error_pct": 132.48133345219182,
      "n_ops": 9,
      "coeffs": [
        -4.0766434709812005,
        -3.4945099655732936,
        -3.004767710354793,
        -1.7227607286392663,
        -0.5858617181465811,
        -3.862940752070966,
        -3.3240502358369675,
        -2.3721542963675852,
        -1.1547802623494423
      ],
      "n": 10,
      "h_J": 1.0,
      "E0": -12.381489999654738,
      "time": 0.47469663619995117
    },
    "critical_12": {
      "pauli_fraction": 0.4694451228628428,
      "fidelity_projected": 0.6983636179687048,
      "fidelity_exact": 1.0000002951159757,
      "trace_distance": 0.41999392681106307,
      "S_exact": 0.5720519713656381,
      "S_projected": 2.111354960425528,
      "S_error_pct": 269.08446541756854,
      "n_ops": 11,
      "coeffs": [
        -2.444697291107903,
        -1.9763056536312966,
        -1.9978370794718656,
        -1.6679390522352258,
        -1.0151265712853939,
        -0.33090505105749785,
        -2.0920543356799985,
        -2.044668402585379,
        -1.8744335246291919,
        -1.3637396948602767,
        -0.6570253170236389
      ],
      "n": 12,
      "h_J": 1.0,
      "E0": -14.925971109908652,
      "time": 1.9148759841918945
    },
    "critical_16": {
      "pauli_fraction": 0.2005488137195856,
      "fidelity_projected": 0.15439069964182794,
      "fidelity_exact": 1.0000004488201346,
      "trace_distance": 0.8328639783661194,
      "S_exact": 0.6108505224116108,
      "S_projected": 5.920548740414008,
      "S_error_pct": 869.230363762307,
      "n_ops": 15,
      "coeffs": [
        -0.7640710307264544,
        -0.6073641422568588,
        -0.5997884876988441,
        -0.6025693271448972,
        -0.5758531034643921,
        -0.4896580114555526,
        -0.3048802396398667,
        -0.10429073299529604,
        -0.5763198620982252,
        -0.6254037909260629,
        -0.6009895275676981,
        -0.5850447887877575,
        -0.5528453326599985,
        -0.40085672809109696,
        -0.20694634843043233
      ],
      "n": 16,
      "h_J": 1.0,
      "E0": -20.01638790048514,
      "time": 3.750669002532959
    },
    "critical_20": {
      "pauli_fraction": 0.07597370600158455,
      "fidelity_projected": 0.009163959679600701,
      "fidelity_exact": 1.0000007564811058,
      "trace_distance": 0.98783523139083,
      "S_exact": 0.6402672376986309,
      "S_projected": 9.68546791624747,
      "S_error_pct": 1412.7227110762067,
      "n_ops": 19,
      "coeffs": [
        -0.21957672907903147,
        -0.17685983326618848,
        -0.16826966272469668,
        -0.16992594492731614,
        -0.17041090085544477,
        -0.16589433665931133,
        -0.15983912850034954,
        -0.138044093224822,
        -0.0870425991467278,
        -0.029892335940695198,
        -0.153722336610286,
        -0.17289144850526303,
        -0.17331963172428536,
        -0.16877076774305824,
        -0.16679465467147853,
        -0.164080257458583,
        -0.15485052288458076,
        -0.11271073212267162,
        -0.05940644662387712
      ],
      "n": 20,
      "h_J": 1.0,
      "E0": -25.10779711162376,
      "time": 20.870059490203857
    },
    "ordered_8": {
      "pauli_fraction": 0.8908072869203459,
      "fidelity_projected": 0.995668967293105,
      "fidelity_exact": 1.000000020078656,
      "trace_distance": 0.04554483692715684,
      "S_exact": 0.9934364088593766,
      "S_projected": 1.0276957363723729,
      "S_error_pct": 3.4485677399655095,
      "n_ops": 7,
      "coeffs": [
        -3.8985299945900804,
        -3.594362358982803,
        -1.8148317885731409,
        -0.7172503833570341,
        -7.974315852268202,
        -5.152209469337567,
        -2.8050884806362393
      ],
      "n": 8,
      "h_J": 0.5,
      "E0": -7.6405925535900705
    },
    "ordered_10": {
      "pauli_fraction": 0.6304291884679439,
      "fidelity_projected": 0.9517418458172218,
      "fidelity_exact": 1.0000000317664715,
      "trace_distance": 0.06780272128618835,
      "S_exact": 1.0014577038993537,
      "S_projected": 1.3291629582864788,
      "S_error_pct": 32.72282524874953,
      "n_ops": 9,
      "coeffs": [
        -2.4890587581552275,
        -1.9480495871166985,
        -2.0178813621489358,
        -0.9878853631946357,
        -0.39784688252407097,
        -4.831590504959166,
        -4.242013656716574,
        -2.887785864339179,
        -1.5472815048054955
      ],
      "n": 10,
      "h_J": 0.5,
      "E0": -9.765503957927187
    },
    "ordered_12": {
      "pauli_fraction": 0.416601381466973,
      "fidelity_projected": 0.7628599477485437,
      "fidelity_exact": 1.000000232058598,
      "trace_distance": 0.25429158240714966,
      "S_exact": 1.0035169930903567,
      "S_projected": 2.167341695989367,
      "S_error_pct": 115.97458846361752,
      "n_ops": 11,
      "coeffs": [
        -1.383590652152129,
        -0.9132927970898241,
        -1.072457045536665,
        -1.0387335954757404,
        -0.5296058706435219,
        -0.20042751515772472,
        -2.557622114041127,
        -2.528719781094117,
        -2.218489524240037,
        -1.5196241276665712,
        -0.7848564491228163
      ],
      "n": 12,
      "h_J": 0.5,
      "E0": -11.8920448729388
    },
    "ordered_16": {
      "pauli_fraction": 0.16166819103437718,
      "fidelity_projected": 0.13643123081433803,
      "fidelity_exact": 1.0000005792335052,
      "trace_distance": 0.8673335701464226,
      "S_exact": 1.004168962301549,
      "S_projected": 6.413686659342313,
      "S_error_pct": 538.705925011084,
      "n_ops": 15,
      "coeffs": [
        -0.3720177446565279,
        -0.2273961234236267,
        -0.21914501777030648,
        -0.24139312374307442,
        -0.27371836651088177,
        -0.2659566164876525,
        -0.14028324680011062,
        -0.05239098913589023,
        -0.6608919864232645,
        -0.7052452718898475,
        -0.6912352955436707,
        -0.6475851265465393,
        -0.5766187559234268,
        -0.3987784874149274,
        -0.20558999347887147
      ],
      "n": 16,
      "h_J": 0.5,
      "E0": -16.146050955496783
    }
  },
  "total_runtime": 31.924989461898804
}