{
  "experiment": "081b_sq_dmrg_gap_q6",
  "timestamp": "2026-04-02 06:05:55",
  "q": 6,
  "gc": 0.16666666666666666,
  "data": [
    {
      "n": 10,
      "chi_max": 40,
      "E0": -10.818384549438449,
      "E1": -10.608315339186056,
      "gap": 0.21006921025239222,
      "gapN": 2.1006921025239222,
      "time_s": 312.7567067146301
    }
  ]
}