{
  "experiment": "109c_correction_analysis",
  "sprint": 109,
  "timestamp": "2026-04-02 19:31:04",
  "data": {
    "q=2": {
      "Ns": [
        4,
        5,
        6,
        7,
        8,
        9,
        10,
        12,
        14,
        16,
        18
      ],
      "chi_F": [
        0.3642766952966367,
        0.4736067977499824,
        0.580341801261518,
        0.6855596199318267,
        0.7898169490339666,
        0.8934288188202772,
        0.9965864547264127,
        1.201989177936671,
        1.4066068257319555,
        1.6107323268712566,
        1.814529106163506
      ],
      "pairwise_alpha": [
        1.1762101324317267,
        1.1147327240605065,
        1.0808789545152544,
        1.0601682316998458,
        1.0465467853535995,
        1.0370984587930772,
        1.0278390591828173,
        1.0197974151669142,
        1.0148073557800965,
        1.0114958471065307
      ],
      "pairwise_z_m": [
        0.9581806215352066,
        0.9722773681839811,
        0.9802614412836506,
        0.9852255611276652,
        0.9885239895093516,
        0.9908276896094966,
        0.9930984488873145,
        0.9950800744344256,
        0.9963146195076846,
        0.9971359565307149
      ],
      "pairwise_beta_me": [
        0.2598488893613144,
        0.1701779876925421,
        0.12035607194795497,
        0.08971710944451634,
        0.06949880633488921,
        0.055443079574088984,
        0.041642161408187106,
        0.029637266298064943,
        0.02217811676472632,
        0.017223934045104302
      ],
      "log_fit": {
        "alpha_inf": 0.8741798092182128,
        "c": 0.3760129493393333,
        "R2": 0.9761060223072165,
        "AIC": -86.53116524442355
      },
      "power_fit": {
        "alpha_inf": 1.000652889231318,
        "c": 3.8704109912150124,
        "omega": 2.071340352022143,
        "R2": 0.9999771172605422,
        "AIC": -140.1391559315596
      },
      "fixed_omega_fit": {
        "omega": 2.0,
        "alpha_inf": 0.9994738420061783,
        "R2": 0.9998979755668052,
        "AIC": -130.18052045291392
      }
    },
    "q=3": {
      "Ns": [
        4,
        5,
        6,
        7,
        8,
        9,
        10,
        12,
        14
      ],
      "chi_F": [
        2.006495832040999,
        2.8222220303099315,
        3.6978448328804205,
        4.629370490686055,
        5.613017909059959,
        6.6454355938497365,
        7.7237004139636225,
        10.007896311738856,
        12.448715493225887
      ],
      "pairwise_alpha": [
        1.5287678858947997,
        1.4821376495915317,
        1.457474748908088,
        1.4428639369976315,
        1.4334977410213823,
        1.427131732905914,
        1.421010437272729,
        1.4157772902748975
      ],
      "pairwise_z_m": [
        1.027581547014414,
        1.0312580795013806,
        1.0317833420770586,
        1.031128878240993,
        1.0300303077163318,
        1.0287904791467573,
        1.0269662238564903,
        1.024695736531579
      ],
      "pairwise_beta_me": [
        0.47360479186597365,
        0.4196214905887693,
        0.3939080647539699,
        0.38060618051564865,
        0.3734371255887152,
        0.3695507746124017,
        0.36707798955974597,
        0.3663858172117408
      ],
      "log_fit": {
        "alpha_inf": 1.301090256673092,
        "c": 0.28782790884653736,
        "R2": 0.9814415615285661,
        "AIC": -71.1690987507191
      },
      "power_fit": {
        "alpha_inf": 1.4049712059913089,
        "c": 3.671723107332708,
        "omega": 2.269447680448937,
        "R2": 0.9999765476785966,
        "AIC": -109.211361060563
      },
      "fixed_omega_fit": {
        "omega": 0.8,
        "alpha_inf": 1.3572336804582728,
        "R2": 0.9779971479836657,
        "AIC": -70.1476137967637
      }
    },
    "q=4": {
      "Ns": [
        4,
        5,
        6,
        7,
        8,
        9,
        10,
        11
      ],
      "chi_F": [
        6.3402852850585125,
        9.526464558530096,
        13.211532966848834,
        17.383224885905992,
        22.030106913043156,
        27.141939119159908,
        32.709622409076204,
        38.725053634149745
      ],
      "pairwise_alpha": [
        1.8246097686477527,
        1.7936249276922307,
        1.78017701083303,
        1.7741473000420431,
        1.7716480609978493,
        1.7709594160418518,
        1.7712428384715773
      ],
      "pairwise_z_m": [
        1.0971492114072232,
        1.095426425071973,
        1.0921115539343,
        1.0885526377384949,
        1.08515676451529,
        1.0820377883942764,
        1.0792103281551928
      ],
      "pairwise_beta_me": [
        0.6303113458333056,
        0.6027720775482871,
        0.5959539029644276,
        0.5970420245650568,
        0.6013345319672637,
        0.6068838392533009,
        0.6128221821611916
      ],
      "log_fit": {
        "alpha_inf": 1.7344457686454908,
        "c": 0.0827720518215102,
        "R2": 0.8502640771598609,
        "AIC": -62.15664912782185
      },
      "power_fit": {
        "alpha_inf": 1.7671216059132269,
        "c": 3.3677199225893224,
        "omega": 2.9999999778103175,
        "R2": 0.9342526576834869,
        "AIC": -64.27191902267762
      }
    },
    "q=5": {
      "Ns": [
        4,
        5,
        6,
        7,
        8,
        9
      ],
      "chi_F": [
        15.332267472966565,
        24.434717604423465,
        35.673894694419225,
        49.130928244162895,
        64.87960811397006,
        82.98904025413196
      ],
      "pairwise_alpha": [
        2.088545145610403,
        2.075531896810238,
        2.0763421851103243,
        2.0822416700864554,
        2.0900733535440663
      ],
      "pairwise_z_m": [
        1.1665960701044988,
        1.1633453842017567,
        1.159392106930992,
        1.1556744511253305,
        1.1523971519666623
      ],
      "pairwise_beta_me": [
        0.7553530054014065,
        0.748841128406722,
        0.757557971248342,
        0.7708927678357926,
        0.7852790496107453
      ],
      "log_fit": {
        "alpha_inf": 2.1840185602904323,
        "c": -0.20255982369482745,
        "R2": 0.9753110489004259,
        "AIC": -38.188262556788395
      },
      "power_fit": {
        "alpha_inf": 2.591917180063584,
        "c": -0.6222502950875612,
        "omega": 0.1000001614253745,
        "R2": 0.9848257234016966,
        "AIC": -37.64852502018068
      }
    }
  }
}