{
  "experiment": "079b_sq_exact_c_q7q10",
  "timestamp": "2026-04-02 05:30:11",
  "complex_cft": {
    "q5": {
      "Re_c": 1.137547336647226,
      "Im_c": -0.02106874194032345
    },
    "q7": {
      "Re_c": 1.3512522747656739,
      "Im_c": -0.08758961723742646
    },
    "q10": {
      "Re_c": 1.5841074666315276,
      "Im_c": -0.19182451892497113
    }
  },
  "q7": {
    "n6": {
      "n": 6,
      "dim": 117649,
      "E0": -6.346889157512979,
      "c": 1.120572302455932,
      "s0": 0.317045171827433,
      "R2": 1.0,
      "S_mid": 0.5673393321715359,
      "S_profile": [
        0.4367553325107532,
        0.5404752853129869,
        0.5673393321715359,
        0.5404752853129859,
        0.43675533251074905
      ],
      "time_build": 0.16089677810668945,
      "time_eig": 0.36115026473999023,
      "time_ent": 0.02669811248779297
    },
    "n8": {
      "n": 8,
      "dim": 5764801,
      "E0": -8.551611225407687,
      "c": 1.1107646635994477,
      "s0": 0.3220136322554013,
      "R2": 0.9999885529194474,
      "S_mid": 0.6232565462661476,
      "S_profile": [
        0.4427512200130058,
        0.5591796288347987,
        0.6087945217415155,
        0.6232565462661476,
        0.6087945217415192,
        0.5591796288348015,
        0.4427512200130043
      ],
      "time_build": 9.125266313552856,
      "time_eig": 31.70150923728943,
      "time_ent": 2.748077392578125
    }
  },
  "q10": {
    "n5": {
      "n": 5,
      "dim": 100000,
      "E0": -5.2056729135338085,
      "c": 1.4423014202190858,
      "s0": 0.21701664615114047,
      "R2": 0.0,
      "S_mid": 0.4832831366177571,
      "S_profile": [
        0.40309772955895073,
        0.4832831366177571,
        0.4832831366177571,
        0.40309772955895684
      ],
      "time_build": 0.12552213668823242,
      "time_eig": 0.2450103759765625,
      "time_ent": 0.009561300277709961
    },
    "n6": {
      "n": 6,
      "dim": 1000000,
      "E0": -6.285380125965198,
      "c": 0.9457075022770669,
      "s0": 0.3095093858478676,
      "R2": 1.0,
      "S_mid": 0.5207452558535568,
      "S_profile": [
        0.4074023608611135,
        0.4980733313378681,
        0.5207452558535568,
        0.49807333133787096,
        0.4074023608611135
      ],
      "time_build": 1.2039506435394287,
      "time_eig": 5.104571342468262,
      "time_ent": 1.0303184986114502
    }
  }
}