{
  "q=4_n=4": {
    "q": 4,
    "n": 4,
    "g_c": 0.392,
    "dim": 256,
    "time_s": 0.02,
    "E0": -4.8196635,
    "eigenvalues": [
      -4.8196635,
      -4.67110983,
      -4.67110983,
      -4.55948878,
      -3.86345283,
      -3.61897603,
      -3.61897603,
      -3.61897603,
      -3.61897603,
      -3.38987158,
      -3.38987158,
      -3.345201,
      -3.32169718,
      -3.32169718,
      -3.22811316,
      -3.22811316,
      -3.17558726,
      -3.17558726,
      -3.04894503,
      -3.04894503
    ],
    "gaps": [
      0.0,
      0.14855367,
      0.14855367,
      0.26017473,
      0.95621067,
      1.20068747,
      1.20068747,
      1.20068747,
      1.20068747,
      1.42979193,
      1.42979193,
      1.4744625,
      1.49796633,
      1.49796633,
      1.59155035,
      1.59155035,
      1.64407625,
      1.64407625,
      1.77071848,
      1.77071848
    ],
    "nonzero_gaps": [
      0.14855367,
      0.14855367,
      0.26017473,
      0.95621067,
      1.20068747,
      1.20068747,
      1.20068747,
      1.20068747,
      1.42979193,
      1.42979193,
      1.4744625,
      1.49796633,
      1.49796633,
      1.59155035,
      1.59155035
    ],
    "ratios": [
      1.0,
      1.0,
      1.751385,
      6.436803,
      8.082516,
      8.082516,
      8.082516,
      8.082516,
      9.62475,
      9.62475,
      9.925453,
      10.083671,
      10.083671,
      10.713639,
      10.713639
    ],
    "gs_degeneracy": 1
  },
  "q=4_n=6": {
    "q": 4,
    "n": 6,
    "g_c": 0.392,
    "dim": 4096,
    "time_s": 0.08,
    "E0": -7.14112845,
    "eigenvalues": [
      -7.14112845,
      -7.04338989,
      -7.04338989,
      -6.97463811,
      -6.50326436,
      -6.28954868,
      -6.28954868,
      -6.28954868,
      -6.28954868,
      -6.19209413,
      -6.19209413,
      -6.12934694,
      -6.1176799,
      -6.1176799,
      -5.99239875,
      -5.99239875,
      -5.84928741,
      -5.83175493,
      -5.83175493,
      -5.78957651
    ],
    "gaps": [
      0.0,
      0.09773856,
      0.09773856,
      0.16649034,
      0.63786409,
      0.85157977,
      0.85157977,
      0.85157977,
      0.85157977,
      0.94903432,
      0.94903432,
      1.01178152,
      1.02344855,
      1.02344855,
      1.1487297,
      1.1487297,
      1.29184104,
      1.30937352,
      1.30937352,
      1.35155194
    ],
    "nonzero_gaps": [
      0.09773856,
      0.09773856,
      0.16649034,
      0.63786409,
      0.85157977,
      0.85157977,
      0.85157977,
      0.85157977,
      0.94903432,
      0.94903432,
      1.01178152,
      1.02344855,
      1.02344855,
      1.1487297,
      1.1487297
    ],
    "ratios": [
      1.0,
      1.0,
      1.703425,
      6.526227,
      8.712833,
      8.712833,
      8.712833,
      8.712833,
      9.709927,
      9.709927,
      10.351917,
      10.471287,
      10.471287,
      11.753086,
      11.753086
    ],
    "gs_degeneracy": 1
  },
  "q=5_n=4": {
    "q": 5,
    "n": 4,
    "g_c": 0.441,
    "dim": 625,
    "time_s": 0.02,
    "E0": -5.00465729,
    "eigenvalues": [
      -5.00465729,
      -4.88650405,
      -4.88650405,
      -4.7167941,
      -4.7167941,
      -4.18039204,
      -3.97857346,
      -3.97857346,
      -3.97857346,
      -3.97857346,
      -3.74252402,
      -3.74252402,
      -3.67141909,
      -3.67141909,
      -3.66653453,
      -3.66653453,
      -3.65311638,
      -3.65311638,
      -3.59865494,
      -3.59865494
    ],
    "gaps": [
      0.0,
      0.11815324,
      0.11815324,
      0.28786319,
      0.28786319,
      0.82426525,
      1.02608383,
      1.02608383,
      1.02608383,
      1.02608383,
      1.26213326,
      1.26213326,
      1.3332382,
      1.3332382,
      1.33812276,
      1.33812276,
      1.35154091,
      1.35154091,
      1.40600234,
      1.40600234
    ],
    "nonzero_gaps": [
      0.11815324,
      0.11815324,
      0.28786319,
      0.28786319,
      0.82426525,
      1.02608383,
      1.02608383,
      1.02608383,
      1.02608383,
      1.26213326,
      1.26213326,
      1.3332382,
      1.3332382,
      1.33812276,
      1.33812276
    ],
    "ratios": [
      1.0,
      1.0,
      2.436355,
      2.436355,
      6.976239,
      8.684348,
      8.684348,
      8.684348,
      8.684348,
      10.682172,
      10.682172,
      11.283975,
      11.283975,
      11.325316,
      11.325316
    ],
    "gs_degeneracy": 1
  },
  "q=5_n=6": {
    "q": 5,
    "n": 6,
    "g_c": 0.441,
    "dim": 15625,
    "time_s": 0.28,
    "E0": -7.41362725,
    "eigenvalues": [
      -7.41362725,
      -7.3340975,
      -7.3340975,
      -7.22208155,
      -7.22208155,
      -6.84551751,
      -6.67899203,
      -6.67899203,
      -6.67899203,
      -6.67899203,
      -6.57348527,
      -6.57348527,
      -6.51529365,
      -6.51529365,
      -6.49054221,
      -6.49054221,
      -6.4430216,
      -6.4430216,
      -6.4430216,
      -6.31731395
    ],
    "gaps": [
      0.0,
      0.07952976,
      0.07952976,
      0.19154571,
      0.19154571,
      0.56810975,
      0.73463522,
      0.73463522,
      0.73463522,
      0.73463522,
      0.84014198,
      0.84014198,
      0.89833361,
      0.89833361,
      0.92308504,
      0.92308504,
      0.97060565,
      0.97060565,
      0.97060565,
      1.0963133
    ],
    "nonzero_gaps": [
      0.07952976,
      0.07952976,
      0.19154571,
      0.19154571,
      0.56810975,
      0.73463522,
      0.73463522,
      0.73463522,
      0.73463522,
      0.84014198,
      0.84014198,
      0.89833361,
      0.89833361,
      0.92308504,
      0.92308504
    ],
    "ratios": [
      1.0,
      1.0,
      2.408478,
      2.408478,
      7.143361,
      9.237237,
      9.237237,
      9.237237,
      9.237237,
      10.56387,
      10.56387,
      11.295566,
      11.295566,
      11.606788,
      11.606788
    ],
    "gs_degeneracy": 1
  }
}