{
  "experiment": "093a_bw_envelope",
  "timestamp": "2026-04-02 09:53:54",
  "data": {
    "q2_nA3": {
      "q": 2,
      "n": 6,
      "nA": 3,
      "g_c": 0.5,
      "E0": -6.86370330515629,
      "bond_coeffs": [
        5.279747915498289,
        5.279747915498243
      ],
      "field_coeffs": [
        -1.5070362753312971,
        -3.1195306444141835,
        -1.5070362753310236
      ],
      "bw_bond_envelope": [
        0.8269933431326879,
        0.8269933431326879
      ],
      "bw_site_envelope": [
        0.47746482927568595,
        0.9549296585513718,
        0.477464829275686
      ],
      "bond_alpha": 2.5929507295125487,
      "bond_offset": 3.1353949231203417,
      "bond_R2": 0.0,
      "site_alpha": -3.3772003092440896,
      "site_offset": 0.1054580937518619,
      "site_R2": 1.0,
      "alpha_ratio": -1.3024544858509413,
      "max_dev_bond": 4.373814674828814e-15,
      "time": 0.00952291488647461
    },
    "q2_nA4": {
      "q": 2,
      "n": 8,
      "nA": 4,
      "g_c": 0.5,
      "E0": -9.125830895483046,
      "bond_coeffs": [
        11.040977894935361,
        9.706005647840605,
        11.040977902461124
      ],
      "field_coeffs": [
        -1.5378913464149928,
        -3.875914789072613,
        -3.8759147924917468,
        -1.537891371975534
      ],
      "bw_bond_envelope": [
        0.9003163161571061,
        1.2732395447351625,
        0.9003163161571062
      ],
      "bw_site_envelope": [
        0.4872476792022163,
        1.1763199553648056,
        1.1763199553648056,
        0.4872476792022163
      ],
      "bond_alpha": -3.5797508670828626,
      "bond_offset": 14.263886012110499,
      "bond_R2": 1.0,
      "site_alpha": -3.3930017393926484,
      "site_offset": 0.11534086385288807,
      "site_R2": 0.9999999999999999,
      "alpha_ratio": 0.9478318087978016,
      "max_dev_bond": 3.4081117638011766e-10,
      "time": 0.011672019958496094
    },
    "q2_nA5": {
      "q": 2,
      "n": 10,
      "nA": 5,
      "g_c": 0.5,
      "E0": -11.392453221499675,
      "bond_coeffs": [
        18.793220305180796,
        16.780454962486115,
        16.80076879069182,
        18.892397879147076
      ],
      "field_coeffs": [
        -1.6548971949927846,
        -4.5587693374929605,
        -5.730206531268919,
        -4.615431730517026,
        -1.999593671722387
      ],
      "bw_bond_envelope": [
        0.9354892837886389,
        1.5136534572813143,
        1.513653457281314,
        0.935489283788639
      ],
      "bw_site_envelope": [
        0.49181582154173303,
        1.2875905370012095,
        1.5915494309189533,
        1.2875905370012095,
        0.49181582154173303
      ],
      "bond_alpha": -3.549506022100427,
      "bond_offset": 22.16333393858212,
      "bond_R2": 0.9987847138881631,
      "site_alpha": -3.516742925668096,
      "site_offset": -0.08927976347386571,
      "site_R2": 0.9949168642402569,
      "alpha_ratio": 0.9907696743636054,
      "max_dev_bond": 0.0026248011131439425,
      "time": 0.09119200706481934
    },
    "q2_nA6": {
      "q": 2,
      "n": 12,
      "nA": 6,
      "g_c": 0.5,
      "E0": -13.661297575540381,
      "bond_coeffs": [
        29.512475218609246,
        26.52445091951484,
        25.355391619149025,
        26.84080296863752,
        29.366398498284557
      ],
      "field_coeffs": [
        -1.450732562407814,
        -4.289411323368182,
        -6.519943121871786,
        -6.605345902335586,
        -4.428140725890955,
        -1.330942958444301
      ],
      "bw_bond_envelope": [
        0.9549296585513719,
        1.6539866862653758,
        1.9098593171027436,
        1.6539866862653758,
        0.954929658551372
      ],
      "bw_site_envelope": [
        0.4943079647326845,
        1.3504744742356591,
        1.8447824389683438,
        1.8447824389683438,
        1.3504744742356591,
        0.4943079647326845
      ],
      "bond_alpha": -4.140696238836605,
      "bond_offset": 33.42262534161472,
      "bond_R2": 0.9917640994272269,
      "site_alpha": -3.789464871327676,
      "site_offset": 0.5564060660887162,
      "site_R2": 0.9945749021405089,
      "alpha_ratio": 0.9151757706313629,
      "max_dev_bond": 0.009041399474328343,
      "time": 0.35897350311279297
    },
    "q3_nA3": {
      "q": 3,
      "n": 6,
      "nA": 3,
      "g_c": 0.3333333333333333,
      "E0": -6.93303194371766,
      "bond_coeffs": [
        7.689487869653568,
        7.6894878696647435
      ],
      "field_coeffs": [
        -1.1671835224584772,
        -2.4342403936571952,
        -1.1671835224639646
      ],
      "bw_bond_envelope": [
        0.8269933431326879,
        0.8269933431326879
      ],
      "bw_site_envelope": [
        0.47746482927568595,
        0.9549296585513718,
        0.477464829275686
      ],
      "bond_alpha": 3.776404385270532,
      "bond_offset": 4.566426582063335,
      "bond_R2": 0.0,
      "site_alpha": -2.653717705486495,
      "site_offset": 0.09987334873475297,
      "site_R2": 1.0,
      "alpha_ratio": -0.7027101535622196,
      "max_dev_bond": 7.267608339431374e-13,
      "time": 0.14174795150756836
    },
    "q3_nA4": {
      "q": 3,
      "n": 8,
      "nA": 4,
      "g_c": 0.3333333333333333,
      "E0": -9.208240738652725,
      "bond_coeffs": [
        16.235724628256953,
        14.120965371741882,
        16.235716415213023
      ],
      "field_coeffs": [
        -1.1885146837719092,
        -3.028306414924112,
        -3.0283212165825155,
        -1.188482000734119
      ],
      "bw_bond_envelope": [
        0.9003163161571061,
        1.2732395447351625,
        0.9003163161571062
      ],
      "bw_site_envelope": [
        0.4872476792022163,
        1.1763199553648056,
        1.1763199553648056,
        0.4872476792022163
      ],
      "bond_alpha": -5.670752015251498,
      "bond_offset": 21.341191085946715,
      "bond_R2": 0.9999999999886877,
      "site_alpha": -2.6699891102079234,
      "site_offset": 0.11244765519098754,
      "site_R2": 0.9999999998098523,
      "alpha_ratio": 0.4708351031797869,
      "max_dev_bond": 2.5293124092711745e-07,
      "time": 0.6120538711547852
    },
    "q5_nA3": {
      "q": 5,
      "n": 6,
      "nA": 3,
      "g_c": 0.2,
      "E0": -6.821221698513093,
      "bond_coeffs": [
        10.232426885656169,
        10.232426885829916
      ],
      "field_coeffs": [
        -0.8375291946233859,
        -1.7687851380492507,
        -0.8375291945179208
      ],
      "bw_bond_envelope": [
        0.8269933431326879,
        0.8269933431326879
      ],
      "bw_site_envelope": [
        0.47746482927568595,
        0.9549296585513718,
        0.477464829275686
      ],
      "bond_alpha": 5.025273778732544,
      "bond_offset": 6.076558923311982,
      "bond_R2": 0.0,
      "site_alpha": -1.9504178870961288,
      "site_offset": 0.09372674890794334,
      "site_R2": 1.0,
      "alpha_ratio": -0.38812171694017755,
      "max_dev_bond": 8.490117599375601e-12,
      "time": 1.3510818481445312
    },
    "q5_nA4": {
      "q": 5,
      "n": 8,
      "nA": 4,
      "g_c": 0.2,
      "E0": -9.051273445788102,
      "bond_coeffs": [
        21.919434590957017,
        18.77044616400727,
        21.91883762172213
      ],
      "field_coeffs": [
        -0.8732922167413646,
        -2.2337862456757858,
        -2.233921608795712,
        -0.8733728092180967
      ],
      "bw_bond_envelope": [
        0.9003163161571061,
        1.2732395447351625,
        0.9003163161571062
      ],
      "bw_site_envelope": [
        0.4872476792022163,
        1.1763199553648056,
        1.1763199553648056,
        0.4872476792022163
      ],
      "bond_alpha": -8.443265801216382,
      "bond_offset": 29.520746068826003,
      "bond_R2": 0.9999999730409019,
      "site_alpha": -1.9744248336802892,
      "site_offset": 0.0887014049902126,
      "site_R2": 0.9999999932960364,
      "alpha_ratio": 0.23384610649067128,
      "max_dev_bond": 1.3617350220636756e-05,