{
  "experiment": "080a_sq_potts_c_q6",
  "timestamp": "2026-04-02 05:40:38",
  "q": 6,
  "gc": 0.16666666666666666,
  "Re_c": 1.2525009147089168,
  "Im_c": -0.05292428240603903,
  "sizes": {
    "6": {
      "dim": 46656,
      "c": 1.145905243241107,
      "R2": 1.0,
      "S_mid": 0.5725677223854945,
      "S": [
        0.43971079021657117,
        0.5450963561180808,
        0.5725677223854945,
        0.5450963561180796,
        0.4397107902165711
      ],
      "E0": -6.3688637311299665,
      "gaps": [
        0.3151351091490975,
        0.31513510914910015,
        0.3151351091491108
      ],
      "gap_N": 1.8908106548945849,
      "degen": [
        3
      ],
      "time_build": 0.0754096508026123,
      "time_eig": 0.36232638359069824,
      "time_ent": 0.006161689758300781,
      "ratio_c_Re_c": 0.9148937376284609
    },
    "8": {
      "dim": 1679616,
      "c": 1.147312445495729,
      "R2": 0.9999948554509138,
      "S_mid": 0.631319966519631,
      "S": [
        0.4462366865039711,
        0.5651063268608065,
        0.6163156432730729,
        0.631319966519631,
        0.6163156432730715,
        0.5651063268608062,
        0.44623668650397086
      ],
      "E0": -8.59322180073174,
      "gaps": [
        0.251316077369264,
        0.2513160773692764,
        0.2513160773693208
      ],
      "gap_N": 2.010528618954112,
      "degen": [
        3
      ],
      "time_build": 2.2182092666625977,
      "time_eig": 26.664134740829468,
      "time_ent": 0.402726411819458,
      "ratio_c_Re_c": 0.9160172515821007
    }
  }
}