{
  "x1_data": {
    "2": {
      "x1": 0.1246,
      "n_best": 12,
      "source": "Sprint 058, (10,12) pair"
    },
    "3": {
      "x1": 0.1337,
      "n_best": 10,
      "source": "Sprint 058, (8,10) pair"
    },
    "4": {
      "x1": 0.1172,
      "n_best": 10,
      "source": "Sprint 058, (8,10) pair"
    },
    "5": {
      "x1": 0.1015,
      "n_best": 8,
      "source": "Sprint 058, (6,8) pair"
    },
    "7": {
      "x1": 0.086,
      "n_best": 6,
      "source": "Sprint 058, (4,6) pair"
    },
    "10": {
      "x1": 0.0831,
      "n_best": 6,
      "source": "Sprint 058, (4,6) pair"
    },
    "15": {
      "x1": 0.071,
      "n_best": 4,
      "source": "Sprint 061, n=4 desc gap"
    },
    "20": {
      "x1": 0.055,
      "n_best": 4,
      "source": "Sprint 061, n=4 desc gap"
    },
    "25": {
      "x1": 0.045,
      "n_best": 4,
      "source": "Sprint 061, n=4 desc gap"
    },
    "30": {
      "x1": 0.038,
      "n_best": 4,
      "source": "Sprint 061, n=4 desc gap"
    }
  },
  "R_momentum_mode": {
    "2": 1.4164817491751838,
    "3": 1.3674274718610486,
    "4": 1.460515594592465,
    "5": 1.5694120514358612,
    "7": 1.704985848676184,
    "10": 1.7344807828399007,
    "15": 1.876466562602004,
    "20": 2.1320071635561044,
    "25": 2.3570226039551585,
    "30": 2.5649458802128855
  },
  "R_winding_mode": {
    "2": 0.7059745037889117,
    "3": 0.7313002119512889,
    "4": 0.6846897107449476,
    "5": 0.6371812928829597,
    "7": 0.5865151319446071,
    "10": 0.576541412215983,
    "15": 0.532916503778969,
    "20": 0.469041575982343,
    "25": 0.4242640687119285,
    "30": 0.38987177379235854
  },
  "fit_R2_vs_lnq_H1": {
    "a": 1.5795607911322653,
    "b": 0.08497530060120366,
    "rms": 0.5910959815852793
  },
  "fit_x1_vs_inv_lnq": {
    "a": 0.07788529702334669,
    "b": 0.03915603046973829,
    "rms": 0.017701945111086945
  },
  "fit_x1_power_law": {
    "a": 0.20604456293686618,
    "b": -0.44886207156345026,
    "rms": 0.010278159084709164
  },
  "fit_x1_ln_power": {
    "a": 0.1212876885794267,
    "b": 0.7382527401235648,
    "rms": 0.011983328669209955
  },
  "conclusion": "Single compact boson FAILS: x\u2081\u21920 and c>1 incompatible with c=1. Multiple DOF required."
}