{
  "sprint": "043d",
  "q": 20,
  "n": 8,
  "chi_max": 10,
  "data": [
    {
      "g": 0.05,
      "S_half": 1.3581811774934905e-05,
      "E0": -7.025033406175484,
      "chi": 9,
      "time": 13.924994230270386
    },
    {
      "g": 0.1,
      "S_half": 0.9535682457411767,
      "E0": -7.1005398090474,
      "chi": 10,
      "time": 51.696364641189575
    },
    {
      "g": 0.15,
      "S_half": 1.0392156423031127,
      "E0": -7.227799369695889,
      "chi": 10,
      "time": 49.97935628890991
    },
    {
      "g": 0.2,
      "S_half": 1.0351939680880924,
      "E0": -7.409271696945119,
      "chi": 10,
      "time": 63.37762498855591
    }
  ],
  "total_time": 238.64112305641174
}