{
  "experiment": "113b_dmrg_chif_q4",
  "sprint": 113,
  "timestamp": "2026-04-02 22:20:00",
  "q4_exact": {
    "6": {
      "n": 6,
      "chi_F": 4.169510246065933,
      "overlap": 0.9999749829385236,
      "time_s": 0.0
    },
    "7": {
      "n": 7,
      "chi_F": 5.261417660614879,
      "overlap": 0.9999631700763757,
      "time_s": 0.1
    },
    "8": {
      "n": 8,
      "chi_F": 6.4325029514450405,
      "overlap": 0.9999485399763884,
      "time_s": 0.9
    },
    "9": {
      "n": 9,
      "chi_F": 7.679676326175253,
      "overlap": 0.9999308829130644,
      "time_s": 3.4
    }
  },
  "q4_dmrg": {
    "6": {
      "n": 6,
      "chi_F": 4.169510244030524,
      "overlap": 0.9999749829385358,
      "E0": -6.392090632840503,
      "chi_max": 40,
      "chi_used": 40,
      "time_s": 7.1
    },
    "8": {
      "n": 8,
      "chi_F": 6.432502960826425,
      "overlap": 0.9999485399763134,
      "E0": -8.661737145574694,
      "chi_max": 50,
      "chi_used": 50,
      "time_s": 44.0
    },
    "10": {
      "n": 10,
      "chi_F": 9.00011480061691,
      "overlap": 0.9999099988519938,
      "E0": -10.9324733343967,
      "chi_max": 60,
      "chi_used": 60,
      "time_s": 69.9
    },
    "12": {
      "n": 12,
      "chi_F": 11.850614124064853,
      "overlap": 0.9998577926305112,
      "E0": -13.203785760392275,
      "chi_max": 60,
      "chi_used": 60,
      "time_s": 146.1
    }
  },
  "q5_exact": {
    "6": {
      "n": 6,
      "chi_F": 7.900676828672311,
      "overlap": 0.999952595939028,
      "time_s": 0.1
    },
    "7": {
      "n": 7,
      "chi_F": 10.10153845780261,
      "overlap": 0.9999292892307954,
      "time_s": 0.6
    },
    "8": {
      "n": 8,
      "chi_F": 12.499753219472055,
      "overlap": 0.9999000019742442,
      "time_s": 4.9
    }
  },
  "q5_dmrg": {
    "6": {
      "n": 6,
      "chi_F": 7.900683407298843,
      "overlap": 0.9999525958995562,
      "E0": -6.387269893428795,
      "chi_max": 40,
      "chi_used": 40,
      "time_s": 17.0
    },
    "8": {
      "n": 8,
      "chi_F": 12.499753419603632,
      "overlap": 0.9999000019726432,
      "E0": -8.633720832815616,
      "chi_max": 60,
      "chi_used": 60,
      "time_s": 59.5
    },
    "10": {
      "n": 10,
      "chi_F": 17.867364474966063,
      "overlap": 0.9998213263552503,
      "E0": -10.88113603096361,
      "chi_max": 80,
      "chi_used": 80,
      "time_s": 136.9
    }
  },
  "q4_exact_pairwise": {
    "sizes": [
      6,
      7,
      8,
      9
    ],
    "pw_alpha": [
      1.5089257212326732,
      1.5049885453414145,
      1.5045772614679034
    ],
    "alpha_global": 1.5062918120840383
  },
  "q4_DMRG_pairwise": {
    "sizes": [
      6,
      8,
      10,
      12
    ],
    "pw_alpha": [
      1.5070982363682626,
      1.5051907412760306,
      1.5091049188761398
    ],
    "alpha_global": 1.5068076547585831
  },
  "q5_exact_pairwise": {
    "sizes": [
      6,
      7,
      8
    ],
    "pw_alpha": [
      1.594149988561809,
      1.5952890378976659
    ],
    "alpha_global": 1.59466517955437
  },
  "q5_DMRG_pairwise": {
    "sizes": [
      6,
      8,
      10
    ],
    "pw_alpha": [
      1.5946758544518407,
      1.6010631510277622
    ],
    "alpha_global": 1.5973343626102712
  }
}