{
  "experiment": "113a_dmrg_chif_q2",
  "sprint": 113,
  "timestamp": "2026-04-02 22:14:04",
  "exact": {
    "6": {
      "n": 6,
      "chi_F": 0.3717380483806802,
      "overlap": 0.9999977695717097,
      "time_s": 0.0
    },
    "8": {
      "n": 8,
      "chi_F": 0.515084272512123,
      "overlap": 0.9999958793258199,
      "time_s": 0.0
    },
    "10": {
      "n": 10,
      "chi_F": 0.6579282761709493,
      "overlap": 0.9999934207172383,
      "time_s": 0.0
    },
    "12": {
      "n": 12,
      "chi_F": 0.8004398551660538,
      "overlap": 0.999990394721738,
      "time_s": 0.0
    },
    "14": {
      "n": 14,
      "chi_F": 0.9426925782604226,
      "overlap": 0.9999868023039044,
      "time_s": 0.1
    }
  },
  "dmrg": {
    "8": {
      "n": 8,
      "chi_F": 0.5150842724011007,
      "overlap": 0.9999958793258208,
      "E0": -8.418975723729712,
      "chi_max": 40,
      "chi_used": 16,
      "time_s": 2.0
    },
    "10": {
      "n": 10,
      "chi_F": 0.6579282761043359,
      "overlap": 0.999993420717239,
      "E0": -10.690744999827395,
      "chi_max": 40,
      "chi_used": 26,
      "time_s": 3.4
    },
    "12": {
      "n": 12,
      "chi_F": 0.8004398553880984,
      "overlap": 0.9999903947217353,
      "E0": -12.962985554954331,
      "chi_max": 50,
      "chi_used": 34,
      "time_s": 9.8
    },
    "14": {
      "n": 14,
      "chi_F": 0.9426925779273557,
      "overlap": 0.999986802303909,
      "E0": -15.235502027365891,
      "chi_max": 50,
      "chi_used": 46,
      "time_s": 15.1
    },
    "16": {
      "n": 16,
      "chi_F": 1.0847234252903126,
      "overlap": 0.9999826444251954,
      "E0": -17.508193950242557,
      "chi_max": 60,
      "chi_used": 51,
      "time_s": 50.9
    },
    "18": {
      "n": 18,
      "chi_F": 1.2265529843828265,
      "overlap": 0.9999779220462811,
      "E0": -19.78100436241585,
      "chi_max": 60,
      "chi_used": 59,
      "time_s": 76.1
    },
    "20": {
      "n": 20,
      "chi_F": 1.36819360689322,
      "overlap": 0.9999726361278621,
      "E0": -22.053898555811987,
      "chi_max": 80,
      "chi_used": 64,
      "time_s": 125.2
    }
  },
  "exact_pairwise": {
    "sizes": [
      6,
      8,
      10,
      12,
      14
    ],
    "pw_alpha": [
      1.13368582628229,
      1.0968965849118764,
      1.075382836641966,
      1.061161910994296
    ],
    "alpha_global": 1.0979857153671504
  },
  "dmrg_pairwise": {
    "sizes": [
      8,
      10,
      12,
      14,
      16,
      18,
      20
    ],
    "pw_alpha": [
      1.0968965854240795,
      1.0753828387187936,
      1.0611619069027298,
      1.050989568756418,
      1.043297413986295,
      1.037234400076665
    ],
    "alpha_global": 1.0651063842265576
  }
}