{
  "experiment": "039b2",
  "model": "q=3 Potts (clock)",
  "n": 24,
  "data": {
    "0.8": {
      "cv": 0.20306044399932846,
      "time": 273.6624870300293
    }
  },
  "total_runtime": 273.6626031398773
}