{
  "experiment": "037a3",
  "new_points": {
    "16_0.93": {
      "n": 16,
      "h_J": 0.93,
      "cv": 0.6307760006943348,
      "time": 2.578233003616333
    },
    "16_0.95": {
      "n": 16,
      "h_J": 0.95,
      "cv": 0.7085155664555824,
      "time": 2.6829912662506104
    },
    "16_0.97": {
      "n": 16,
      "h_J": 0.97,
      "cv": 0.7889320120222018,
      "time": 2.6597402095794678
    },
    "16_1.0": {
      "n": 16,
      "h_J": 1.0,
      "cv": 0.9105244936870317,
      "time": 2.6246895790100098
    },
    "24_0.92": {
      "n": 24,
      "h_J": 0.92,
      "cv": 0.5316296634910577,
      "time": 5.469456672668457
    },
    "24_0.94": {
      "n": 24,
      "h_J": 0.94,
      "cv": 0.6336772321328334,
      "time": 5.647978067398071
    },
    "24_0.96": {
      "n": 24,
      "h_J": 0.96,
      "cv": 0.7505392442801734,
      "time": 5.429994344711304
    },
    "32_0.98": {
      "n": 32,
      "h_J": 0.98,
      "cv": 0.8910344664057342,
      "time": 9.089824199676514
    },
    "32_1.0": {
      "n": 32,
      "h_J": 1.0,
      "cv": 1.0718136713455606,
      "time": 8.952970266342163
    }
  },
  "all_crossings": [
    [
      9.797958971132712,
      0.8948992511552735
    ],
    [
      13.856406460551018,
      0.9341317660909538
    ],
    [
      19.595917942265423,
      0.9589850965754946
    ],
    [
      27.712812921102035,
      0.9723495112404226
    ]
  ],
  "fit": {
    "a": -2.1540454524224106,
    "inv_nu": 1.3245052844702785,
    "inv_nu_err": 0.028530963527721172,
    "nu": 0.7549988752215052
  },
  "total_runtime": 45.18248200416565
}