{
  "q=2": {
    "q": 2,
    "n": 4,
    "dim": 16,
    "g_c": 0.25,
    "R_sigma": 1.0,
    "R_sigma2": null,
    "R_epsilon": 7.695518130045172,
    "C_sse": 0.48021693505170987,
    "delta1_N": 0.7956494695186294,
    "eps_sigma2_separation": null,
    "time_s": 0.01
  },
  "q=3": {
    "q": 3,
    "n": 4,
    "dim": 81,
    "g_c": 0.333,
    "R_sigma": 1.0,
    "R_sigma2": 1.0000000000000095,
    "R_epsilon": 6.253999104651524,
    "C_sse": 0.47805836204917107,
    "delta1_N": 0.7455759537417777,
    "eps_sigma2_separation": 5.253999104651514,
    "time_s": 0.02
  },
  "q=4": {
    "q": 4,
    "n": 4,
    "dim": 256,
    "g_c": 0.392,
    "R_sigma": 1.0,
    "R_sigma2": 1.7513853714710161,
    "R_epsilon": 6.4368027458512636,
    "C_sse": 0.3964183460595746,
    "delta1_N": 0.5942146814070917,
    "eps_sigma2_separation": 4.685417374380247,
    "time_s": 0.03
  },
  "q=5": {
    "q": 5,
    "n": 4,
    "dim": 625,
    "g_c": 0.441,
    "R_sigma": 1.0,
    "R_sigma2": 2.4363545820073687,
    "R_epsilon": 6.976239037262048,
    "C_sse": 0.32243938575283704,
    "delta1_N": 0.47261296051856405,
    "eps_sigma2_separation": 4.539884455254679,
    "time_s": 0.12
  },
  "q=7": {
    "q": 7,
    "n": 4,
    "dim": 2401,
    "g_c": 0.535,
    "R_sigma": 1.0,
    "R_sigma2": 3.267617673513161,
    "R_epsilon": 7.804064881998466,
    "C_sse": 0.23543630906953508,
    "delta1_N": 0.3379518253265026,
    "eps_sigma2_separation": 4.5364472084853045,
    "time_s": 0.13
  },
  "q=10": {
    "q": 10,
    "n": 4,
    "dim": 10000,
    "g_c": 0.684,
    "R_sigma": 1.0,
    "R_sigma2": 3.659021810006566,
    "R_epsilon": 8.344920737360445,
    "C_sse": 0.18432927673446436,
    "delta1_N": 0.2419973205660675,
    "eps_sigma2_separation": 4.685898927353879,
    "time_s": 0.36
  },
  "q=15": {
    "q": 15,
    "n": 4,
    "dim": 50625,
    "g_c": 0.7983314773547884,
    "R_sigma": 1.0,
    "R_sigma2": 3.9254499895078907,
    "R_epsilon": 13.655886214638647,
    "C_sse": 0.09319298102046739,
    "delta1_N": 0.12338525419949065,
    "eps_sigma2_separation": 9.730436225130756,
    "time_s": 1.89
  },
  "q=20": {
    "q": 20,
    "n": 4,
    "dim": 160000,
    "g_c": 0.9217797887081349,
    "R_sigma": 1.0,
    "R_sigma2": 3.9744478419533573,
    "R_epsilon": 17.748417961625993,
    "C_sse": 0.0633288970020279,
    "delta1_N": 0.0824382369116563,
    "eps_sigma2_separation": 13.773970119672637,
    "time_s": 11.33
  },
  "q=25": {
    "q": 25,
    "n": 4,
    "dim": 390625,
    "g_c": 1.0297958971132712,
    "R_sigma": 1.0,
    "R_sigma2": 3.9890682198393113,
    "R_epsilon": 21.907472260755565,
    "C_sse": 0.04725503046645567,
    "delta1_N": 0.06009563193428846,
    "eps_sigma2_separation": 17.918404040916254,
    "time_s": 37.05
  },
  "q=30": {
    "q": 30,
    "n": 4,
    "dim": 810000,
    "g_c": 1.1270329614269008,
    "R_sigma": 1.0,
    "R_sigma2": 3.994337783498569,
    "R_epsilon": 26.108297744813907,
    "C_sse": 0.03750754202136906,
    "delta1_N": 0.04629530363802559,
    "eps_sigma2_separation": 22.113959961315338,
    "time_s": 94.6
  }
}