{
  "experiment": "106c_mechanism",
  "timestamp": "2026-04-02 17:15:19",
  "data": {
    "q4": {
      "q": 4,
      "g_c": 0.25,
      "sizes": {
        "4": {
          "dim": 256,
          "chi_F": 6.340285285058503,
          "gap_spectral": 0.17692183465402334,
          "gap_multiplet": 0.951465260661851,
          "gap_ratio": 5.377884886410282,
          "me_sq": 22.95908962580699,
          "dominant_level": 4,
          "dominant_fraction": 1.0,
          "time_s": 0.01356196403503418
        },
        "5": {
          "dim": 1024,
          "chi_F": 9.526464558529163,
          "gap_spectral": 0.13977356564913812,
          "gap_multiplet": 0.7448489190836041,
          "gap_ratio": 5.328968432796055,
          "me_sq": 26.426408506100532,
          "dominant_level": 4,
          "dominant_fraction": 1.0,
          "time_s": 0.04854989051818848
        },
        "6": {
          "dim": 4096,
          "chi_F": 13.211532966847328,
          "gap_spectral": 0.11553585473172845,
          "gap_multiplet": 0.6100015837439354,
          "gap_ratio": 5.279759994508586,
          "me_sq": 29.496221663357932,
          "dominant_level": 4,
          "dominant_fraction": 1.0,
          "time_s": 0.22449994087219238
        },
        "7": {
          "dim": 16384,
          "chi_F": 17.383224885905005,
          "gap_spectral": 0.09846029867198425,
          "gap_multiplet": 0.5154868608571999,
          "gap_ratio": 5.235479353709048,
          "me_sq": 32.33430934224825,
          "dominant_level": 4,
          "dominant_fraction": 1.0,
          "time_s": 1.1532816886901855
        },
        "8": {
          "dim": 65536,
          "chi_F": 22.03010691304678,
          "gap_spectral": 0.08577661057027974,
          "gap_multiplet": 0.4457489340229728,
          "gap_ratio": 5.196625642578349,
          "me_sq": 35.017667793297015,
          "dominant_level": 4,
          "dominant_fraction": 1.0,
          "time_s": 5.14537501335144
        }
      },
      "z_m": 1.0940866698119827,
      "z_spec": 1.0443284571642066,
      "beta_me": 0.6079206697511648,
      "alpha_fit": 1.7960940093751327,
      "alpha_predicted": 1.79609400937513
    },
    "q6": {
      "q": 6,
      "g_c": 0.16666666666666666,
      "sizes": {
        "5": {
          "dim": 7776,
          "chi_F": 53.10895055998226,
          "gap_spectral": 0.12443589548289502,
          "gap_multiplet": 0.5321842019185858,
          "gap_ratio": 4.27677399558506,
          "me_sq": 75.20759146599171,
          "dominant_level": 6,
          "dominant_fraction": 1.0,
          "time_s": 0.5624547004699707
        },
        "6": {
          "dim": 46656,
          "chi_F": 81.35739146425354,
          "gap_spectral": 0.10175948825752457,
          "gap_multiplet": 0.42495326692023205,
          "gap_ratio": 4.176055463690965,
          "me_sq": 88.15168345001108,
          "dominant_level": 6,
          "dominant_fraction": 1.0,
          "time_s": 4.2168214321136475
        },
        "7": {
          "dim": 279936,
          "chi_F": 117.01674751862588,
          "gap_spectral": 0.08591185624911102,
          "gap_multiplet": 0.3514267521412098,
          "gap_ratio": 4.090550099653401,
          "me_sq": 101.16160249590277,
          "dominant_level": 6,
          "dominant_fraction": 1.0,
          "time_s": 31.491601705551147
        }
      },
      "z_m": 1.2333748345113698,
      "z_spec": 1.101110463275753,
      "beta_me": 0.8808000601972276,
      "alpha_fit": 2.3475497292199647,
      "alpha_predicted": 2.347549729219967
    }
  },
  "z_m_fit": {
    "slope": 0.06504679524920366,
    "intercept": 0.8429330054324756
  },
  "beta_me_fit": {
    "slope": 0.18223655745258618,
    "intercept": -0.20094438687857272
  }
}