{
  "experiment": "124a_idmrg_chif_scaling",
  "sprint": 124,
  "timestamp": "2026-04-08 11:53:50",
  "q2": {
    "20": {
      "chi_F": 645.7854808905595,
      "fidelity": 0.9996770551128547,
      "overlap_raw": 0.9993542145191094,
      "xi": 152.3936327245328,
      "eps0": -0.5683098304356093,
      "eps1": -0.5686300697186581,
      "S": 0.44630623829441407,
      "chi_max": 20,
      "chi_used": 20,
      "time_s": 11.1
    },
    "40": {
      "chi_F": 59.30260782227581,
      "fidelity": 0.9999703482564759,
      "overlap_raw": 0.9999406973921776,
      "xi": 471.05249744671914,
      "eps0": -0.5683109561508388,
      "eps1": -0.5686301179099473,
      "S": 0.7564128743536414,
      "chi_max": 40,
      "chi_used": 40,
      "time_s": 26.3
    },
    "60": {
      "chi_F": 68.96612739659692,
      "fidelity": 0.9999655163417404,
      "overlap_raw": 0.9999310338726033,
      "xi": 550.1742094283417,
      "eps0": -0.5683109361122618,
      "eps1": -0.5686301184634814,
      "S": 0.7689320189097006,
      "chi_max": 60,
      "chi_used": 60,
      "time_s": 59.8
    },
    "80": {
      "chi_F": 918.5375051412592,
      "fidelity": 0.9995406257350717,
      "overlap_raw": 0.9990814624948589,
      "xi": 229.22000423362746,
      "eps0": -0.5683098395044652,
      "eps1": -0.5686297902803403,
      "S": 0.471840071901127,
      "chi_max": 80,
      "chi_used": 80,
      "time_s": 91.2
    }
  },
  "q4": {
    "20": {
      "chi_F": 1322.7517820624257,
      "fidelity": 0.9993384052551656,
      "overlap_raw": 0.9986772482179376,
      "xi": 33.27341612820429,
      "eps0": -0.5681269162569933,
      "eps1": -0.5690747719723888,
      "S": 0.9840436994954667,
      "chi_max": 20,
      "chi_used": 20,
      "time_s": 15.0
    },
    "40": {
      "chi_F": 6960.166919984134,
      "fidelity": 0.9965138398838301,
      "overlap_raw": 0.9930398330800159,
      "xi": 42.27683525357692,
      "eps0": -0.5681465508488728,
      "eps1": -0.5690824623143484,
      "S": 0.6150962541869114,
      "chi_max": 40,
      "chi_used": 40,
      "time_s": 63.6
    },
    "60": {
      "chi_F": 5551.4954291946415,
      "fidelity": 0.9972203891672118,
      "overlap_raw": 0.9944485045708052,
      "xi": 60.18627325392468,
      "eps0": -0.5681468458674104,
      "eps1": -0.5690828883322894,
      "S": 0.6801551990642207,
      "chi_max": 60,
      "chi_used": 60,
      "time_s": 148.2
    }
  },
  "q5": {
    "20": {
      "chi_F": 20079.084763884537,
      "fidelity": 0.989909549017543,
      "overlap_raw": 0.9799209152361154,
      "xi": 107.59025122966044,
      "eps0": -0.5622099133619969,
      "eps1": -0.5635058099052657,
      "S": 0.9982915607010084,
      "chi_max": 20,
      "chi_used": 20,
      "time_s": 24.1
    },
    "40": {
      "chi_F": 1916.6083040152994,
      "fidelity": 0.9990412362340129,
      "overlap_raw": 0.9980833916959847,
      "xi": 42.704289711965274,
      "eps0": -0.5622457563354786,
      "eps1": -0.563545430184675,
      "S": 1.126770643905133,
      "chi_max": 40,
      "chi_used": 40,
      "time_s": 99.3
    }
  },
  "q2_analysis": {
    "chi_vals": [
      20,
      40,
      60,
      80
    ],
    "xis": [
      152.3936327245328,
      471.05249744671914,
      550.1742094283417,
      229.22000423362746
    ],
    "chi_Fs": [
      645.7854808905595,
      59.30260782227581,
      68.96612739659692,
      918.5375051412592
    ],
    "pw_alpha": [
      -2.115913524756358,
      0.9722846849578743,
      -2.9571803293975853
    ],
    "alpha_global": -2.1919539485841693,
    "r2_power_law": 0.8430206955735873,
    "p_log_corrected": -23.61912024523794,
    "r2_log_corrected": 0.8152477554655395
  },
  "q4_analysis": {
    "chi_vals": [
      20,
      40,
      60
    ],
    "xis": [
      33.27341612820429,
      42.27683525357692,
      60.18627325392468
    ],
    "chi_Fs": [
      1322.7517820624257,
      6960.166919984134,
      5551.4954291946415
    ],
    "pw_alpha": [
      6.933712401171216,
      -0.6402404210068418
    ],
    "alpha_global": 2.18962261786687,
    "r2_power_law": 0.5255667648571594,
    "p_log_corrected": null,
    "r2_log_corrected": null
  }
}