{
  "sprint": "043a",
  "experiment": "q10_potts_timing",
  "q": 10,
  "n": 8,
  "g": 0.3,
  "chi_max": 20,
  "cv": 0.6630130402275062,
  "E0": -7.955809505863334,
  "mi_mean": 0.4901129680315729,
  "mi_std": 0.34409431563860793,
  "mi_max": 0.9254974901326625,
  "total_time_s": 12.873615741729736,
  "method": "direct_mps_contraction"
}