{
  "experiment": "090c_crossover_synthesis",
  "timestamp": "2026-04-02 09:12:14",
  "periodic_q4": {
    "6": {
      "S_total": 1.1842237418012977,
      "S_lev0_frac": 0.25034366452493184,
      "S_lev1_frac": 0.6423581178597166,
      "S_tail_frac": 0.10729821761535142,
      "M": 0.7195662992223494,
      "democracy": 0.9594217322964659,
      "lam_max": 0.6198453268434321,
      "w_tail": 0.022468137417174218,
      "ent_gap": 1.6484252584033694
    },
    "8": {
      "S_total": 1.2796494538774723,
      "S_lev0_frac": 0.24358552964176952,
      "S_lev1_frac": 0.6097303699109345,
      "S_tail_frac": 0.14668410044729588,
      "M": 0.7145423754913584,
      "democracy": 0.9527231673218112,
      "lam_max": 0.5891502706093144,
      "w_tail": 0.03543211605086471,
      "ent_gap": 1.5492545262376234
    }
  },
  "ed_M": {
    "q6_n6": {
      "q": 6,
      "n": 6,
      "M": 0.7597464151182285,
      "democracy": 0.9116956981418741,
      "S_lev0_frac": 0.21293408565613006,
      "S_lev1_frac": 0.6733548151355675,
      "S_tail_frac": 0.11371109920830237
    },
    "q6_n7": {
      "q": 6,
      "n": 7,
      "M": 0.7584622438369419,
      "democracy": 0.9101546926043302,
      "S_lev0_frac": 0.2095781357046051,
      "S_lev1_frac": 0.6581045778961723,
      "S_tail_frac": 0.13231728639922263
    },
    "q7_n5": {
      "q": 7,
      "n": 5,
      "M": 0.7746033202708259,
      "democracy": 0.9037038736492969,
      "S_lev0_frac": 0.2070880185707361,
      "S_lev1_frac": 0.7116833618221033,
      "S_tail_frac": 0.08122861960716052
    },
    "q7_n6": {
      "q": 7,
      "n": 6,
      "M": 0.772584171861533,
      "democracy": 0.901348200505122,
      "S_lev0_frac": 0.2011007244657726,
      "S_lev1_frac": 0.6831856777248794,
      "S_tail_frac": 0.11571359780934806
    },
    "q7_n7": {
      "q": 7,
      "n": 7,
      "M": 0.7715458217112438,
      "democracy": 0.9001367919964511,
      "S_lev0_frac": 0.19768739633524454,
      "S_lev1_frac": 0.6676388490240157,
      "S_tail_frac": 0.13467375464073977
    },
    "q8_n5": {
      "q": 8,
      "n": 5,
      "M": 0.7844354447956269,
      "democracy": 0.8964976511950021,
      "S_lev0_frac": 0.19784022301528426,
      "S_lev1_frac": 0.7199369265152372,
      "S_tail_frac": 0.0822228504694785
    },
    "q8_n6": {
      "q": 8,
      "n": 6,
      "M": 0.7827507272907259,
      "democracy": 0.8945722597608297,
      "S_lev0_frac": 0.19179394939859282,
      "S_lev1_frac": 0.6910350101959193,
      "S_tail_frac": 0.11717104040548783
    }
  },
  "crossover_data": {
    "2": {
      "type": "real",
      "sizes": {
        "8": {
          "M": 0.7000917039366271,
          "democracy": 1.4001834078732542
        },
        "12": {
          "M": 0.6853541718642188,
          "democracy": 1.3707083437284375
        },
        "16": {
          "M": 0.6760309085497495,
          "democracy": 1.352061817099499
        },
        "20": {
          "M": 0.669250020831701,
          "democracy": 1.338500041663402
        },
        "24": {
          "M": 0.6639463223655145,
          "democracy": 1.327892644731029
        }
      }
    },
    "3": {
      "type": "real",
      "sizes": {
        "8": {
          "M": 0.7413576877541027,
          "democracy": 1.1120365316311542
        },
        "12": {
          "M": 0.7306902297869472,
          "democracy": 1.096035344680421
        },
        "16": {
          "M": 0.7240305480762469,
          "democracy": 1.0860458221143705
        },
        "20": {
          "M": 0.7192304095476596,
          "democracy": 1.0788456143214895
        },
        "24": {
          "M": 0.7155016913671457,
          "democracy": 1.0732525370507187
        }
      }
    },
    "4": {
      "type": "boundary",
      "sizes": {
        "8": {
          "M": 0.7657699144181421,
          "democracy": 1.0210265525575228
        },
        "12": {
          "M": 0.7573094965797034,
          "democracy": 1.0097459954396044
        },
        "16": {
          "M": 0.7520738564198993,
          "democracy": 1.002765141893199
        },
        "20": {
          "M": 0.7483194123440515,
          "democracy": 0.9977592164587353
        },
        "24": {
          "M": 0.7454130352288506,
          "democracy": 0.9938840469718008
        }
      }
    },
    "5": {
      "type": "walking",
      "sizes": {
        "8": {
          "M": 0.7824955171680978,
          "democracy": 0.9781193964601222
        },
        "12": {
          "M": 0.7754784486773828,
          "democracy": 0.9693480608467284
        },
        "16": {
          "M": 0.7711724903055982,
          "democracy": 0.9639656128819977
        },
        "20": {
          "M": 0.768098735117843,
          "democracy": 0.9601234188973037
        },
        "24": {
          "M": 0.7657258617557869,
          "democracy": 0.9571573271947337
        }
      }
    },
    "7": {
      "type": "broken",
      "sizes": {
        "8": {
          "M": 0.8048048721931563,
          "democracy": 0.9389390175586825
        },
        "12": {
          "M": 0.7997953583538121,
          "democracy": 0.9330945847461142
        },
        "16": {
          "M": 0.797032093558644,
          "democracy": 0.929870775818418
        }
      }
    }
  },
  "q_cross_linear": 4.0712674087461425,
  "linear_fit": {
    "q0": 5.313792800540756,
    "k": 0.06347961454289745
  },
  "S_lev0_inf": {
    "2": 0.3330399836085822,
    "3": 0.28060400808178476,
    "4": 0.25055213888095457,
    "5": 0.23032786557643165,
    "7": 0.20410119532968304
  }
}