{
  "experiment": "038a",
  "h_c": 1.0,
  "sizes": {
    "8": {
      "0.5": 0.08797190685888025,
      "0.7": 0.23329449772362637,
      "0.8": 0.3719319423173643,
      "0.85": 0.4567807160988055,
      "0.9": 0.5471489814359473,
      "0.92": 0.5838362453186151,
      "0.94": 0.6204200614411649,
      "0.95": 0.6385956044940209,
      "0.96": 0.6566557147540454,
      "0.98": 0.6923277404245815,
      "1.0": 0.7272527525003569,
      "1.02": 0.7612802355928387,
      "1.05": 0.8103876403548016,
      "1.1": 0.8864764014004015,
      "1.2": 1.0160195298488517,
      "1.3": 1.1179206953140461,
      "1.5": 1.2604312756697882,
      "2.0": 1.4356982423452436
    },
    "12": {
      "0.8": 0.32232467253598335,
      "0.85": 0.42430478042888964,
      "0.9": 0.5508383879870025,
      "0.92": 0.6064721156672146,
      "0.94": 0.6638040490091434,
      "0.96": 0.7219910472539415,
      "0.98": 0.7802268549847523,
      "1.0": 0.8377906028002253,
      "1.02": 0.8940775839038545,
      "1.05": 0.9751097759378733,
      "1.1": 1.0988027841449057,
      "1.2": 1.3002829598993226
    },
    "16": {
      "0.5": 0.07274968903124193,
      "0.7": 0.17149572810100996,
      "0.8": 0.27963978458571526,
      "0.85": 0.37841367684221955,
      "0.9": 0.5231750460161004,
      "0.92": 0.5934971035646011,
      "0.93": 0.6307760006943348,
      "0.94": 0.6691919393478873,
      "0.95": 0.7085155664555824,
      "0.96": 0.7485086403452986,
      "0.97": 0.7889320120222018,
      "0.98": 0.8295529318867437,
      "1.0": 0.9105244936870317,
      "1.05": 1.103479029692135,
      "1.1": 1.27323617512009,
      "1.2": 1.5369136922074405,
      "1.3": 1.7223167338869154,
      "1.5": 1.957760546035453,
      "2.0": 2.213599166707677
    },
    "24": {
      "0.9": 0.44715851336670454,
      "0.92": 0.5316296634910577,
      "0.93": 0.5805600719546484,
      "0.94": 0.6336772321328334,
      "0.95": 0.6905383165804808,
      "0.96": 0.7505392442801734,
      "0.97": 0.8129588376907315,
      "1.0": 1.0069156072096623,
      "1.03": 1.1964384109416006,
      "1.05": 1.3140770574977962
    },
    "32": {
      "0.5": 0.05608091157791871,
      "0.8": 0.20493372730465534,
      "0.9": 0.3826897987482454,
      "0.93": 0.5166190074962395,
      "0.95": 0.6454903530149683,
      "0.96": 0.7215538842202959,
      "0.98": 0.8910344664057342,
      "1.0": 1.0718136713455606,
      "1.1": 1.8225770421223295
    }
  },
  "collapse_quality": {
    "0.5": 0.057116179117268864,
    "0.6": 0.05067067725651166,
    "0.7": 0.04760299442997134,
    "0.755": 0.046280491251082904,
    "0.8": 0.045573576177853396,
    "0.9": 0.04488331192789059,
    "1.0": 0.0449977388045873,
    "1.1": 0.04559419604709496,
    "1.2": 0.046455723291526536,
    "1.5": 0.049188104307600164,
    "2.0": 0.05175533268294119
  },
  "nu_optimal": 0.9323793034257729,
  "quality_optimal": 0.04485356718296213,
  "quality_ising": 0.0449977388045873,
  "quality_fit": 0.046280491251082904,
  "pairwise_quality": {
    "8_12": 0.01507446486333258,
    "8_16": 0.09671726519680669,
    "8_24": 0.07588784981854572,
    "8_32": 0.13959445426699765,
    "12_16": 0.006204852494308779,
    "12_24": 0.027527970506981067,
    "12_32": 0.05398004258702433,
    "16_24": 0.008759122218087967,
    "16_32": 0.021777972236996724,
    "24_32": 0.003011677640539741
  },
  "joint_optimal": {
    "nu": 0.6843792575064361,
    "h_c": 0.9497543646362833,
    "quality": 0.010694564163482323
  },
  "total_runtime": 0.09162139892578125
}