{
  "experiment": "073c_ly_convergence",
  "timestamp": "2026-04-02 01:57:17",
  "exp_fit_q2": {
    "A": 0.9925741198070003,
    "B": 1.5965747989037455,
    "gc_2d": 0.771
  },
  "exp_fit_q3": {
    "A": 1.3117561965803743,
    "B": 3.0275956715716585,
    "gc_2d": 1.267
  },
  "free_fit_q3": {
    "A": 2740.418939066641,
    "B": 11810.150478577347,
    "gc_2d_pred": 2740.519906326129,
    "gc_2d_err": Infinity
  },
  "convergence_comparison": {
    "q2": {
      "decay_length": 1.5965747989037455,
      "progress": {
        "1": 0.0,
        "2": 0.3857965451055662,
        "3": 0.7773512476007678,
        "4": 0.8406909788867561
      },
      "ratio_2d_1d": 3.084
    },
    "q3": {
      "decay_length": 3.0275956715716585,
      "progress": {
        "1": 0.0,
        "2": 0.24839400428265518,
        "3": 0.4967880085653105
      },
      "ratio_2d_1d": 3.8048048048048044
    }
  }
}