{
  "experiment": "070b_2d_fidelity",
  "timestamp": "2026-04-01 22:55:45",
  "q2_L3": {
    "q": 2,
    "L": 3,
    "n": 9,
    "dim": 512,
    "g_values": [
      0.47100000000000003,
      0.4863846153846154,
      0.5017692307692307,
      0.5171538461538462,
      0.5325384615384615,
      0.547923076923077,
      0.5633076923076923,
      0.5786923076923077,
      0.5940769230769231,
      0.6094615384615385,
      0.6248461538461538,
      0.6402307692307693,
      0.6556153846153846,
      0.671,
      0.6863846153846154,
      0.7017692307692307,
      0.7171538461538461,
      0.7325384615384616,
      0.7479230769230769,
      0.7633076923076922,
      0.7786923076923077,
      0.7940769230769231,
      0.8094615384615385,
      0.8248461538461538,
      0.8402307692307691,
      0.8556153846153846,
      0.871,
      0.8863846153846153,
      0.9017692307692307,
      0.9171538461538461,
      0.9325384615384615,
      0.9479230769230769,
      0.9633076923076922,
      0.9786923076923075,
      0.9940769230769231,
      1.0094615384615384,
      1.0248461538461537,
      1.040230769230769,
      1.0556153846153846,
      1.071
    ],
    "E0": [
      -20.063134480003608,
      -20.20830561959445,
      -20.359606344835015,
      -20.517161188916504,
      -20.681059647431283,
      -20.851346004587885,
      -21.028010945568333,
      -21.210986115795567,
      -21.400142471075256,
      -21.595292735869187,
      -21.796197673634385,
      -22.002575331167282,
      -22.21411207954092,
      -22.430474194790605,
      -22.651318875080506,
      -22.876303892767222,
      -23.105095428849314,
      -23.33737395243727,
      -23.572838243428492,
      -23.811207800969573,
      -24.052223944901975,
      -24.295649923894647,
      -24.54127031493969,
      -24.788889952770006,
      -25.038332577320162,
      -25.28943934015064,
      -25.54206727044155,
      -25.79608776881821,
      -26.051385172540193,
      -26.307855417416626,
      -26.565404808947477,
      -26.82394890642476,
      -27.083411518005413,
      -27.343723801251638,
      -27.604823461656228,
      -27.86665404074734,
      -28.12916428513774,
      -28.392307588089842,
      -28.65604149563873,
      -28.920327269923188
    ],
    "gap": [
      0.046153938188748356,
      0.05851775587427355,
      0.07329536973940165,
      0.09072738290863924,
      0.11102568797995005,
      0.1343620083928414,
      0.16085818565555954,
      0.19057942151945184,
      0.2235313613226424,
      0.259661370165027,
      0.298863731548316,
      0.3409879473999311,
      0.38584897096816917,
      0.4332381176498359,
      0.4829335467259952,
      0.5347095043961261,
      0.5883438646411854,
      0.6436238178366303,
      0.700349791814574,
      0.7583378344684881,
      0.8174207521674219,
      0.8774483056954061,
      0.9382867375744794,
      0.9998178597926817,
      1.0619378818185297,
      1.12455611283616,
      1.187593632989504,
      1.2509819971364067,
      1.3146620108199087,
      1.3785826008064177,
      1.4426997903725187,
      1.5069757813397402,
      1.5713781396186377,
      1.6358790779044057,
      1.7004548275081852,
      1.765085090639733,
      1.829752564427988,
      1.894442528326426,
      1.9591424871368126,
      2.0238418625788626
    ],
    "chi_F": [
      4.871034538414129,
      5.134012853157745,
      5.371744155974573,
      5.567799189852584,
      5.7059987709702185,
      5.77250226672215,
      5.757893428626424,
      5.658764215079172,
      5.478364870491974,
      5.22612771446499,
      4.916194445039549,
      4.565345303428254,
      4.190837001202903,
      3.8085860569590575,
      3.43194920578204,
      3.071148240661279,
      2.733235827776351,
      2.4224280441118564,
      2.1406267993146186,
      1.8879923077730112,
      1.6634751789465532,
      1.4652620957218345,
      1.2911211704293704,
      1.138652428497003,
      1.005458187874309,
      0.8892508113371842,
      0.7879143294742413,
      0.6995338060018369,
      0.6224032743642214,
      0.5550202510252483,
      0.496072485646504,
      0.44442079092819214,
      0.3990804543647346,
      0.359202783120005,
      0.3240576808723361,
      0.29301772227637524,
      0.2655439128937983,
      0.2411731517435269,
      0.2195073148029264,
      0.20020382594841465
    ],
    "chi_F_per_site": [
      0.5412260598237921,
      0.5704458725730828,
      0.5968604617749526,
      0.6186443544280649,
      0.6339998634411353,
      0.6413891407469056,
      0.6397659365140471,
      0.6287515794532413,
      0.6087072078324415,
      0.5806808571627767,
      0.5462438272266166,
      0.507260589269806,
      0.46564855568921143,
      0.4231762285510064,
      0.3813276895313378,
      0.3412386934068088,
      0.3036928697529279,
      0.26915867156798406,
      0.23784742214606874,
      0.20977692308589013,
      0.1848305754385059,
      0.16280689952464827,
      0.1434579078254856,
      0.126516936499667,
      0.11171757643047878,
      0.09880564570413158,
      0.08754603660824904,
      0.07772597844464854,
      0.06915591937380237,
      0.061668916780583144,
      0.05511916507183378,
      0.04938008788091024,
      0.04434227270719274,
      0.03991142034666722,
      0.03600640898581512,
      0.03255752469737502,
      0.029504879210422035,
      0.02679701686039188,
      0.0243897016447696,
      0.02224486954982385
    ],
    "dEdg_per_site": [
      -1.0484582303783285,
      -1.0705928452245328,
      -1.1153117781074118,
      -1.1608035927087457,
      -1.2067785010355414,
      -1.25287968771712,
      -1.2987004015832926,
      -1.3438082865527834,
      -1.387773905821409,
      -1.4301993425746296,
      -1.47074270524312,
      -1.5091353546624897,
      -1.545190340862006,
      -1.578802317226281,
      -1.6099405760266716,
      -1.6386375552762467,
      -1.664975215475173,
      -1.6890712748692627,
      -1.711066675255526,
      -1.731115033098679,
      -1.7493743327849964,
      -1.766000780691751,
      -1.7811445487165778,
      -1.7949470585961558,
      -1.8075394544300694,
      -1.8190419473827835,
      -1.829563770188446,
      -1.8392035353562097,
      -1.8480498421609393,
      -1.8561820203596446,
      -1.8636709325293732,
      -1.870579782709204,
      -1.8769648979859543,
      -1.8828764631834982,
      -1.888359198178916,
      -1.8934529736832406,
      -1.89819336540348,
      -1.9026121490313408,
      -1.90673773995376,
      -1.9087305920544573
    ],
    "peak_g": 0.5479,
    "peak_chiF_per_site": 0.641389,
    "time_s": 2.1
  },
  "q2_L4": {
    "q": 2,
    "L": 4,
    "n": 16,
    "dim": 65536,
    "g_values": [
      0.571,
      0.5876666666666667,
      0.6043333333333333,
      0.621,
      0.6376666666666666,
      0.6543333333333333,
      0.671,
      0.6876666666666666,
      0.7043333333333334,
      0.721,
      0.7376666666666667,
      0.7543333333333333,
      0.771,
      0.7876666666666667,
      0.8043333333333333,
      0.8210000000000001,
      0.8376666666666668,
      0.8543333333333334,
      0.871,
      0.8876666666666668,
      0.9043333333333334,
      0.921,
      0.9376666666666668,
      0.9543333333333335,
      0.9710000000000001
    ],
    "E0": [
      -37.39919257105508,
      -37.738212742999046,
      -38.0907595570041,
      -38.45716577047162,
      -38.83754935440586,
      -39.23174603323369,
      -39.63928011249797,
      -40.05938586948319,
      -40.491074075343924,
      -40.93322333208518,
      -41.3846718535326,
      -41.844291757131266,
      -42.31103849824008,
      -42.78397670646903,
      -43.26228803942725,
      -43.74526745727023,
      -44.232313228859226,
      -44.72291436023869,
      -45.216637690421976,
      -45.71311584966669,
      -46.2120366040768,
      -46.713133722210515,
      -47.21617929730043,
      -47.720977368443286,
      -48.22735865613297
    ],