{
  "experiment": "042b",
  "model": "q=5 Potts",
  "n": 8,
  "chi_max": 15,
  "data": {
    "0.1": {
      "cv": 0.011696039435318514,
      "E0": -7.10058780202864,
      "time": 16.90168809890747
    },
    "0.3": {
      "cv": 0.15674017695023942,
      "E0": -7.974721714580303,
      "time": 17.95869779586792
    },
    "0.5": {
      "cv": 1.0645465278379198,
      "E0": -10.182534373440275,
      "time": 16.79160499572754
    }
  },
  "total_runtime": 51.660516023635864
}