{
  "experiment": "076b_tower_comparison",
  "timestamp": "2026-04-02 03:34:32",
  "q": 5,
  "gc_sq": 0.2,
  "gc_hy": 0.438,
  "sq_potts": {
    "4": {
      "dim": 625,
      "E0": -4.611287492887702,
      "gap1": 0.16782672694192247,
      "evals": [
        -4.611287492887702,
        -4.44346076594578,
        -4.443460765945775,
        -4.44346076594576,
        -4.443460765945757,
        -3.8046246387060334,
        -3.3806834533201022,
        -3.3806834533200854,
        -3.380683453320083,
        -3.380683453320077,
        -3.3806834533200694,
        -3.273124557992003
      ],
      "scaled_gaps": [
        0.0,
        1.0,
        1.0000000000000264,
        1.0000000000001164,
        1.0000000000001377,
        4.806521993727612,
        7.332586781564646,
        7.332586781564746,
        7.33258678156476,
        7.332586781564797,
        7.332586781564841,
        7.973479309757255
      ],
      "degeneracies": [
        [
          1,
          2,
          3,
          4
        ],
        [
          5
        ],
        [
          6,
          7,
          8,
          9,
          10
        ],
        [
          11
        ]
      ],
      "time_s": 0.01781940460205078
    },
    "6": {
      "dim": 15625,
      "E0": -6.821221698513116,
      "gap1": 0.10844903056418875,
      "evals": [
        -6.821221698513116,
        -6.7127726679489275,
        -6.7127726679489195,
        -6.7127726679489035,
        -6.712772667948903,
        -6.318274861504888,
        -5.9639911508622605,
        -5.963991150862255,
        -5.963991150862252,
        -5.963991150862231,
        -5.917509300452058,
        -5.917509300452052
      ],
      "scaled_gaps": [
        0.0,
        1.0,
        1.0000000000000737,
        1.0000000000002212,
        1.0000000000002294,
        4.6376333139330805,
        7.9044556063917835,
        7.904455606391833,
        7.904455606391866,
        7.904455606392054,
        8.333061101234737,
        8.333061101234794
      ],
      "degeneracies": [
        [
          1,
          2,
          3,
          4
        ],
        [
          5
        ],
        [
          6,
          7,
          8,
          9
        ],
        [
          10,
          11
        ]
      ],
      "time_s": 0.23384308815002441
    },
    "8": {
      "dim": 390625,
      "E0": -9.051273445788048,
      "gap1": 0.07991833586744157,
      "evals": [
        -9.051273445788048,
        -8.971355109920607,
        -8.971355109920562,
        -8.971355109920545,
        -8.971355109920545,
        -8.690790527457,
        -8.399219489126612,
        -8.399219489126608,
        -8.399219489126573,
        -8.399219489126553,
        -8.373532700138155,
        -8.373532700138128
      ],
      "scaled_gaps": [
        0.0,
        1.0,
        1.0000000000005558,
        1.000000000000778,
        1.000000000000778,
        4.510640948892771,
        8.159003182235693,
        8.159003182235738,
        8.159003182236182,
        8.159003182236427,
        8.480416143474816,
        8.480416143475148
      ],
      "degeneracies": [
        [
          1,
          2,
          3,
          4
        ],
        [
          5
        ],
        [
          6,
          7,
          8,
          9
        ],
        [
          10,
          11
        ]
      ],
      "time_s": 10.555371761322021
    }
  },
  "hybrid": {
    "4": {
      "dim": 625,
      "E0": -4.988810940634875,
      "gap1": 0.11518261250881956,
      "evals": [
        -4.988810940634875,
        -4.873628328126055,
        -4.873628328126011,
        -4.707691565777271,
        -4.707691565777261,
        -4.164277279022315,
        -3.9605166355963592,
        -3.960516635596359,
        -3.9605166355963535,
        -3.960516635596346,
        -3.7313742324392254,
        -3.7313742324392107
      ],
      "scaled_gaps": [
        0.0,
        1.0,
        1.0000000000003855,
        2.440640724623941,
        2.440640724624026,
        7.1584907101271495,
        8.927513299455496,
        8.9275132994555,
        8.927513299455546,
        8.927513299455612,
        10.916896923998552,
        10.91689692399868
      ],
      "degeneracies": [
        [
          1,
          2
        ],
        [
          3,
          4
        ],
        [
          5
        ],
        [
          6,
          7,
          8,
          9
        ],
        [
          10,
          11
        ]
      ],
      "time_s": 0.018376827239990234
    },
    "6": {
      "dim": 15625,
      "E0": -7.389970733444449,
      "gap1": 0.07648918855123643,
      "evals": [
        -7.389970733444449,
        -7.313481544893213,
        -7.313481544893187,
        -7.205213844973002,
        -7.205213844972964,
        -6.820714771211306,
        -6.651707497556829,
        -6.651707497556787,
        -6.651707497556778,
        -6.55348413701083,
        -6.553484137010727,
        -6.49429864686032
      ],
      "scaled_gaps": [
        0.0,
        1.0,
        1.0000000000003368,
        2.4154640933036835,
        2.4154640933041827,
        7.442306200592333,
        9.65186387607045,
        9.651863876070998,
        9.651863876071113,
        10.936010856923872,
        10.93601085692522,
        11.709786749589608
      ],
      "degeneracies": [
        [
          1,
          2
        ],
        [
          3,
          4
        ],
        [
          5
        ],
        [
          6,
          7,
          8
        ],
        [
          9,
          10
        ],
        [
          11
        ]
      ],
      "time_s": 0.1876988410949707
    },
    "8": {
      "dim": 390625,
      "E0": -9.81110829632049,
      "gap1": 0.05732713977362813,
      "evals": [
        -9.81110829632049,
        -9.753781156546863,
        -9.7537811565468,
        -9.672771936475796,
        -9.672771936475746,
        -9.372703712076676,
        -9.238369915275198,
        -9.238369915275186,
        -9.238369915275134,
        -9.185030305320025,
        -9.185030305319968,
        -9.147290827028947
      ],
      "scaled_gaps": [
        0.0,
        1.0,
        1.0000000000010845,
        2.4131041665597492,
        2.413104166560617,
        7.647417714802704,
        9.99070219283408,
        9.990702192834297,
        9.990702192835196,
        10.921144740042955,
        10.921144740043946,
        11.579462570656913
      ],
      "degeneracies": [
        [
          1,
          2
        ],
        [
          3,
          4
        ],
        [
          5
        ],
        [
          6,
          7,
          8
        ],
        [
          9,
          10
        ],
        [
          11
        ]
      ],
      "time_s": 9.174641132354736
    }
  }
}