{
  "sprint": "045c",
  "q": 5,
  "n": 12,
  "chi_max": 20,
  "existing_data": {
    "0.3": 0.1342,
    "0.4": 0.5157,
    "0.5": 1.3601
  },
  "new_data": [
    {
      "g": 0.35,
      "cv": 0.3671239039345715,
      "E0": -12.886210587675476,
      "mi_mean": 0.6265079659612656,
      "time_dmrg": 34.90786027908325,
      "time_mi": 1.794861078262329,
      "status": "ok"
    },
    {
      "g": 0.38,
      "cv": 0.339919084245325,
      "E0": -13.286534045137266,
      "mi_mean": 0.43605697371519697,
      "time_dmrg": 12.919601440429688,
      "time_mi": 1.8189337253570557,
      "status": "ok"
    },
    {
      "g": 0.42,
      "cv": 0.24558212771259993,
      "E0": -13.919499313847659,
      "mi_mean": 0.2420675585586982,
      "time_dmrg": 13.738953590393066,
      "time_mi": 1.7941296100616455,
      "status": "ok"
    },
    {
      "g": 0.45,
      "cv": 0.16773057927804733,
      "E0": -14.459308850569997,
      "mi_mean": 0.15666585148552079,
      "time_dmrg": 8.242724895477295,
      "time_mi": 1.788724660873413,
      "status": "ok"
    }
  ],
  "total_time": 77.02209544181824
}