{
  "p_values_3q": [
    0.0,
    0.02,
    0.05,
    0.08,
    0.1,
    0.15,
    0.2,
    0.25,
    0.3,
    0.35,
    0.4,
    0.45,
    0.5,
    0.55,
    0.6,
    0.7,
    0.8,
    0.9,
    1.0
  ],
  "p_values_9q": [
    0.0,
    0.05,
    0.1,
    0.15,
    0.2,
    0.25,
    0.3,
    0.4,
    0.5,
    0.6,
    0.7,
    0.8,
    1.0
  ],
  "three_qubit": {
    "half_cut_entropy_0": [
      0.0,
      0.282881,
      0.572794,
      0.804358,
      0.937991,
      1.219681,
      1.443856,
      1.622556,
      1.762582,
      1.868136,
      1.941901,
      1.985549,
      2.0,
      1.985549,
      1.941901,
      1.762582,
      1.443856,
      0.937991,
      0.0
    ],
    "half_cut_entropy_1": [
      0.0,
      0.282881,
      0.572794,
      0.804358,
      0.937991,
      1.219681,
      1.443856,
      1.622556,
      1.762582,
      1.868136,
      1.941901,
      1.985549,
      2.0,
      1.985549,
      1.941901,
      1.762582,
      1.443856,
      0.937991,
      0.0
    ],
    "mi_01": [
      0.0,
      0.0,
      0.0,
      0.0,
      -0.0,
      0.0,
      0.0,
      -0.0,
      0.0,
      0.0,
      -0.0,
      -0.0,
      0.0,
      0.0,
      0.0,
      0.0,
      0.0,
      0.0,
      0.0
    ],
    "mi_02": [
      0.0,
      0.0,
      0.0,
      0.0,
      -0.0,
      0.0,
      0.0,
      -0.0,
      0.0,
      0.0,
      -0.0,
      -0.0,
      0.0,
      0.0,
      0.0,
      0.0,
      0.0,
      0.0,
      0.0
    ],
    "mi_12": [
      0.0,
      0.0,
      0.0,
      0.0,
      -0.0,
      0.0,
      0.0,
      -0.0,
      0.0,
      0.0,
      -0.0,
      -0.0,
      0.0,
      0.0,
      0.0,
      0.0,
      0.0,
      0.0,
      0.0
    ],
    "i3_012": [
      0.0,
      0.0,
      0.0,
      -0.0,
      -0.0,
      0.0,
      0.0,
      0.0,
      -0.0,
      -0.0,
      -0.0,
      0.0,
      0.0,
      -0.0,
      0.0,
      -0.0,
      0.0,
      0.0,
      0.0
    ],
    "logical_mi": [
      1.0,
      0.991537,
      0.957415,
      0.905048,
      0.862418,
      0.736516,
      0.593843,
      0.446406,
      0.305326,
      0.181175,
      0.083772,
      0.021462,
      0.0,
      0.021462,
      0.083772,
      0.305326,
      0.593843,
      0.862418,
      1.0
    ],
    "logical_fidelity_0": [
      1.0,
      0.998816,
      0.99275,
      0.981824,
      0.972,
      0.93925,
      0.896,
      0.84375,
      0.784,
      0.71825,
      0.648,
      0.57475,
      0.5,
      0.42525,
      0.352,
      0.216,
      0.104,
      0.028,
      0.0
    ],
    "logical_fidelity_1": [
      1.0,
      0.998816,
      0.99275,
      0.981824,
      0.972,
      0.93925,
      0.896,
      0.84375,
      0.784,
      0.71825,
      0.648,
      0.57475,
      0.5,
      0.42525,
      0.352,
      0.216,
      0.104,
      0.028,
      0.0
    ],
    "total_entropy_0": [
      0.0,
      0.424322,
      0.859191,
      1.206538,
      1.406987,
      1.829521,
      2.165784,
      2.433834,
      2.643873,
      2.802204,
      2.912852,
      2.978323,
      3.0,
      2.978323,
      2.912852,
      2.643873,
      2.165784,
      1.406987,
      0.0
    ],
    "total_entropy_1": [
      0.0,
      0.424322,
      0.859191,
      1.206538,
      1.406987,
      1.829521,
      2.165784,
      2.433834,
      2.643873,
      2.802204,
      2.912852,
      2.978323,
      3.0,
      2.978323,
      2.912852,
      2.643873,
      2.165784,
      1.406987,
      0.0
    ]
  },
  "nine_qubit": {
    "logical_mi": [
      1.0,
      0.9998,
      0.9954,
      0.973774,
      0.9162,
      0.806878,
      0.641989,
      0.225777,
      0.0,
      0.225777,
      0.641989,
      0.9162,
      1.0
    ],
    "logical_fidelity_0": [
      1.0,
      0.999843,
      0.997692,
      0.989377,
      0.969802,
      0.934387,
      0.880187,
      0.715516,
      0.5,
      0.284484,
      0.119813,
      0.030198,
      0.0
    ],
    "logical_fidelity_1": [
      1.0,
      0.999843,
      0.997692,
      0.989377,
      0.969802,
      0.934387,
      0.880187,
      0.715516,
      0.5,
      0.284484,
      0.119813,
      0.030198,
      0.0
    ],
    "total_entropy_0": [
      0.0,
      2.577573,
      4.22096,
      5.488563,
      6.497353,
      7.301503,
      7.931618,
      8.738555,
      9.0,
      8.738555,
      7.931618,
      6.497353,
      0.0
    ],
    "half_cut_entropy_0": [
      0.0,
      1.431985,
      2.344978,
      3.049202,
      3.60964,
      4.056391,
      4.406454,
      4.854753,
      5.0,
      4.854753,
      4.406454,
      3.60964,
      0.0
    ]
  },
  "uncoded_logical_mi": [
    1.0,
    0.858559,
    0.713603,
    0.597821,
    0.531004,
    0.39016,
    0.278072,
    0.188722,
    0.118709,
    0.065932,
    0.029049,
    0.007226,
    0.0,
    0.007226,
    0.029049,
    0.118709,
    0.278072,
    0.531004,
    1.0
  ],
  "threshold": 0.5,
  "notes": "Bit-flip noise on repetition code. Logical MI = Holevo info = distinguishability of encoded |0> vs |1>."
}