{
  "3qubit_bitflip_zero": {
    "p_values": [
      0.0,
      0.02,
      0.04,
      0.06,
      0.08,
      0.1,
      0.12,
      0.14,
      0.16,
      0.18,
      0.2,
      0.22,
      0.24,
      0.26,
      0.28,
      0.3,
      0.32,
      0.34,
      0.36,
      0.38,
      0.4,
      0.42,
      0.44,
      0.46,
      0.48,
      0.5
    ],
    "fid_uncoded": [
      1.0,
      0.98,
      0.96,
      0.94,
      0.92,
      0.9,
      0.88,
      0.86,
      0.84,
      0.82,
      0.8,
      0.78,
      0.76,
      0.74,
      0.72,
      0.7,
      0.68,
      0.66,
      0.64,
      0.62,
      0.6,
      0.58,
      0.56,
      0.54,
      0.52,
      0.5
    ],
    "fid_coded_uncorrected": [
      1.0,
      0.941192,
      0.884736,
      0.830584,
      0.778688,
      0.729,
      0.681472,
      0.636056,
      0.592704,
      0.551368,
      0.512,
      0.474552,
      0.438976,
      0.405224,
      0.373248,
      0.343,
      0.314432,
      0.287496,
      0.262144,
      0.238328,
      0.216,
      0.195112,
      0.175616,
      0.157464,
      0.140608,
      0.125
    ],
    "fid_coded_corrected": [
      1.0,
      0.998816,
      0.995328,
      0.989632,
      0.981824,
      0.972,
      0.960256,
      0.946688,
      0.931392,
      0.914464,
      0.896,
      0.876096,
      0.854848,
      0.832352,
      0.808704,
      0.784,
      0.758336,
      0.731808,
      0.704512,
      0.676544,
      0.648,
      0.618976,
      0.589568,
      0.559872,
      0.529984,
      0.5
    ]
  },
  "3qubit_bitflip_one": {
    "p_values": [
      0.0,
      0.02,
      0.04,
      0.06,
      0.08,
      0.1,
      0.12,
      0.14,
      0.16,
      0.18,
      0.2,
      0.22,
      0.24,
      0.26,
      0.28,
      0.3,
      0.32,
      0.34,
      0.36,
      0.38,
      0.4,
      0.42,
      0.44,
      0.46,
      0.48,
      0.5
    ],
    "fid_uncoded": [
      1.0,
      0.98,
      0.96,
      0.94,
      0.92,
      0.9,
      0.88,
      0.86,
      0.84,
      0.82,
      0.8,
      0.78,
      0.76,
      0.74,
      0.72,
      0.7,
      0.68,
      0.66,
      0.64,
      0.62,
      0.6,
      0.58,
      0.56,
      0.54,
      0.52,
      0.5
    ],
    "fid_coded_uncorrected": [
      1.0,
      0.941192,
      0.884736,
      0.830584,
      0.778688,
      0.729,
      0.681472,
      0.636056,
      0.592704,
      0.551368,
      0.512,
      0.474552,
      0.438976,
      0.405224,
      0.373248,
      0.343,
      0.314432,
      0.287496,
      0.262144,
      0.238328,
      0.216,
      0.195112,
      0.175616,
      0.157464,
      0.140608,
      0.125
    ],
    "fid_coded_corrected": [
      1.0,
      0.998816,
      0.995328,
      0.989632,
      0.981824,
      0.972,
      0.960256,
      0.946688,
      0.931392,
      0.914464,
      0.896,
      0.876096,
      0.854848,
      0.832352,
      0.808704,
      0.784,
      0.758336,
      0.731808,
      0.704512,
      0.676544,
      0.648,
      0.618976,
      0.589568,
      0.559872,
      0.529984,
      0.5
    ]
  },
  "3qubit_bitflip_plus": {
    "p_values": [
      0.0,
      0.02,
      0.04,
      0.06,
      0.08,
      0.1,
      0.12,
      0.14,
      0.16,
      0.18,
      0.2,
      0.22,
      0.24,
      0.26,
      0.28,
      0.3,
      0.32,
      0.34,
      0.36,
      0.38,
      0.4,
      0.42,
      0.44,
      0.46,
      0.48,
      0.5
    ],
    "fid_uncoded": [
      1.0,
      1.0,
      1.0,
      1.0,
      1.0,
      1.0,
      1.0,
      1.0,
      1.0,
      1.0,
      1.0,
      1.0,
      1.0,
      1.0,
      1.0,
      1.0,
      1.0,
      1.0,
      1.0,
      1.0,
      1.0,
      1.0,
      1.0,
      1.0,
      1.0,
      1.0
    ],
    "fid_coded_uncorrected": [
      1.0,
      0.9412,
      0.8848,
      0.8308,
      0.7792,
      0.73,
      0.6832,
      0.6388,
      0.5968,
      0.5572,
      0.52,
      0.4852,
      0.4528,
      0.4228,
      0.3952,
      0.37,
      0.3472,
      0.3268,
      0.3088,
      0.2932,
      0.28,
      0.2692,
      0.2608,
      0.2548,
      0.2512,
      0.25
    ],
    "fid_coded_corrected": [
      1.0,
      1.0,
      1.0,
      1.0,
      1.0,
      1.0,
      1.0,
      1.0,
      1.0,
      1.0,
      1.0,
      1.0,
      1.0,
      1.0,
      1.0,
      1.0,
      1.0,
      1.0,
      1.0,
      1.0,
      1.0,
      1.0,
      1.0,
      1.0,
      1.0,
      1.0
    ]
  },
  "5qubit_depol_zero": {
    "p_values": [
      0.0,
      0.02,
      0.04,
      0.06,
      0.08,
      0.1,
      0.12,
      0.14,
      0.16,
      0.18,
      0.2,
      0.22,
      0.24,
      0.26,
      0.28,
      0.3,
      0.32,
      0.34,
      0.36,
      0.38,
      0.4,
      0.42,
      0.44,
      0.46,
      0.48,
      0.5
    ],
    "fid_uncoded": [
      1.0,
      0.986667,
      0.973333,
      0.96,
      0.946667,
      0.933333,
      0.92,
      0.906667,
      0.893333,
      0.88,
      0.866667,
      0.853333,
      0.84,
      0.826667,
      0.813333,
      0.8,
      0.786667,
      0.773333,
      0.76,
      0.746667,
      0.733333,
      0.72,
      0.706667,
      0.693333,
      0.68,
      0.666667
    ],
    "fid_coded_corrected": [
      1.0,
      0.99745,
      0.990251,
      0.979049,
      0.964443,
      0.946995,
      0.927221,
      0.905602,
      0.882579,
      0.858556,
      0.8339,
      0.808947,
      0.783995,
      0.759314,
      0.735139,
      0.71168,
      0.689114,
      0.667594,
      0.647245,
      0.628167,
      0.610438,
      0.594111,
      0.579221,
      0.565781,
      0.553785,
      0.54321
    ]
  },
  "5qubit_depol_one": {
    "p_values": [
      0.0,
      0.02,
      0.04,
      0.06,
      0.08,
      0.1,
      0.12,
      0.14,
      0.16,
      0.18,
      0.2,
      0.22,
      0.24,
      0.26,
      0.28,
      0.3,
      0.32,
      0.34,
      0.36,
      0.38,
      0.4,
      0.42,
      0.44,
      0.46,
      0.48,
      0.5
    ],
    "fid_uncoded": [
      1.0,
      0.986667,
      0.973333,
      0.96,
      0.946667,
      0.933333,
      0.92,
      0.906667,
      0.893333,
      0.88,
      0.866667,
      0.853333,
      0.84,
      0.826667,
      0.813333,
      0.8,
      0.786667,
      0.773333,
      0.76,
      0.746667,
      0.733333,
      0.72,
      0.706667,
      0.693333,
      0.68,
      0.666667
    ],
    "fid_coded_corrected": [
      1.0,
      0.99745,
      0.990251,
      0.979049,
      0.964443,
      0.946995,
      0.927221,
      0.905602,
      0.882579,
      0.858556,
      0.8339,
      0.808947,
      0.783995,
      0.759314,
      0.735139,
      0.71168,
      0.689114,
      0.667594,
      0.647245,
      0.628167,
      0.610438,
      0.594111,
      0.579221,
      0.565781,
      0.553785,
      0.54321
    ]
  },
  "5qubit_depol_plus": {
    "p_values": [
      0.0,
      0.02,
      0.04,
      0.06,
      0.08,
      0.1,
      0.12,
      0.14,
      0.16,
      0.18,
      0.2,
      0.22,
      0.24,
      0.26,
      0.28,
      0.3,
      0.32,
      0.34,
      0.36,
      0.38,
      0.4,
      0.42,
      0.44,
      0.46,
      0.48,
      0.5
    ],
    "fid_uncoded": [
      1.0,
      0.986667,
      0.973333,
      0.96,
      0.946667,
      0.933333,
      0.92,
      0.906667,
      0.893333,
      0.88,
      0.866667,
      0.853333,
      0.84,
      0.826667,
      0.813333,
      0.8,
      0.786667,
      0.773333,
      0.76,
      0.746667,
      0.733333,
      0.72,
      0.706667,
      0.693333,
      0.68,
      0.666667
    ],