{
  "experiment": "035b",
  "description": "BW spectrum accuracy scaling",
  "data": {
    "tfim_critical": {
      "8": {
        "R2_fitted": 1.0,
        "R2_envelope": 0.23096729118630765,
        "n_significant": 3,
        "eps_exact_top5": [
          0.12064160472993386,
          2.1785931317605836,
          7.831791780953437
        ],
        "eps_bw_top5": [
          0.12064160457371287,
          2.1785931318420495,
          7.831791781028194
        ],
        "fitted_betas": {
          "field_0": -10.036399980503163,
          "field_1": -9.498001655951796,
          "field_2": -2.0523914726775114,
          "field_3": 3.1442541038643963,
          "bond_0": 21.05437225962743,
          "bond_1": -0.4923463271428908,
          "bond_2": -5.074579495422887
        },
        "n": 8,
        "E0": -9.837951447459416,
        "time": 0.0786585807800293
      },
      "10": {
        "R2_fitted": 1.0,
        "R2_envelope": 0.18807844167661414,
        "n_significant": 3,
        "eps_exact_top5": [
          0.13201489797805044,
          2.0962241563542485,
          7.3243442797902505
        ],
        "eps_bw_top5": [
          0.1320148979359601,
          2.096224156386569,
          7.324344279800016
        ],
        "fitted_betas": {
          "field_0": -7.099539060115184,
          "field_1": -24.18931452423007,
          "field_2": -14.594197292771788,
          "field_3": -13.407848533997882,
          "field_4": 2.5329791295056157,
          "bond_0": 65.45529408849399,
          "bond_1": 12.458908748184669,
          "bond_2": 6.451560466839232,
          "bond_3": -11.553404340102025
        },
        "n": 10,
        "E0": -12.381489999654738,
        "time": 0.5234928131103516
      },
      "12": {
        "R2_fitted": 1.0,
        "R2_envelope": 0.15858651445175553,
        "n_significant": 4,
        "eps_exact_top5": [
          0.14131832006924128,
          2.0348721331824176,
          6.963336011996767,
          8.856889825109704
        ],
        "eps_bw_top5": [
          0.14131832022863478,
          2.03487213277333,
          6.963336012405634,
          8.856889824950514
        ],
        "fitted_betas": {
          "field_0": -14.515720732709067,
          "field_1": -5.198827781531799,
          "field_2": -24.187295337055424,
          "field_3": -11.406157690785093,
          "field_4": -9.602756545241803,
          "field_5": -4.480788272300822,
          "bond_0": 6.061054861651934,
          "bond_1": 54.08105654904695,
          "bond_2": 22.09580700537869,
          "bond_3": -0.8023605110230589,
          "bond_4": -7.851626784551355
        },
        "n": 12,
        "E0": -14.925971109908652,
        "time": 2.078773021697998
      },
      "16": {
        "R2_fitted": 1.0,
        "R2_envelope": 0.12052536107109368,
        "n_significant": 4,
        "eps_exact_top5": [
          0.15597304376362095,
          1.9476607486671513,
          6.471307122701644,
          8.26299482760522
        ],
        "eps_bw_top5": [
          0.15597304375870635,
          1.9476607486720354,
          6.471307122698079,
          8.262994827608907
        ],
        "fitted_betas": {
          "field_0": -104.15969045520042,
          "field_1": -2.712288162345499,
          "field_2": -21.537430236934913,
          "field_3": -50.279779520963984,
          "field_4": -73.24996746399302,
          "field_5": -26.822612707131537,
          "field_6": 31.17422640308107,
          "field_7": -10.32831340353978,
          "bond_0": 108.71909623724599,
          "bond_1": 32.275539614348304,
          "bond_2": 2.687774984978346,
          "bond_3": 65.3840246809045,
          "bond_4": 91.63390106201373,
          "bond_5": -50.34136295904851,
          "bond_6": -23.16944357451016
        },
        "n": 16,
        "E0": -20.01638790048514,
        "time": 10.369133234024048
      }
    },
    "tfim_ordered": {
      "8": {
        "R2_fitted": 1.0,
        "R2_envelope": 0.17146193971175716,
        "n_significant": 4,
        "eps_exact_top5": [
          0.5807223101844522,
          0.8204709076552475,
          8.755578769140525,
          8.995327366611434
        ],
        "eps_bw_top5": [
          0.5807223101805867,
          0.8204709077120924,
          8.755578769083721,
          8.995327366615255
        ],
        "fitted_betas": {
          "field_0": 1.6863541865216227,
          "field_1": 3.552532393971571,
          "field_2": 5.30509492244018,
          "field_3": -1.303826936962937,
          "bond_0": -7.908737684831002,
          "bond_1": -7.47800317961116,
          "bond_2": -5.423577075657507
        },
        "n": 8,
        "E0": -7.6405925535900705,
        "time": 0.11295223236083984
      },
      "10": {
        "R2_fitted": 1.0,
        "R2_envelope": 0.13806442199814206,
        "n_significant": 4,
        "eps_exact_top5": [
          0.6350560407990471,
          0.7554830969467237,
          8.711986786527923,
          8.832413842675502
        ],
        "eps_bw_top5": [
          0.6350560407924988,
          0.7554830969777768,
          8.711986786496809,
          8.832413842682087
        ],
        "fitted_betas": {
          "field_0": -5.915548014216291,
          "field_1": 4.148118088371049,
          "field_2": 18.61087749114106,
          "field_3": 2.361219742770274,
          "field_4": 0.6322717505814976,
          "bond_0": 2.1034240236903425,
          "bond_1": -3.1824274726820074,
          "bond_2": -11.204232626317152,
          "bond_3": -19.485028007184212
        },
        "n": 10,
        "E0": -9.765503957927187,
        "time": 0.47146153450012207
      },
      "12": {
        "R2_fitted": 1.0,
        "R2_envelope": 0.1159058923833074,
        "n_significant": 4,
        "eps_exact_top5": [
          0.6637723473556228,
          0.7240699763992441,
          8.712422133363878,
          8.772719762407592
        ],
        "eps_bw_top5": [
          0.6637723474891501,
          0.7240699764507639,
          8.712422133312394,
          8.772719762274015
        ],
        "fitted_betas": {
          "field_0": 7.397987001645275,
          "field_1": 7.313818171316379,
          "field_2": 5.04437113712215,
          "field_3": 7.484213196683844,
          "field_4": 1.0778541859526185,
          "field_5": -0.612144551625593,
          "bond_0": -2.559453627793955,
          "bond_1": -12.978684106512336,
          "bond_2": -16.49261504628475,
          "bond_3": -4.661744969276906,
          "bond_4": -4.8275934374578995
        },
        "n": 12,
        "E0": -11.8920448729388,
        "time": 1.5659046173095703
      },
      "16": {
        "R2_fitted": 1.0,
        "R2_envelope": 0.08805068729333121,
        "n_significant": 4,
        "eps_exact_top5": [
          0.6859573204568984,
          0.7010395217952883,
          8.724572308770323,
          8.739654510109178
        ],
        "eps_bw_top5": [
          0.6859573204568505,
          0.70103952179511,
          8.724572308770348,
          8.739654510109744
        ],
        "fitted_betas": {
          "field_0": -22.867869293904292,
          "field_1": 19.28865587033808,
          "field_2": 21.211579677279275,
          "field_3": 16.874633746107733,
          "field_4": 59.10091377935188,
          "field_5": 32.864193967854945,
          "field_6": 2.946767440004036,
          "field_7": 26.51826139330572,
          "bond_0": -161.60554888635957,
          "bond_1": -236.08631710785016,
          "bond_2": -36.49577596139722,
          "bond_3": -9.775360407315263,
          "bond_4": -34.780891882219464,
          "bond_5": -58.03899527852536,
          "bond_6": -111.01020757489229
        },
        "n": 16,
        "E0": -16.146050955496783,
        "time": 28.23682689666748
      }
    },
    "xxz_xy": {
      "8": {
        "R2_fitted": 1.0,
        "R2_envelope": 2.220446049250313e-16,
        "n_significant": 4,