{
  "experiment": "121b_log_corrections_q4",
  "sprint": 121,
  "timestamp": "2026-04-08 10:58:30",
  "data": {
    "sq_q4": {
      "sizes": [
        10.0,
        11.0,
        4.0,
        5.0,
        6.0,
        7.0,
        8.0,
        9.0
      ],
      "chi_F": [
        32.70962240907529,
        38.725053634151344,
        6.340285285058387,
        9.526464558529337,
        13.211532966846846,
        17.383224885906973,
        22.03010691304613,
        27.14193911915862
      ],
      "pure_power": {
        "A": 0.546218332924815,
        "alpha": 1.7773480442720917,
        "r2": 0.9999898737328701,
        "aic": -50.12871849568521
      },
      "log_corrected": {
        "A": 0.575147484198645,
        "alpha": 1.6925397551117618,
        "alpha_err": 0.01279043356282848,
        "p": -0.17243431239462392,
        "p_err": 0.0259359766086918,
        "r2": 0.9999989760013486,
        "aic": -66.46005884904766
      },
      "log_fixed_alpha2": {
        "A": 0.47528034031931016,
        "p": 0.44817651133554737,
        "p_err": 0.02025463400089858,
        "r2": 0.9998789464978167,
        "aic": -30.279919608673623
      }
    },
    "hybrid_q4": {
      "sizes": [
        10.0,
        11.0,
        4.0,
        5.0,
        6.0,
        7.0,
        8.0,
        9.0
      ],
      "chi_F": [
        8.646526326370344,
        9.964950817954971,
        2.0708949032522064,
        2.984216698060703,
        3.9784359875389104,
        5.046827349228018,
        6.183895734357955,
        7.385077947459714
      ],
      "pure_power": {
        "A": 0.25784046098157554,
        "alpha": 1.5255000832537837,
        "r2": 0.9998434471390468,
        "aic": -50.84623878072569
      },
      "log_corrected": {
        "A": 0.3086929544183163,
        "alpha": 1.2385261043669549,
        "alpha_err": 0.010897819853286186,
        "p": -0.5766646280922476,
        "p_err": 0.021855848441091726,
        "r2": 0.9999988991300863,
        "aic": -88.50458297866074
      }
    },
    "comparison": {
      "sq_pure_alpha": 1.7773480442720917,
      "sq_log_alpha": 1.6925397551117618,
      "sq_p": -0.17243431239462392,
      "hyb_pure_alpha": 1.5255000832537837,
      "hyb_log_alpha": 1.2385261043669549,
      "hyb_p": -0.5766646280922476,
      "dAIC_sq": 16.331340353362442,
      "dAIC_hyb": 37.658344197935044
    }
  }
}