{
  "experiment": "091a_he_bw_fidelity",
  "timestamp": "2026-04-02 09:20:31",
  "data": {
    "q2": {
      "q": 2,
      "n": 12,
      "nA": 6,
      "dim": 4096,
      "dimA": 64,
      "gc": 0.5,
      "Re_c": 0.5,
      "S_vn": 0.7022545114919952,
      "gap": 0.06554346281523848,
      "HE_norm": 224.9953979560782,
      "potts_locality": 0.8226502884458444,
      "bw_fidelity": 0.906617986865939,
      "bw_variance": 0.8219561741088481,
      "bw_alpha": 2.3897197301174584,
      "envelope_comparison": {
        "sin": {
          "fidelity": 0.906617986865939,
          "variance": 0.8219561741088481,
          "alpha": 2.3897197301174584
        },
        "uniform": {
          "fidelity": 0.8409352118441991,
          "variance": 0.707172030519448,
          "alpha": 5.142974029667645
        },
        "linear": {
          "fidelity": 0.7439315544467865,
          "variance": 0.5534341577016122,
          "alpha": 1.3416395534363752
        }
      },
      "best_envelope": "sin",
      "fit_coefficients": {
        "delta_0_1": -3.600537107822346,
        "delta_1_2": -6.404410665228258,
        "delta_2_3": -7.822574240542826,
        "delta_3_4": -6.404380690015225,
        "delta_4_5": -3.6003077156727823,
        "field_0": -0.904776168673378,
        "field_1": -2.5816565349235754,
        "field_2": -3.698758300772064,
        "field_3": -3.698648741095704,
        "field_4": -2.5816758711688457,
        "field_5": -0.9047363368977535
      },
      "time_s": 0.13357138633728027
    },
    "q3": {
      "q": 3,
      "n": 10,
      "nA": 5,
      "dim": 59049,
      "dimA": 243,
      "gc": 0.3333333333333333,
      "Re_c": 0.8,
      "S_vn": 1.0720747526625771,
      "gap": 0.07329498553259484,
      "HE_norm": 455.87204789420696,
      "potts_locality": 0.8460089261871538,
      "bw_fidelity": 0.9178635505411004,
      "bw_variance": 0.8424734974119152,
      "bw_alpha": 2.400596125914717,
      "envelope_comparison": {
        "sin": {
          "fidelity": 0.9178635505411004,
          "variance": 0.8424734974119152,
          "alpha": 2.400596125914717
        },
        "uniform": {
          "fidelity": 0.8482054856357931,
          "variance": 0.7194525458626517,
          "alpha": 5.194642615736169
        },
        "linear": {
          "fidelity": 0.7536501371678496,
          "variance": 0.5679885292531185,
          "alpha": 1.640412991541393
        }
      },
      "best_envelope": "sin",
      "fit_coefficients": {
        "delta_0_1": -3.983155966024892,
        "delta_1_2": -7.4473176405319474,
        "delta_2_3": -7.447294253150192,
        "delta_3_4": -3.9832409990504685,
        "field_0": -0.6728030775639464,
        "field_1": -1.9557847780720672,
        "field_2": -2.7064362458221862,
        "field_3": -1.9557936733246686,
        "field_4": -0.6727737861731394
      },
      "time_s": 0.6437089443206787
    },
    "q4": {
      "q": 4,
      "n": 8,
      "nA": 4,
      "dim": 65536,
      "dimA": 256,
      "gc": 0.25,
      "Re_c": 1.0,
      "S_vn": 1.279649453877042,
      "gap": 0.08577661057032593,
      "HE_norm": 419.61272496121575,
      "potts_locality": 0.9900057326136263,
      "bw_fidelity": 0.9941696793994221,
      "bw_variance": 0.9883733514371502,
      "bw_alpha": 3.22826332579878,
      "envelope_comparison": {
        "sin": {
          "fidelity": 0.9941696793994221,
          "variance": 0.9883733514371502,
          "alpha": 3.22826332579878
        },
        "uniform": {
          "fidelity": 0.9323834565281429,
          "variance": 0.8693389100073676,
          "alpha": 7.190082046701082
        },
        "linear": {
          "fidelity": 0.8339546385744891,
          "variance": 0.695480339199907,
          "alpha": 2.8760518644808237
        }
      },
      "best_envelope": "sin",
      "fit_coefficients": {
        "delta_0_1": -6.944213892706208,
        "delta_1_2": -10.501128845701864,
        "delta_2_3": -6.944175824857087,
        "field_0": -0.8592801088367839,
        "field_1": -2.3832903118291844,
        "field_2": -2.3832987934814853,
        "field_3": -0.8593947267631514
      },
      "time_s": 0.7907207012176514
    },
    "q5": {
      "q": 5,
      "n": 8,
      "nA": 4,
      "dim": 390625,
      "dimA": 625,
      "gc": 0.2,
      "Re_c": 1.138,
      "S_vn": 1.483309433664116,
      "gap": 0.0799183358675446,
      "HE_norm": 709.800931120195,
      "potts_locality": 0.9707578307569695,
      "bw_fidelity": 0.9831884439631365,
      "bw_variance": 0.9666595163426537,
      "bw_alpha": 3.195134173837458,
      "envelope_comparison": {
        "sin": {
          "fidelity": 0.9831884439631365,
          "variance": 0.9666595163426537,
          "alpha": 3.195134173837458
        },
        "uniform": {
          "fidelity": 0.9148623317105881,
          "variance": 0.8369730859829337,
          "alpha": 7.0605564515016965
        },
        "linear": {
          "fidelity": 0.8182779223993141,
          "variance": 0.6695787582861377,
          "alpha": 2.8242231911428304
        }
      },
      "best_envelope": "sin",
      "fit_coefficients": {
        "delta_0_1": -6.733005655880348,
        "delta_1_2": -10.602133332588204,
        "delta_2_3": -6.733005683815445,
        "field_0": -0.6279516810456705,
        "field_1": -1.907622785586548,
        "field_2": -1.9076202639502213,
        "field_3": -0.6279553670631404
      },
      "time_s": 5.39052414894104
    },
    "q7": {
      "q": 7,
      "n": 6,
      "nA": 3,
      "dim": 117649,
      "dimA": 343,
      "gc": 0.14285714285714285,
      "Re_c": 1.351,
      "S_vn": 1.6526544262399008,
      "gap": 0.09541241335346307,
      "HE_norm": 368.23832215635076,
      "potts_locality": 0.9990468231677315,
      "bw_fidelity": 0.9992941093532255,
      "bw_variance": 0.9985887169880555,
      "bw_alpha": 3.1162571973501114,
      "envelope_comparison": {
        "sin": {
          "fidelity": 0.9992941093532255,
          "variance": 0.9985887169880555,
          "alpha": 3.1162571973501114
        },
        "uniform": {
          "fidelity": 0.9573499825570061,
          "variance": 0.9165189891018996,
          "alpha": 7.265009705595842
        },
        "linear": {
          "fidelity": 0.8659556414155621,
          "variance": 0.7498791728994371,
          "alpha": 3.9627325666830484
        }
      },
      "best_envelope": "sin",
      "fit_coefficients": {
        "delta_0_1": -8.485667818140673,
        "delta_1_2": -8.485667818140687,
        "field_0": -0.6687555050334032,
        "field_1": -1.42730511732959,
        "field_2": -0.668755505022414
      },
      "time_s": 1.2419321537017822
    }
  },
  "runtime_seconds": 61.96537637710571
}