{
  "n_qubits": 6,
  "noise_levels": [
    0.0,
    0.05,
    0.1,
    0.15,
    0.2,
    0.3,
    0.4,
    0.5,
    0.7,
    1.0
  ],
  "GHZ": {
    "depolarizing": {
      "phi": [
        2.0,
        1.878843,
        1.762724,
        1.648753,
        1.536343,
        1.315311,
        1.098787,
        0.886769,
        0.479287,
        0.0
      ],
      "negativity": [
        0.5,
        0.474219,
        0.448437,
        0.422656,
        0.396875,
        0.345312,
        0.29375,
        0.242187,
        0.139063,
        0.0
      ]
    },
    "amplitude_damping": {
      "phi": [
        2.0,
        1.707895,
        1.471369,
        1.261477,
        1.073418,
        0.756203,
        0.510201,
        0.325301,
        0.097174,
        0.0
      ],
      "negativity": [
        0.5,
        0.428634,
        0.364135,
        0.306026,
        0.253952,
        0.16687,
        0.101088,
        0.054688,
        0.00887,
        0.0
      ]
    },
    "phase_damping": {
      "phi": [
        2.0,
        1.43587,
        1.214603,
        1.105188,
        1.050155,
        1.010008,
        1.001571,
        1.000176,
        1.0,
        1.0
      ],
      "negativity": [
        0.5,
        0.367546,
        0.26572,
        0.188575,
        0.131072,
        0.058825,
        0.023328,
        0.007813,
        0.000365,
        0.0
      ]
    }
  },
  "W": {
    "depolarizing": {
      "phi": [
        1.300045,
        1.234999,
        1.172298,
        1.109223,
        1.045328,
        0.914639,
        0.780126,
        0.642297,
        0.360774,
        0.0
      ],
      "negativity": [
        0.5,
        0.474219,
        0.448438,
        0.422656,
        0.396875,
        0.345313,
        0.29375,
        0.242188,
        0.139063,
        0.0
      ]
    },
    "amplitude_damping": {
      "phi": [
        1.300045,
        1.082195,
        0.952123,
        0.849611,
        0.762877,
        0.618281,
        0.498045,
        0.393686,
        0.216384,
        0.0
      ],
      "negativity": [
        0.5,
        0.450657,
        0.402769,
        0.356567,
        0.312311,
        0.230789,
        0.160555,
        0.103553,
        0.030789,
        0.0
      ]
    },
    "phase_damping": {
      "phi": [
        1.300045,
        1.164064,
        1.067784,
        0.989417,
        0.923945,
        0.822382,
        0.751212,
        0.703531,
        0.658382,
        0.650022
      ],
      "negativity": [
        0.5,
        0.45125,
        0.405,
        0.36125,
        0.32,
        0.245,
        0.18,
        0.125,
        0.045,
        0.0
      ]
    }
  },
  "Cluster_1D": {
    "depolarizing": {
      "phi": [
        2.0,
        1.878843,
        1.762724,
        1.648753,
        1.536343,
        1.315311,
        1.098787,
        0.886769,
        0.479287,
        0.0
      ],
      "negativity": [
        0.5,
        0.474219,
        0.448437,
        0.422656,
        0.396875,
        0.345312,
        0.29375,
        0.242187,
        0.139062,
        0.0
      ]
    },
    "amplitude_damping": {
      "phi": [
        2.0,
        1.747312,
        1.553875,
        1.378082,
        1.213467,
        0.912022,
        0.648796,
        0.42881,
        0.131083,
        0.0
      ],
      "negativity": [
        0.5,
        0.460576,
        0.419098,
        0.376141,
        0.33236,
        0.24539,
        0.165086,
        0.098504,
        0.02066,
        0.0
      ]
    },
    "phase_damping": {
      "phi": [
        2.0,
        1.662678,
        1.427206,
        1.231377,
        1.062009,
        0.780319,
        0.556144,
        0.377444,
        0.131864,
        -0.0
      ],
      "negativity": [
        0.5,
        0.450625,
        0.4025,
        0.355625,
        0.31,
        0.2225,
        0.14,
        0.0625,
        0.0,
        0.0
      ]
    }
  },
  "Cluster_2D": {
    "depolarizing": {
      "phi": [
        2.0,
        1.878843,
        1.762724,
        1.648753,
        1.536343,
        1.315311,
        1.098787,
        0.886769,
        0.479287,
        0.0
      ],
      "negativity": [
        3.5,
        3.303125,
        3.10625,
        2.909375,
        2.7125,
        2.31875,
        1.925,
        1.53125,
        0.74375,
        0.0
      ]
    },
    "amplitude_damping": {
      "phi": [
        2.0,
        1.806298,
        1.641345,
        1.480128,
        1.320348,
        1.008787,
        0.720599,
        0.471782,
        0.133919,
        0.0
      ],
      "negativity": [
        3.5,
        2.936278,
        2.440451,
        2.006036,
        1.627245,
        1.017055,
        0.578421,
        0.288129,
        0.043839,
        0.0
      ]
    },
    "phase_damping": {
      "phi": [
        2.0,
        1.77508,
        1.593752,
        1.428021,
        1.27309,
        0.989586,
        0.738597,
        0.5206,
        0.191945,
        -0.0
      ],
      "negativity": [
        3.5,
        2.936273,
        2.440368,
        2.005592,
        1.625764,
        1.008598,
        0.548576,
        0.211914,
        0.0,
        0.0
      ]
    }
  },
  "fingerprints_phi_retention_p03": {
    "GHZ": {
      "depolarizing": 0.658,
      "amplitude_damping": 0.378,
      "phase_damping": 0.505
    },
    "W": {
      "depolarizing": 0.704,
      "amplitude_damping": 0.476,
      "phase_damping": 0.633
    },
    "Cluster_1D": {
      "depolarizing": 0.658,
      "amplitude_damping": 0.456,
      "phase_damping": 0.39
    },
    "Cluster_2D": {
      "depolarizing": 0.658,
      "amplitude_damping": 0.504,
      "phase_damping": 0.495
    }
  },
  "fingerprints_neg_retention_p03": {
    "GHZ": {
      "depolarizing": 0.691,
      "amplitude_damping": 0.334,
      "phase_damping": 0.118
    },
    "W": {
      "depolarizing": 0.691,
      "amplitude_damping": 0.462,
      "phase_damping": 0.49
    },
    "Cluster_1D": {
      "depolarizing": 0.691,
      "amplitude_damping": 0.491,
      "phase_damping": 0.445
    },
    "Cluster_2D": {
      "depolarizing": 0.662,
      "amplitude_damping": 0.291,
      "phase_damping": 0.288
    }
  }
}