{
  "experiment": "075c_convergence_analysis",
  "timestamp": "2026-04-02 03:17:49",
  "gc_data": {
    "1": 0.25,
    "2": 0.451,
    "3": 0.655,
    "4": 0.688,
    "5": 0.701
  },
  "gc_2d": 0.771,
  "increments": [
    0.201,
    0.20400000000000001,
    0.03299999999999992,
    0.013000000000000012
  ],
  "exp_fit": {
    "A": 1.3158363785361797,
    "B": 1.3825677219451984,
    "residuals": [
      -0.010287631994583546,
      0.03425774906524759,
      -0.010102067962103445,
      -0.03463338144980321
    ],
    "rms": 0.025401533570003115
  },
  "power_fit": {
    "C": 1.284744025222285,
    "alpha": 2.028614371593602,
    "residuals": [
      -0.0051216281310358935,
      0.02233165482901578,
      -0.005826347409013999,
      -0.020923225621530595
    ],
    "rms": 0.015784973682706288
  },
  "S_at_Lx4": {
    "1": 0.2849,
    "2": 0.3146,
    "3": 0.3218,
    "4": 0.3564
  },
  "c_eff_data": {
    "1": 0.61,
    "2": 0.752,
    "3": 0.817
  }
}