{
  "experiment": "040b2",
  "model": "q=4 Potts (clock)",
  "n": 12,
  "chi_max": 20,
  "data": {
    "0.9": {
      "cv": 0.551118814686405,
      "time": 20.038360595703125
    },
    "1.1": {
      "cv": 1.0988676878724206,
      "time": 18.276792764663696
    }
  },
  "total_runtime": 38.31895995140076
}