{
  "q=15": {
    "q": 15,
    "n": 4,
    "dim": 50625,
    "g_c": 0.7983314773547884,
    "E0": -7.1668557774821116,
    "E0_per_site": -1.7917139443705279,
    "delta1": 0.030846313549924176,
    "delta1_N": 0.1233852541996967,
    "R_sigma": 1.0,
    "R_epsilon": 3.925449989503379,
    "C_sse": 0.7093302094227301,
    "harmonic_ratios": {
      "2": 3.925449989503379,
      "3": 8.682945211977747,
      "4": 15.139945347858186
    },
    "free_boson_k2": {
      "2": 4,
      "3": 9,
      "4": 16
    },
    "n_sigma_fields": 2,
    "expected_sigma_fields": 14,
    "desc_gap": 14.105602358918656,
    "time_s": 3.13
  },
  "q=20": {
    "q": 20,
    "n": 4,
    "dim": 160000,
    "g_c": 0.9217797887081349,
    "E0": -8.046945584808402,
    "E0_per_site": -2.0117363962021004,
    "delta1": 0.020609559227974472,
    "delta1_N": 0.08243823691189789,
    "R_sigma": 1.0,
    "R_epsilon": 3.9744478419490363,
    "C_sse": 0.7079037713404454,
    "harmonic_ratios": {
      "2": 3.974447841940331,
      "3": 8.882654267320776,
      "4": 15.670203929329837
    },
    "free_boson_k2": {
      "2": 4,
      "3": 9,
      "4": 16
    },
    "n_sigma_fields": 2,
    "expected_sigma_fields": 19,
    "desc_gap": 18.053426140520205,
    "time_s": 16.66
  },
  "q=25": {
    "q": 25,
    "n": 4,
    "dim": 390625,
    "g_c": 1.0297958971132712,
    "E0": -8.83910975833631,
    "E0_per_site": -2.2097774395840775,
    "delta1": 0.015023907983483298,
    "delta1_N": 0.06009563193393319,
    "R_sigma": 1.000000000007567,
    "R_epsilon": 3.9890682198737712,
    "C_sse": 0.707463614475179,
    "harmonic_ratios": {
      "2": 3.989068219829516,
      "3": 8.945519260784234,
      "4": 15.83883684838871,
      "5": 24.625160745337666
    },
    "free_boson_k2": {
      "2": 4,
      "3": 9,
      "4": 16,
      "5": 25
    },
    "n_sigma_fields": 2,
    "expected_sigma_fields": 24,
    "desc_gap": 22.04009030846,
    "time_s": 50.91
  },
  "q=30": {
    "q": 30,
    "n": 4,
    "dim": 810000,
    "g_c": 1.1270329614269008,
    "E0": -9.564393872810388,
    "E0_per_site": -2.391098468202597,
    "delta1": 0.011573825909428237,
    "delta1_N": 0.04629530363771295,
    "R_sigma": 1.0000000000147342,
    "R_epsilon": 3.994337783527692,
    "C_sse": 0.7072952888539258,
    "harmonic_ratios": {
      "2": 3.9943377834625458,
      "3": 8.969796194088984,
      "4": 15.906656355915619,
      "5": 24.77695634918027
    },
    "free_boson_k2": {
      "2": 4,
      "3": 9,
      "4": 16,
      "5": 25
    },
    "n_sigma_fields": 2,
    "expected_sigma_fields": 29,
    "desc_gap": 26.060147070180754,
    "time_s": 128.1
  }
}