{
  "experiment": "037b2",
  "n32": {
    "-1.1": {
      "cv": 0.0,
      "time": 3.5841588973999023
    },
    "-1.05": {
      "cv": 0.0,
      "time": 3.5946433544158936
    },
    "-1.02": {
      "cv": 0.0,
      "time": 3.5984559059143066
    },
    "-1.0": {
      "cv": 1.0785710952745753e-09,
      "time": 14.125896453857422
    },
    "-0.98": {
      "cv": 0.10217490856695494,
      "time": 11.703558206558228
    },
    "-0.95": {
      "cv": 0.1975080073727327,
      "time": 11.136673927307129
    },
    "-0.9": {
      "cv": 0.3094211948475951,
      "time": 10.329861402511597
    }
  },
  "total_runtime": 58.10792875289917
}