{
  "experiment": "108b_log_corrections",
  "sprint": 108,
  "timestamp": "2026-04-02 18:51:29",
  "data": {
    "q=3": {
      "Ns": [
        4,
        5,
        6,
        7,
        8,
        9,
        10
      ],
      "gap_ms": [
        1.1662890832299482,
        0.9273064262187303,
        0.7683639309278769,
        0.6553787977747589,
        0.5710777189280964,
        0.5058323114874099,
        0.4538702293533401
      ],
      "me_sqs": [
        10.917185113622603,
        12.134104222600884,
        13.098871247927681,
        13.91889484152296,
        14.644577515883098,
        15.303088791036119,
        15.910682674805146
      ],
      "chi_Fs": [
        2.0064958320409683,
        2.8222220303097663,
        3.69784483288035,
        4.629370490684896,
        5.6130179090598125,
        6.645435593849586,
        7.72370041396361
      ],
      "pairwise_z": [
        1.027581547014329,
        1.031258079501488,
        1.0317833420763118,
        1.0311288782418,
        1.030030307716375,
        1.0287904791468554
      ],
      "pairwise_beta": [
        0.4736047918659478,
        0.41962149058877174,
        0.39390806475396123,
        0.38060618051571515,
        0.37343712558865866,
        0.3695507746124017
      ],
      "pairwise_alpha": [
        1.5287678858946065,
        1.4821376495917473,
        1.4574747489065885,
        1.442863936999311,
        1.4334977410214125,
        1.4271317329061144
      ],
      "z_inf": 1.0330047288776707,
      "z_log_coeff": -0.005466077406867097,
      "b_inf": 0.15119181199350626,
      "b_log_coeff": 0.47082916628690297,
      "a_inf": 1.2172012697488526,
      "a_log_coeff": 0.4598970114731606
    },
    "q=4": {
      "Ns": [
        4,
        5,
        6,
        7,
        8,
        9,
        10
      ],
      "gap_ms": [
        0.9514652606618519,
        0.7448489190835774,
        0.610001583743923,
        0.5154868608571812,
        0.4457489340229408,
        0.39226703022362486,
        0.35000195776529175
      ],
      "me_sqs": [
        22.95908962580692,
        26.426408506100678,
        29.496221663358153,
        32.33430934224829,
        35.017667793297356,
        37.587807712208225,
        40.069735716707825
      ],
      "chi_Fs": [
        6.3402852850584726,
        9.526464558529897,
        13.211532966847964,
        17.383224885906287,
        22.030106913050155,
        27.14193911915316,
        32.70962240906931
      ],
      "pairwise_z": [
        1.097149211407175,
        1.0954264250718562,
        1.09211155393453,
        1.0885526377396622,
        1.0851567645128997,
        1.082037788394425
      ],
      "pairwise_beta": [
        0.6303113458333374,
        0.60277207754827,
        0.5959539029645083,
        0.5970420245649737,
        0.6013345319672373,
        0.6068838392533642
      ],
      "pairwise_alpha": [
        1.824609768647687,
        1.7936249276919847,
        1.7801770108335657,
        1.774147300044298,
        1.7716480609930383,
        1.7709594160422144
      ],
      "z_inf": 1.0536299374882336,
      "z_log_coeff": 0.06846938897532409,
      "b_inf": 0.5494281977637548,
      "b_log_coeff": 0.10575606438998465,
      "a_inf": 1.6566880727402238,
      "a_log_coeff": 0.24269484234062902
    },
    "q=5": {
      "Ns": [
        4,
        5,
        6,
        7,
        8,
        9
      ],
      "gap_ms": [
        0.806662854181678,
        0.6217806726381712,
        0.5029468370081949,
        0.4206341237969955,
        0.3604829183311118,
        0.3147289327776601
      ],
      "me_sqs": [
        39.9071299902366,
        47.233678068079094,
        54.14345168045069,
        60.85020042289996,
        67.44776847715472,
        73.98379245243416
      ],
      "chi_Fs": [
        15.332267472966565,
        24.434717604423465,
        35.673894694419225,
        49.130928244162895,
        64.87960811397006,
        82.98904025413196
      ],
      "pairwise_z": [
        1.1665960701044988,
        1.1633453842017567,
        1.159392106930992,
        1.1556744511253305,
        1.1523971519666643
      ],
      "pairwise_beta": [
        0.7553530054014065,
        0.748841128406722,
        0.757557971248342,
        0.7708927678357926,
        0.7852790496107453
      ],
      "pairwise_alpha": [
        2.088545145610403,
        2.075531896810238,
        2.0763421851103243,
        2.0822416700864554,
        2.0900733535440663
      ],
      "z_inf": 1.1202063029583624,
      "z_log_coeff": 0.07142735536968768,
      "b_inf": 0.8438449893814173,
      "b_log_coeff": -0.14596597327518288,
      "a_inf": 2.084257595298125,
      "a_log_coeff": -0.0031112625357749015
    }
  }
}