{
  "sprint": "054g",
  "results": {
    "q3_n16": [
      {
        "chi_max": 20,
        "S_half": 0.6226949819538268,
        "E": -17.79789016931871,
        "chi_actual": 20,
        "time": 123.1820559501648
      },
      {
        "chi_max": 40,
        "S_half": 0.6226969552069872,
        "E": -17.797890208556616,
        "chi_actual": 40,
        "time": 594.7509562969208
      }
    ]
  }
}