{
  "experiment": "036b",
  "data": {
    "8": {
      "-0.5": {
        "delta": -0.5,
        "mi_cv": 0.5882571833455237,
        "mean_mi": 0.4022889843050449
      },
      "0.0": {
        "delta": 0.0,
        "mi_cv": 1.0520748897453016,
        "mean_mi": 0.32427995573980695
      },
      "0.5": {
        "delta": 0.5,
        "mi_cv": 1.3752045292021005,
        "mean_mi": 0.2895797677450019
      },
      "0.8": {
        "delta": 0.8,
        "mi_cv": 1.4700830978065047,
        "mean_mi": 0.2807273228604355
      },
      "0.9": {
        "delta": 0.9,
        "mi_cv": 1.4836512710763419,
        "mean_mi": 0.2794666624042466
      },
      "1.0": {
        "delta": 1.0,
        "mi_cv": 1.4881505468870717,
        "mean_mi": 0.27904406124579745
      },
      "1.1": {
        "delta": 1.1,
        "mi_cv": 1.4837164065292454,
        "mean_mi": 0.2794722878995222
      },
      "1.3": {
        "delta": 1.3,
        "mi_cv": 1.4492324162312642,
        "mean_mi": 0.28296397201595985
      },
      "1.5": {
        "delta": 1.5,
        "mi_cv": 1.3840023534487393,
        "mean_mi": 0.29012646207678017
      },
      "2.0": {
        "delta": 2.0,
        "mi_cv": 1.1302285563007943,
        "mean_mi": 0.3247301279590409
      }
    },
    "16": {
      "-0.5": {
        "delta": -0.5,
        "mi_cv": 0.7257733254623535,
        "mean_mi": 0.26320493509843146,
        "time": 2.860928535461426
      },
      "0.0": {
        "delta": 0.0,
        "mi_cv": 1.2847915156795813,
        "mean_mi": 0.18178965688859688,
        "time": 2.7098283767700195
      },
      "0.5": {
        "delta": 0.5,
        "mi_cv": 1.7873374610218735,
        "mean_mi": 0.145720836540071,
        "time": 2.848022222518921
      },
      "0.8": {
        "delta": 0.8,
        "mi_cv": 1.9731623661679558,
        "mean_mi": 0.13609719156010797,
        "time": 2.788012981414795
      },
      "0.9": {
        "delta": 0.9,
        "mi_cv": 2.003042056670232,
        "mean_mi": 0.13465357151864915,
        "time": 2.7611334323883057
      },
      "1.0": {
        "delta": 1.0,
        "mi_cv": 2.0134179679345694,
        "mean_mi": 0.13415472329948316,
        "time": 2.7611401081085205
      },
      "1.1": {
        "delta": 1.1,
        "mi_cv": 2.0025096749350038,
        "mean_mi": 0.1346890979367363,
        "time": 2.819613456726074
      },
      "1.3": {
        "delta": 1.3,
        "mi_cv": 1.9123589657917281,
        "mean_mi": 0.13939595480689426,
        "time": 2.7985706329345703
      },
      "1.5": {
        "delta": 1.5,
        "mi_cv": 1.7332476007081479,
        "mean_mi": 0.15019831154104904,
        "time": 2.846038818359375
      },
      "2.0": {
        "delta": 2.0,
        "mi_cv": 1.08317997297615,
        "mean_mi": 0.2144167886998546,
        "time": 2.8362371921539307
      }
    }
  },
  "total_runtime": 29.7124342918396
}