{
  "sprint": "053c",
  "q": 3,
  "g_c_exact": 0.3333333333333333,
  "nu_exact": 0.8333333333333334,
  "direct_powerlaw_nu": 0.9612100417178103,
  "corrected_powerlaw_nu": 0.8593063295206039,
  "pairwise_nu": {
    "(4,6)": 0.9860392456745527,
    "(4,8)": 0.9711424004765706,
    "(4,10)": 0.9603473041158159,
    "(6,8)": 0.9508948135884175,
    "(6,10)": 0.9408882562674251,
    "(8,10)": 0.9282941806972044
  },
  "extrapolated_nu_1_over_N": 0.8598288084942877,
  "collapse_nu_all4": 1.19,
  "collapse_nu_excl_n4": 1.1600000000000001,
  "crossing_points": {
    "(4,6)": 0.31785746402951454,
    "(4,8)": 0.32159955780971544,
    "(6,8)": 0.32518787688928236,
    "(6,10)": 0.32678317361452464,
    "(8,10)": 0.32831894195285605
  }
}