{
  "experiment": "093b2_bw_q67",
  "timestamp": "2026-04-02 09:58:38",
  "data": {
    "q2": {
      "q": 2,
      "n": 6,
      "nA": 3,
      "g_c": 0.5,
      "E0": -6.863703305156287,
      "R2_1param": 0.9997070641030236,
      "alpha_1param": 6.459186726385335,
      "one_minus_R2": 0.00029293589697643174,
      "bond_coeffs": [
        5.279747915510515,
        5.279747915510629
      ],
      "field_coeffs": [
        -1.5070362753536375,
        -3.119530644435633,
        -1.507036275354317
      ],
      "time": 0.005398750305175781
    },
    "q3": {
      "q": 3,
      "n": 6,
      "nA": 3,
      "g_c": 0.3333333333333333,
      "E0": -6.933031943717634,
      "R2_1param": 0.9994357504357185,
      "alpha_1param": 7.544712955848583,
      "one_minus_R2": 0.0005642495642814715,
      "bond_coeffs": [
        7.689487869641506,
        7.689487869622983
      ],
      "field_coeffs": [
        -1.167183522395553,
        -2.4342403935715953,
        -1.1671835224036646
      ],
      "time": 0.0396730899810791
    },
    "q4": {
      "q": 4,
      "n": 6,
      "nA": 3,
      "g_c": 0.25,
      "E0": -6.887390917445201,
      "R2_1param": 0.9991945249786619,
      "alpha_1param": 8.395843315114142,
      "one_minus_R2": 0.0008054750213380979,
      "bond_coeffs": [
        9.177192381786165,
        9.177192381808814
      ],
      "field_coeffs": [
        -0.9695652746494247,
        -2.0354749373609593,
        -0.9695652746043765
      ],
      "time": 0.3223106861114502
    },
    "q5": {
      "q": 5,
      "n": 6,
      "nA": 3,
      "g_c": 0.2,
      "E0": -6.821221698513081,
      "R2_1param": 0.9989757150306365,
      "alpha_1param": 9.103834729557471,
      "one_minus_R2": 0.0010242849693634648,
      "bond_coeffs": [
        10.232426886108883,
        10.232426885869264
      ],
      "field_coeffs": [
        -0.8375291945966983,
        -1.7687851382834026,
        -0.837529194828683
      ],
      "time": 1.2043242454528809
    },
    "q6": {
      "q": 6,
      "n": 6,
      "nA": 3,
      "g_c": 0.16666666666666666,
      "E0": -6.755482329813038,
      "R2_1param": 0.9987747629961758,
      "alpha_1param": 9.713890981253893,
      "one_minus_R2": 0.0012252370038241533,
      "bond_coeffs": [
        11.044008449526839,
        11.044008449635557
      ],
      "field_coeffs": [
        -0.7418661034465839,
        -1.5753389126922575,
        -0.7418661034171896
      ],
      "time": 4.225186824798584
    },
    "q7": {
      "q": 7,
      "n": 6,
      "nA": 3,
      "g_c": 0.14285714285714285,
      "E0": -6.695336177668163,
      "R2_1param": 0.9985887169729185,
      "alpha_1param": 10.25207525944435,
      "one_minus_R2": 0.0014112830270814891,
      "bond_coeffs": [
        11.702234738769706,
        11.702234738773123
      ],
      "field_coeffs": [
        -0.6687555060301001,
        -1.4273051183780499,
        -0.668755506068086
      ],
      "time": 12.450183153152466
    }
  }
}