{
  "q=2": {
    "n=6": {
      "q": 2,
      "n": 6,
      "dim": 64,
      "g_c": 0.25,
      "me_0_Z_sigma": 0.8074775236066718,
      "C_sigma_sigma_epsilon": 0.4913338099394998,
      "R_epsilon": 7.86370330515585,
      "epsilon_charge": 0,
      "time_s": 0.03
    },
    "n=8": {
      "q": 2,
      "n": 8,
      "dim": 256,
      "g_c": 0.25,
      "me_0_Z_sigma": 0.779076490676586,
      "C_sigma_sigma_epsilon": 0.49514972173237415,
      "R_epsilon": 7.923141121615609,
      "epsilon_charge": 0,
      "time_s": 0.11
    },
    "n=10": {
      "q": 2,
      "n": 10,
      "dim": 1024,
      "g_c": 0.25,
      "me_0_Z_sigma": 0.7577003943564645,
      "C_sigma_sigma_epsilon": 0.49690302067144015,
      "R_epsilon": 7.950753362382957,
      "epsilon_charge": 0,
      "time_s": 0.18
    },
    "n=12": {
      "q": 2,
      "n": 12,
      "dim": 4096,
      "g_c": 0.25,
      "me_0_Z_sigma": 0.7406564830246465,
      "C_sigma_sigma_epsilon": 0.49785202724110467,
      "R_epsilon": 7.965779445502091,
      "epsilon_charge": 0,
      "time_s": 0.26
    }
  },
  "q=3": {
    "n=6": {
      "q": 3,
      "n": 6,
      "dim": 729,
      "g_c": 0.3333333333333333,
      "me_0_Z_sigma": 0.5587021632231971,
      "C_sigma_sigma_epsilon": 0.49948785129120055,
      "R_epsilon": 6.238935949764669,
      "epsilon_charge": 0,
      "time_s": 0.15
    },
    "n=8": {
      "q": 3,
      "n": 8,
      "dim": 6561,
      "g_c": 0.3333333333333333,
      "me_0_Z_sigma": 0.537479709460725,
      "C_sigma_sigma_epsilon": 0.5094982584376346,
      "R_epsilon": 6.215433949328474,
      "epsilon_charge": 0,
      "time_s": 0.35
    },
    "n=10": {
      "q": 3,
      "n": 10,
      "dim": 59049,
      "g_c": 0.3333333333333333,
      "me_0_Z_sigma": 0.521594640273915,
      "C_sigma_sigma_epsilon": 0.5155768483321387,
      "R_epsilon": 6.192377637508211,
      "epsilon_charge": 0,
      "time_s": 4.25
    }
  },
  "q=4": {
    "n=4": {
      "q": 4,
      "n": 4,
      "dim": 256,
      "g_c": 0.392,
      "me_0_Z_sigma": 0.601492978286467,
      "C_sigma_sigma_epsilon": 0.39641834605956827,
      "R_epsilon": 6.4368027458502075,
      "epsilon_charge": 0,
      "time_s": 0.03
    },
    "n=6": {
      "q": 4,
      "n": 6,
      "dim": 4096,
      "g_c": 0.392,
      "me_0_Z_sigma": 0.572276954046864,
      "C_sigma_sigma_epsilon": 0.41949387006023514,
      "R_epsilon": 6.526227485869377,
      "epsilon_charge": 0,
      "time_s": 0.21
    },
    "n=8": {
      "q": 4,
      "n": 8,
      "dim": 65536,
      "g_c": 0.392,
      "me_0_Z_sigma": 0.5526633688044644,
      "C_sigma_sigma_epsilon": 0.43006830089555487,
      "R_epsilon": 6.578138050881689,
      "epsilon_charge": 0,
      "time_s": 3.85
    }
  },
  "q=5": {
    "n=4": {
      "q": 5,
      "n": 4,
      "dim": 625,
      "g_c": 0.441,
      "me_0_Z_sigma": 0.6131537261096921,
      "C_sigma_sigma_epsilon": 0.3224393857528303,
      "R_epsilon": 6.976239037263801,
      "epsilon_charge": 0,
      "time_s": 0.04
    },
    "n=6": {
      "q": 5,
      "n": 6,
      "dim": 15625,
      "g_c": 0.441,
      "me_0_Z_sigma": 0.5850351759893354,
      "C_sigma_sigma_epsilon": 0.3410776511937462,
      "R_epsilon": 7.143360841174203,
      "epsilon_charge": 0,
      "time_s": 0.42
    },
    "n=8": {
      "q": 5,
      "n": 8,
      "dim": 390625,
      "g_c": 0.441,
      "me_0_Z_sigma": 0.5653802626287278,
      "C_sigma_sigma_epsilon": 0.3491155182755984,
      "R_epsilon": 7.2293810976288535,
      "epsilon_charge": 0,
      "time_s": 25.24
    }
  },
  "q=7": {
    "n=4": {
      "q": 7,
      "n": 4,
      "dim": 2401,
      "g_c": 0.535,
      "me_0_Z_sigma": 0.6255777849097889,
      "C_sigma_sigma_epsilon": 0.23543630906953095,
      "R_epsilon": 7.80406488199331,
      "epsilon_charge": 0,
      "time_s": 0.16
    },
    "n=6": {
      "q": 7,
      "n": 6,
      "dim": 117649,
      "g_c": 0.535,
      "me_0_Z_sigma": 0.5963637860159965,
      "C_sigma_sigma_epsilon": 0.247523594276781,
      "R_epsilon": 8.07161443499738,
      "epsilon_charge": 0,
      "time_s": 10.34
    }
  },
  "q=10": {
    "n=4": {
      "q": 10,
      "n": 4,
      "dim": 10000,
      "g_c": 0.684,
      "me_0_Z_sigma": 0.6314471322952606,
      "C_sigma_sigma_epsilon": 0.7178725634932605,
      "R_epsilon": 3.6590218100038654,
      "epsilon_charge": 0,
      "time_s": 0.55
    },
    "n=6": {
      "q": 10,
      "n": 6,
      "dim": 1000000,
      "g_c": 0.684,
      "me_0_Z_sigma": 0.6022535353088437,
      "C_sigma_sigma_epsilon": 0.7186068340867715,
      "R_epsilon": 3.684578563125185,
      "epsilon_charge": 0,
      "time_s": 54.89
    }
  }
}