{
  "GHZ": {
    "(0,1,2)": {
      "discord": -3.2034265038149176e-16,
      "MI_A_BC": 1.0,
      "classical_corr": 1.0000000000000002,
      "quantum_fraction": -3.2034265038149176e-16
    },
    "(1,2,3)": {
      "discord": -3.2034265038149176e-16,
      "MI_A_BC": 1.0,
      "classical_corr": 1.0000000000000002,
      "quantum_fraction": -3.2034265038149176e-16
    },
    "(2,3,4)": {
      "discord": -3.2034265038149176e-16,
      "MI_A_BC": 1.0,
      "classical_corr": 1.0000000000000002,
      "quantum_fraction": -3.2034265038149176e-16
    }
  },
  "W": {
    "(0,1,2)": {
      "discord": 0.3744002288443445,
      "MI_A_BC": 0.5683182557028439,
      "classical_corr": 0.1939180268584994,
      "quantum_fraction": 0.6587862084094424
    },
    "(1,2,3)": {
      "discord": 0.37440022884434454,
      "MI_A_BC": 0.5683182557028439,
      "classical_corr": 0.19391802685849924,
      "quantum_fraction": 0.6587862084094425
    },
    "(2,3,4)": {
      "discord": 0.3744002288443442,
      "MI_A_BC": 0.5683182557028437,
      "classical_corr": 0.19391802685849946,
      "quantum_fraction": 0.6587862084094421
    }
  },
  "Cluster": {
    "(0,1,2)": {
      "discord": -1.8212382861087392e-17,
      "MI_A_BC": 1.0000000000000007,
      "classical_corr": 1.0000000000000007,
      "quantum_fraction": -1.821238286108738e-17
    },
    "(1,2,3)": {
      "discord": -2.220446049250313e-16,
      "MI_A_BC": 1.0000000000000002,
      "classical_corr": 1.0000000000000004,
      "quantum_fraction": -2.2204460492503126e-16
    },
    "(2,3,4)": {
      "discord": -2.220446049250313e-16,
      "MI_A_BC": 1.0000000000000002,
      "classical_corr": 1.0000000000000004,
      "quantum_fraction": -2.2204460492503126e-16
    }
  },
  "triples_tested": [
    [
      0,
      1,
      2
    ],
    [
      1,
      2,
      3
    ],
    [
      2,
      3,
      4
    ]
  ],
  "n_qubits": 6,
  "runtime_seconds": 28.338645219802856
}