{
  "experiment": "115b_alpha_refit_q20",
  "sprint": 115,
  "timestamp": "2026-04-02 22:49:15",
  "data": {},
  "fit_results_global": {
    "linear": {
      "params": {
        "a": 0.16088317191283286,
        "b": 1.5404164648910434
      },
      "rms": 0.15276599761368173,
      "aic": -29.819263202945145,
      "residuals": {
        "5": -0.25383232445520765,
        "6": -0.12871549636804058,
        "7": -0.01659866828087342,
        "8": 0.0695181598062935,
        "9": 0.17063498789346054,
        "10": 0.19975181598062797,
        "12": 0.15998547215496206,
        "15": -0.03266404358353636,
        "20": -0.16807990314770116
      },
      "q25_pred": 5.5624957627118645,
      "q30_pred": 6.366911622276029
    },
    "quadratic": {
      "params": {
        "a": -0.0066694548281791555,
        "b": 0.32577857929911447,
        "c": 0.6877597701505094
      },
      "rms": 0.06887712133717483,
      "aic": -42.15776181905231,
      "residuals": {
        "5": -0.05891629594160275,
        "6": -0.025330872130746585,
        "7": 0.008593461336467989,
        "8": 0.02985670446004063,
        "9": 0.0794588572399717,
        "10": 0.07039991967626147,
        "12": -0.00570122648208482,
        "15": -0.15281112329691693,
        "20": 0.05445057513886287
      },
      "q25_pred": 4.663814985016399,
      "q30_pred": 4.458607803762704
    },
    "power_law": {
      "params": {
        "a": 0.9495603275521787,
        "b": 0.5305708204393452
      },
      "rms": 0.08969104279298205,
      "aic": -39.40491870110881,
      "residuals": {
        "5": -0.13936350524635577,
        "6": -0.07989676752430208,
        "7": -0.016287164745938387,
        "8": 0.03495961955992044,
        "9": 0.11239750987647401,
        "10": 0.1272385398497362,
        "12": 0.08201110264838052,
        "15": -0.07405042980228238,
        "20": -0.06383641800714379
      },
      "q25_pred": 5.238762847599549,
      "q30_pred": 5.770852812027183
    },
    "logarithmic": {
      "params": {
        "a": 1.7762439424904655,
        "b": -0.784914658552179
      },
      "rms": 0.045588821612249024,
      "aic": -51.58566918672433,
      "residuals": {
        "5": 0.01716031577660848,
        "6": -0.020687245064085147,
        "7": -0.02149645633803976,
        "8": -0.01168078361966396,
        "9": 0.04110781276754549,
        "10": 0.043961835052659826,
        "12": 0.002114274211966638,
        "15": -0.10424310711570905,
        "20": 0.053763354328712154
      },
      "q25_pred": 4.932594026998963,
      "q30_pred": 5.256441587839657
    },
    "sqrt": {
      "params": {
        "a": 1.0966872102704655,
        "b": -0.24290725974892924
      },
      "rms": 0.0853168124294492,
      "aic": -40.3049074326227,
      "residuals": {
        "5": -0.11835989247043699,
        "6": -0.06641681285007417,
        "7": -0.008654364651923263,
        "8": 0.038007406857715864,
        "9": 0.11184562893753247,
        "10": 0.12387779451825454,
        "12": 0.0748713233500915,
        "15": -0.0835440416272557,
        "20": -0.0716270446898033
      },
      "q25_pred": 5.240528791603397,
      "q30_pred": 5.7638959761765225
    }
  },
  "best_model_global": "logarithmic",
  "aic_ranking_global": [
    [
      "logarithmic",
      -51.58566918672433
    ],
    [
      "quadratic",
      -42.15776181905231
    ],
    [
      "sqrt",
      -40.3049074326227
    ],
    [
      "power_law",
      -39.40491870110881
    ],
    [
      "linear",
      -29.819263202945145
    ]
  ],
  "fit_results_last-pair": {
    "linear": {
      "params": {
        "a": 0.17754539968055688,
        "b": 1.4388692482632142
      },
      "rms": 0.13801353463044527,
      "aic": -31.647263388835242,
      "residuals": {
        "5": -0.22659624666599854,
        "6": -0.10214164634655543,
        "7": -0.011687046027112125,
        "8": 0.03776755429233036,
        "9": 0.12222215461177388,
        "10": 0.2026767549312165,
        "12": 0.1645859555701037,
        "15": -0.032050243471567263,
        "20": -0.15477724187435182
      },
      "q25_pred": 5.877504240277136,
      "q30_pred": 6.76523123867992
    },
    "quadratic": {
      "params": {
        "a": -0.006047743725993593,
        "b": 0.3270696396758329,
        "c": 0.6656952330933354
      },
      "rms": 0.061312652495560546,
      "aic": -44.251842980534796,
      "residuals": {
        "5": -0.04984983832266021,
        "6": -0.008394297012563445,
        "7": 0.011156731749520254,
        "8": 0.0018032479635912146,
        "9": 0.03954525162964906,
        "10": 0.08538274274769453,
        "12": 0.014344187339746739,
        "15": -0.14099748988227034,
        "20": 0.047009463787443195
      },
      "q25_pred": 5.062596396243163,
      "q30_pred": 5.034815069974089
    },
    "power_law": {
      "params": {
        "a": 0.8827527499320261,
        "b": 0.5709649252489226
      },
      "rms": 0.07586794276509393,
      "aic": -42.41769881470683,
      "residuals": {
        "5": -0.11271986810011514,
        "6": -0.05347857812478862,
        "7": -0.011392673407523368,
        "8": 0.003178186183710796,
        "9": 0.06387579074230398,
        "10": 0.12996745253072373,
        "12": 0.08634530937714935,
        "15": -0.0732957733476578,
        "20": -0.04794208584089166
      },
      "q25_pred": 5.5464332623851975,
      "q30_pred": 6.154935496864004
    },
    "logarithmic": {
      "params": {
        "a": 1.9452218948240256,
        "b": -1.0938035031603728
      },
      "rms": 0.057808218818733575,
      "aic": -47.31123774770043,
      "residuals": {
        "5": 0.06308963753368824,
        "6": 0.010433753359685216,
        "7": -0.021423524142305972,
        "8": -0.05417171272187016,
        "9": -0.021285852519507653,
        "10": 0.03176456557293905,
        "12": -0.005891318601062512,
        "15": -0.10395504030625169,
        "20": 0.10143949361219295
      },
      "q25_pred": 5.167624228092997,
      "q30_pred": 5.5222801122669996
    },
    "sqrt": {
      "params": {
        "a": 1.2057816118857048,
        "b": -0.5151250616254535
      },
      "rms": 0.06628047834264432,
      "aic": -44.84947765012812,
      "residuals": {
        "5": -0.08108458857025092,
        "6": -0.036424628725146846,
        "7": -0.00507321887872525,
        "8": 0.0016596440477427699,
        "9": 0.05678022596833898,
        "10": 0.11910880731746953,
        "12": 0.07217503238877843,
        "15": -0.08484704037101576,
        "20": -0.042294238765955505
      },
      "q25_pred": 5.51378299780307,
      "q30_pred": 6.0892128209219445
    }
  },
  "best_model_last-pair": "logarithmic",
  "aic_ranking_last-pair": [
    [
      "logarithmic",
      -47.31123774770043
    ],
    [
      "sqrt",
      -44.84947765012812
    ],
    [
      "quadratic",
      -44.251842980534796
    ],
    [
      "power_law",
      -42.41769881470683
    ],
    [
      "linear",
      -31.647263388835242
    ]
  ],
  "z_m_fits": {
    "linear": {
      "slope": 0.06848426150121067,
      "intercept": 0.761605326876514,
      "rms": 0.07242097360069104
    }
  },
  "beta_me_fits": {
    "linear": {
      "slope": 0.09758656174334143,
      "intercept": -0.16232929782082292,
      "rms": 0.2310446918893736
    }
  },
  "qs": [
    5,
    6,
    7,
    8,
    9,
    10,
    12,
    15,
    20
  ],
  "alphas_global": [
    2.091,
    2.377,
    2.65,
    2.897,
    3.159,
    3.349,
    3.631,
    3.921,
    4.59
  ],
  "alphas_last_pair": [
    2.1,
    2.402,
    2.67,
    2.897,
    3.159,
    3.417,
    3.734,
    4.07,
    4.835
  ],
  "z_ms": [
    1.028,
    1.072,
    1.238,
    1.32,
    1.438,
    1.566,
    1.662,
    1.784,
    2.047
  ],
  "beta_mes": [
    0.125,
    0.26,
    0.418,
    0.564,
    0.709,
    1.285,
    1.307,
    1.353,
    1.496
  ]
}