{
  "experiment": "088c_tail_comparison",
  "timestamp": "2026-04-02 08:32:41",
  "fits": {
    "2": {
      "A": 6.713545296112202e-06,
      "b": 1.975601033080044,
      "R2": 0.985702798092786,
      "n_range": "8-24",
      "w_tail_min": 0.0003673243614234878,
      "w_tail_max": 0.0032357777084712973,
      "ratio": 8.809047393240474,
      "n_10pct": 129.50690388154314
    },
    "3": {
      "A": 7.913679094996889e-06,
      "b": 2.0128129304996047,
      "R2": 0.9861343396772777,
      "n_range": "8-24",
      "w_tail_min": 0.0004676783660218176,
      "w_tail_max": 0.0042914113382377175,
      "ratio": 9.175988563981425,
      "n_10pct": 109.08272273528075
    },
    "5": {
      "A": 8.066881129719657e-06,
      "b": 2.012265391808894,
      "R2": 0.9860547962546865,
      "n_range": "8-24",
      "w_tail_min": 0.00047606315652827725,
      "w_tail_max": 0.004365526545890193,
      "ratio": 9.170057556493324,
      "n_10pct": 108.18628596154406
    },
    "7": {
      "A": 7.491148182570427e-07,
      "b": 2.9730762393450547,
      "R2": 0.9833976961454532,
      "n_range": "6-12",
      "w_tail_min": 0.00014044435926452632,
      "w_tail_max": 0.0010951265306640412,
      "ratio": 7.79758287480507,
      "n_10pct": 52.96093704695408
    },
    "2_ent_gap": {
      "a": 2.877867935530409,
      "b": -0.38508649952820717,
      "R2": 0.9932833985987131
    },
    "3_ent_gap": {
      "a": 3.3922954109618133,
      "b": -0.42898526362871053,
      "R2": 0.9942386001229226
    },
    "5_ent_gap": {
      "a": 4.06679905493684,
      "b": -0.43042804947496,
      "R2": 0.9940990844835482
    },
    "7_ent_gap": {
      "a": 4.777745338471663,
      "b": -0.4981144995120225,
      "R2": 0.9934580637234048
    }
  },
  "comparison": {
    "qs": [
      2,
      3,
      5,
      7
    ],
    "exponents": [
      1.975601033080044,
      2.0128129304996047,
      2.012265391808894,
      2.9730762393450547
    ],
    "prefactors": [
      6.713545296112202e-06,
      7.913679094996889e-06,
      8.066881129719657e-06,
      7.491148182570427e-07
    ],
    "R2s": [
      0.985702798092786,
      0.9861343396772777,
      0.9860547962546865,
      0.9833976961454532
    ],
    "c_values": [
      0.5,
      0.8,
      1.138,
      1.351
    ],
    "corr_b_q": 0.8413233663752074,
    "corr_b_c": 0.7389069601968682,
    "b_linear_fit": {
      "a": 1.4585459555221043,
      "b": 0.18468069250854025
    },
    "b_log_fit": {
      "a": 1.3554386933520353,
      "b": 0.6642845322320551
    }
  },
  "verdict": "universal"
}