{
  "n_qubits": 6,
  "noise_type": "amplitude_damping",
  "gammas": [
    0.0,
    0.01,
    0.02,
    0.03,
    0.04,
    0.05,
    0.06,
    0.07,
    0.08,
    0.09,
    0.1,
    0.15,
    0.2,
    0.25,
    0.3,
    0.35,
    0.4,
    0.45,
    0.5,
    0.6,
    0.7,
    0.8,
    0.9,
    1.0
  ],
  "GHZ": {
    "phi": [
      2.0,
      1.929635,
      1.869418,
      1.813143,
      1.759505,
      1.707895,
      1.657961,
      1.609477,
      1.562287,
      1.516279,
      1.471369,
      1.261477,
      1.073418,
      0.905364,
      0.756203,
      0.624882,
      0.510201,
      0.410811,
      0.325301,
      0.19062,
      0.097174,
      0.038379,
      0.008297,
      0.0
    ],
    "negativity": [
      0.5,
      0.485149,
      0.470592,
      0.456324,
      0.44234,
      0.428634,
      0.415202,
      0.402041,
      0.389145,
      0.376511,
      0.364135,
      0.306026,
      0.253952,
      0.207642,
      0.16687,
      0.131425,
      0.101088,
      0.075607,
      0.054688,
      0.025088,
      0.00887,
      0.001952,
      0.000136,
      0.0
    ],
    "phi_death": 0.9,
    "neg_death": 0.7
  },
  "W": {
    "phi": [
      1.300045,
      1.234361,
      1.188099,
      1.148835,
      1.113945,
      1.082195,
      1.052864,
      1.025482,
      0.999717,
      0.975327,
      0.952123,
      0.849611,
      0.762877,
      0.68672,
      0.618281,
      0.555785,
      0.498045,
      0.444219,
      0.393686,
      0.300705,
      0.216384,
      0.138937,
      0.067113,
      0.0
    ],
    "negativity": [
      0.5,
      0.490025,
      0.480102,
      0.470232,
      0.460416,
      0.450657,
      0.440956,
      0.431315,
      0.421736,
      0.41222,
      0.402769,
      0.356567,
      0.312311,
      0.270285,
      0.230789,
      0.194121,
      0.160555,
      0.130317,
      0.103553,
      0.060555,
      0.030789,
      0.012311,
      0.002769,
      0.0
    ],
    "phi_death": 1.0,
    "neg_death": 0.9
  },
  "Cluster_1D": {
    "phi": [
      2.0,
      1.933737,
      1.881503,
      1.834117,
      1.789679,
      1.747312,
      1.706514,
      1.666963,
      1.628438,
      1.590782,
      1.553875,
      1.378082,
      1.213467,
      1.058197,
      0.912022,
      0.775339,
      0.648796,
      0.533083,
      0.42881,
      0.256154,
      0.131083,
      0.047667,
      0.008745,
      0.0
    ],
    "negativity": [
      0.5,
      0.492305,
      0.484511,
      0.476622,
      0.468643,
      0.460576,
      0.452428,
      0.444201,
      0.435901,
      0.427532,
      0.419098,
      0.376141,
      0.33236,
      0.288498,
      0.24539,
      0.203942,
      0.165086,
      0.129699,
      0.098504,
      0.050288,
      0.02066,
      0.005924,
      0.000741,
      0.0
    ],
    "phi_death": 0.9,
    "neg_death": 0.8
  },
  "Cluster_2D": {
    "phi": [
      2.0,
      1.951873,
      1.912478,
      1.875783,
      1.840573,
      1.806298,
      1.77265,
      1.739439,
      1.706537,
      1.673859,
      1.641345,
      1.480128,
      1.320348,
      1.162677,
      1.008787,
      0.860726,
      0.720599,
      0.590381,
      0.471782,
      0.274405,
      0.133919,
      0.048333,
      0.008705,
      0.0
    ],
    "negativity": [
      3.5,
      3.38149,
      3.265921,
      3.153234,
      3.043372,
      2.936278,
      2.831899,
      2.730178,
      2.631065,
      2.534506,
      2.440451,
      2.006036,
      1.627245,
      1.299016,
      1.017055,
      0.777832,
      0.578421,
      0.416143,
      0.288129,
      0.123025,
      0.043839,
      0.011014,
      0.001207,
      0.0
    ],
    "phi_death": 0.9,
    "neg_death": 0.9
  }
}