{
  "n_qubits": 6,
  "noise_type": "phase_damping",
  "lambdas": [
    0.0,
    0.01,
    0.02,
    0.03,
    0.04,
    0.05,
    0.06,
    0.07,
    0.08,
    0.09,
    0.1,
    0.15,
    0.2,
    0.25,
    0.3,
    0.35,
    0.4,
    0.45,
    0.5,
    0.6,
    0.7,
    0.8,
    0.9,
    1.0
  ],
  "GHZ": {
    "phi": [
      2.0,
      1.809333,
      1.684262,
      1.585558,
      1.504257,
      1.43587,
      1.377628,
      1.327629,
      1.284473,
      1.247082,
      1.214603,
      1.105188,
      1.050155,
      1.022972,
      1.010008,
      1.004107,
      1.001571,
      1.000553,
      1.000176,
      1.000012,
      1.0,
      1.0,
      1.0,
      1.0
    ],
    "negativity": [
      0.5,
      0.47074,
      0.442921,
      0.416486,
      0.391379,
      0.367546,
      0.344935,
      0.323495,
      0.303178,
      0.283935,
      0.26572,
      0.188575,
      0.131072,
      0.088989,
      0.058825,
      0.037709,
      0.023328,
      0.01384,
      0.007813,
      0.002048,
      0.000365,
      3.2e-05,
      1e-06,
      0.0
    ],
    "phi_death": null,
    "neg_death": 0.5
  },
  "W": {
    "phi": [
      1.300045,
      1.2645,
      1.235958,
      1.210228,
      1.186408,
      1.164064,
      1.142937,
      1.122856,
      1.103696,
      1.085364,
      1.067784,
      0.989417,
      0.923945,
      0.86881,
      0.822382,
      0.783489,
      0.751212,
      0.724783,
      0.703531,
      0.674129,
      0.658382,
      0.651809,
      0.65014,
      0.650022
    ],
    "negativity": [
      0.5,
      0.49005,
      0.4802,
      0.47045,
      0.4608,
      0.45125,
      0.4418,
      0.43245,
      0.4232,
      0.41405,
      0.405,
      0.36125,
      0.32,
      0.28125,
      0.245,
      0.21125,
      0.18,
      0.15125,
      0.125,
      0.08,
      0.045,
      0.02,
      0.005,
      0.0
    ],
    "phi_death": null,
    "neg_death": 0.9
  },
  "Cluster_1D": {
    "phi": [
      2.0,
      1.909171,
      1.838414,
      1.775279,
      1.717119,
      1.662678,
      1.611216,
      1.562245,
      1.515416,
      1.47047,
      1.427206,
      1.231377,
      1.062009,
      0.912871,
      0.780319,
      0.661968,
      0.556144,
      0.461614,
      0.377444,
      0.237418,
      0.131864,
      0.058099,
      0.014451,
      -0.0
    ],
    "negativity": [
      0.5,
      0.490025,
      0.4801,
      0.470225,
      0.4604,
      0.450625,
      0.4409,
      0.431225,
      0.4216,
      0.412025,
      0.4025,
      0.355625,
      0.31,
      0.265625,
      0.2225,
      0.180625,
      0.14,
      0.100625,
      0.0625,
      0.0,
      0.0,
      0.0,
      0.0,
      0.0
    ],
    "phi_death": 1.0,
    "neg_death": 0.6
  },
  "Cluster_2D": {
    "phi": [
      2.0,
      1.944217,
      1.897937,
      1.855048,
      1.81429,
      1.77508,
      1.737082,
      1.70008,
      1.663926,
      1.62851,
      1.593752,
      1.428021,
      1.27309,
      1.127185,
      0.989586,
      0.860054,
      0.738597,
      0.625368,
      0.5206,
      0.337581,
      0.191945,
      0.085994,
      0.021605,
      -0.0
    ],
    "negativity": [
      3.5,
      3.38149,
      3.265921,
      3.153233,
      3.04337,
      2.936273,
      2.831888,
      2.730159,
      2.631031,
      2.534452,
      2.440368,
      2.005592,
      1.625764,
      1.295181,
      1.008598,
      0.761199,
      0.548576,
      0.366703,
      0.211914,
      0.0,
      0.0,
      0.0,
      0.0,
      0.0
    ],
    "phi_death": 1.0,
    "neg_death": 0.6
  }
}