{
  "experiment": "097b_nonbw_structure",
  "timestamp": "2026-04-02 11:30:57",
  "q": 2,
  "n": 14,
  "g_c": 0.5,
  "data": {
    "nA5": {
      "nA": 5,
      "bw_fraction": 0.9992576491263598,
      "non_bw_fraction": 0.0007423508736401629,
      "n_non_bw": 518,
      "non_bw_PR": 33.45362961065223,
      "body_range_breakdown": {
        "(1, 0)": {
          "count": 5,
          "frac_nb": 0.0034422609395738696,
          "frac_total": 2.555365415790109e-06
        },
        "(2, 1)": {
          "count": 16,
          "frac_nb": 0.1638823288619307,
          "frac_total": 0.00012165819000484058
        },
        "(2, 2)": {
          "count": 15,
          "frac_nb": 0.039064357360063195,
          "frac_total": 2.899945981443488e-05
        },
        "(3, 2)": {
          "count": 42,
          "frac_nb": 0.2205006973538557,
          "frac_total": 0.0001636888853189024
        },
        "(2, 3)": {
          "count": 10,
          "frac_nb": 0.032776948277277895,
          "frac_total": 2.4331996188896044e-05
        },
        "(3, 3)": {
          "count": 56,
          "frac_nb": 0.05383878281113117,
          "frac_total": 3.996726745556682e-05
        },
        "(4, 3)": {
          "count": 82,
          "frac_nb": 0.06911457548693613,
          "frac_total": 5.13072654939968e-05
        },
        "(2, 4)": {
          "count": 5,
          "frac_nb": 0.025280297131663423,
          "frac_total": 1.8766850661573533e-05
        },
        "(3, 4)": {
          "count": 42,
          "frac_nb": 0.0652460058599896,
          "frac_total": 4.8435429451695206e-05
        },
        "(4, 4)": {
          "count": 123,
          "frac_nb": 0.13566532486740554,
          "frac_total": 0.00010071127243799655
        },
        "(5, 4)": {
          "count": 122,
          "frac_nb": 0.1911884210501728,
          "frac_total": 0.00014192889139648125
        }
      },
      "pauli_type_breakdown": {
        "Z": {
          "count": 27,
          "frac_nb": 0.12560864240816,
          "frac_total": 9.324568542845381e-05
        },
        "X": {
          "count": 26,
          "frac_nb": 0.09363567696273001,
          "frac_total": 6.951052659717176e-05
        },
        "XZ": {
          "count": 180,
          "frac_nb": 0.33251504948429933,
          "frac_total": 0.00024684283748317536
        },
        "Y": {
          "count": 15,
          "frac_nb": 0.16118445356877803,
          "frac_total": 0.00011965541992399646
        },
        "XY": {
          "count": 75,
          "frac_nb": 0.27351842481670763,
          "frac_total": 0.00020304664161936722
        },
        "YZ": {
          "count": 75,
          "frac_nb": 0.0056163440343267555,
          "frac_total": 4.169297900546247e-06
        },
        "XYZ": {
          "count": 120,
          "frac_nb": 0.007921408724998136,
          "frac_total": 5.880464687463264e-06
        }
      },
      "top_15_non_bw": [
        {
          "label": "IZXZI",
          "coeff": 0.09489390937013603,
          "body": 3,
          "range": 2,
          "types": "XZ"
        },
        {
          "label": "IYYII",
          "coeff": 0.07423735799984604,
          "body": 2,
          "range": 1,
          "types": "Y"
        },
        {
          "label": "IIYYI",
          "coeff": 0.07270301172047439,
          "body": 2,
          "range": 1,
          "types": "Y"
        },
        {
          "label": "IIZXZ",
          "coeff": 0.054171187900886764,
          "body": 3,
          "range": 2,
          "types": "XZ"
        },
        {
          "label": "ZXZII",
          "coeff": 0.0518464207805977,
          "body": 3,
          "range": 2,
          "types": "XZ"
        },
        {
          "label": "ZIIIZ",
          "coeff": -0.03940190128511231,
          "body": 2,
          "range": 4,
          "types": "Z"
        },
        {
          "label": "YXXXY",
          "coeff": 0.0378293562263506,
          "body": 5,
          "range": 4,
          "types": "XY"
        },
        {
          "label": "XXXXX",
          "coeff": 0.034935438341544126,
          "body": 5,
          "range": 4,
          "types": "X"
        },
        {
          "label": "IZIIZ",
          "coeff": 0.034162247144489705,
          "body": 2,
          "range": 3,
          "types": "Z"
        },
        {
          "label": "YXXYX",
          "coeff": -0.03349251595534826,
          "body": 5,
          "range": 4,
          "types": "XY"
        },
        {
          "label": "IIZIZ",
          "coeff": -0.031193106315684144,
          "body": 2,
          "range": 2,
          "types": "Z"
        },
        {
          "label": "YXYXX",
          "coeff": 0.03119155276541365,
          "body": 5,
          "range": 4,
          "types": "XY"
        },
        {
          "label": "ZIIZI",
          "coeff": 0.03100567350481309,
          "body": 2,
          "range": 3,
          "types": "Z"
        },
        {
          "label": "XYXXY",
          "coeff": -0.030354184468953882,
          "body": 5,
          "range": 4,
          "types": "XY"
        },
        {
          "label": "YYXXX",
          "coeff": -0.03031494533429318,
          "body": 5,
          "range": 4,
          "types": "XY"
        }
      ],
      "time": 0.10898613929748535
    },
    "nA6": {
      "nA": 6,
      "bw_fraction": 0.8202501242148649,
      "non_bw_fraction": 0.17974987578513513,
      "n_non_bw": 2068,
      "non_bw_PR": 356.7313781747079,
      "body_range_breakdown": {
        "(1, 0)": {
          "count": 6,
          "frac_nb": 0.006523986764489289,
          "frac_total": 0.0011726858105408154
        },
        "(2, 1)": {
          "count": 20,
          "frac_nb": 0.01886928747624988,
          "frac_total": 0.0033917520800099215
        },
        "(2, 2)": {
          "count": 20,
          "frac_nb": 0.01698618443867936,
          "frac_total": 0.0030532645429160103
        },
        "(3, 2)": {
          "count": 56,
          "frac_nb": 0.07223227992462582,
          "frac_total": 0.0129837433441286
        },
        "(2, 3)": {
          "count": 15,
          "frac_nb": 0.03022013962251625,
          "frac_total": 0.005432066343356736
        },
        "(3, 3)": {
          "count": 84,
          "frac_nb": 0.09426736827569615,
          "frac_total": 0.01694454773814797
        },
        "(4, 3)": {
          "count": 123,
          "frac_nb": 0.10046103379449949,
          "frac_total": 0.018057858345807542
        },
        "(2, 4)": {
          "count": 10,
          "frac_nb": 0.010196325655243433,
          "frac_total": 0.0018327882699947936
        },
        "(3, 4)": {
          "count": 84,
          "frac_nb": 0.03927325764990617,
          "frac_total": 0.007059363184248241
        },
        "(4, 4)": {
          "count": 246,
          "frac_nb": 0.0868298105415127,
          "frac_total": 0.015607647659283725
        },
        "(5, 4)": {
          "count": 244,
          "frac_nb": 0.0685166282742034,
          "frac_total": 0.012315855421504339
        },
        "(2, 5)": {
          "count": 5,
          "frac_nb": 0.009038960092519572,
          "frac_total": 0.0016247519538571866
        },
        "(3, 5)": {
          "count": 56,
          "frac_nb": 0.048437410122942684,
          "frac_total": 0.008706618452952593
        },
        "(4, 5)": {
          "count": 246,
          "frac_nb": 0.11237620817868642,
          "frac_total": 0.02019960946132337
        },
        "(5, 5)": {
          "count": 488,
          "frac_nb": 0.16629013602639664,
          "frac_total": 0.02989063129503802
        },
        "(6, 5)": {
          "count": 365,
          "frac_nb": 0.11948098316183255,
          "frac_total": 0.02147669188202522
        }
      },
      "pauli_type_breakdown": {
        "Z": {
          "count": 58,
          "frac_nb": 0.06367116049200526,
          "frac_total": 0.011444883189533349
        },