{
  "experiment": "064a",
  "description": "BW locality for q=4 Potts at g_c=0.392",
  "parameters": {
    "n": 8,
    "q": 4,
    "n_A": 4,
    "g_c": 0.392
  },
  "sweep": [
    {
      "g": 0.05,
      "entropy_bits": 2.0000196357749696,
      "gap": 1.0136060879517572e-08,
      "potts_locality": 0.3571340049085335,
      "coefficients": {
        "delta_0_1": -5.220382874957479,
        "delta_1_2": -4.6469578214278195,
        "delta_2_3": -1.6024305052662806,
        "XXd_0": -0.13236243958758137,
        "XXd_1": -0.08005961341371086,
        "XXd_2": -0.0991217462343218,
        "XXd_3": -0.026758518567963352
      },
      "envelope_results": {
        "sin_inv": {
          "fidelity": 0.5846541933507508,
          "variance_captured": 0.3418205258026169,
          "alpha": 4.942814667408983
        },
        "linear": {
          "fidelity": 0.5871897883051319,
          "variance_captured": 0.3447918474898256,
          "alpha": 1.5231020896653569
        },
        "uniform": {
          "fidelity": 0.5489235480812793,
          "variance_captured": 0.3013170616381403,
          "alpha": 3.7500640894249426
        }
      },
      "best_envelope": "linear",
      "time_s": 0.8075568675994873
    },
    {
      "g": 0.1,
      "entropy_bits": 2.000256166120145,
      "gap": 2.6996239697041347e-06,
      "potts_locality": 0.40653980453563426,
      "coefficients": {
        "delta_0_1": -6.365462243483666,
        "delta_1_2": -5.085123734606383,
        "delta_2_3": -2.056206397196115,
        "XXd_0": -0.3375217541180828,
        "XXd_1": -0.23754895016485036,
        "XXd_2": -0.22495818075125062,
        "XXd_3": -0.06067705319115957
      },
      "envelope_results": {
        "sin_inv": {
          "fidelity": 0.6199651853973522,
          "variance_captured": 0.38435683110477337,
          "alpha": 5.56500579722908
        },
        "linear": {
          "fidelity": 0.6224681577359256,
          "variance_captured": 0.38746660739515704,
          "alpha": 1.7044308650636413
        },
        "uniform": {
          "fidelity": 0.5815154144326382,
          "variance_captured": 0.33816017722276315,
          "alpha": 4.209594954103071
        }
      },
      "best_envelope": "linear",
      "time_s": 1.0029044151306152
    },
    {
      "g": 0.2,
      "entropy_bits": 1.9986501225310598,
      "gap": 0.0008031584646879253,
      "potts_locality": 0.5116390252765606,
      "coefficients": {
        "delta_0_1": -7.8868332151566864,
        "delta_1_2": -5.46706856122923,
        "delta_2_3": -2.737423385092322,
        "XXd_0": -0.9948360361365842,
        "XXd_1": -0.8134668343409612,
        "XXd_2": -0.5542471454584887,
        "XXd_3": -0.16617400274565985
      },
      "envelope_results": {
        "sin_inv": {
          "fidelity": 0.6918813731338025,
          "variance_captured": 0.47869983448951625,
          "alpha": 6.10814844025637
        },
        "linear": {
          "fidelity": 0.6943683726856072,
          "variance_captured": 0.48214743698605866,
          "alpha": 1.8418023946861772
        },
        "uniform": {
          "fidelity": 0.6446117247458568,
          "variance_captured": 0.4155242756798284,
          "alpha": 4.565000651841187
        }
      },
      "best_envelope": "linear",
      "time_s": 0.5735166072845459
    },
    {
      "g": 0.3,
      "entropy_bits": 1.7942818391460267,
      "gap": 0.026043618669529423,
      "potts_locality": 0.5595287374732669,
      "coefficients": {
        "delta_0_1": -7.848972875678359,
        "delta_1_2": -5.217406686229338,
        "delta_2_3": -2.7814577061434935,
        "XXd_0": -1.6678561579764621,
        "XXd_1": -1.413954398189563,
        "XXd_2": -0.8343538476249265,
        "XXd_3": -0.2622353272446052
      },
      "envelope_results": {
        "sin_inv": {
          "fidelity": 0.7263667303724809,
          "variance_captured": 0.5276086269920082,
          "alpha": 5.802005723979742
        },
        "linear": {
          "fidelity": 0.7305432770428387,
          "variance_captured": 0.5336934796324899,
          "alpha": 1.731355137363544
        },
        "uniform": {
          "fidelity": 0.669685724745801,
          "variance_captured": 0.4484789699283087,
          "alpha": 4.2717421648194405
        }
      },
      "best_envelope": "linear",
      "time_s": 0.6445047855377197
    },
    {
      "g": 0.35,
      "entropy_bits": 1.3266637047067105,
      "gap": 0.08594923087627926,
      "potts_locality": 0.5382299543656538,
      "coefficients": {
        "delta_0_1": -6.8752817458110975,
        "delta_1_2": -4.686749412632248,
        "delta_2_3": -2.513686266075087,
        "XXd_0": -1.8219366735107978,
        "XXd_1": -1.5192385715676195,
        "XXd_2": -0.9009852288131065,
        "XXd_3": -0.2777637960594088
      },
      "envelope_results": {
        "sin_inv": {
          "fidelity": 0.7153527690266137,
          "variance_captured": 0.511729584154044,
          "alpha": 5.1359554510607035
        },
        "linear": {
          "fidelity": 0.72013553094957,
          "variance_captured": 0.5185951829360191,
          "alpha": 1.5269105907274458
        },
        "uniform": {
          "fidelity": 0.6572886961948475,
          "variance_captured": 0.4320284301455227,
          "alpha": 3.7621679131687906
        }
      },
      "best_envelope": "linear",
      "time_s": 0.5671989917755127
    },
    {
      "g": 0.38,
      "entropy_bits": 1.0308732357958537,
      "gap": 0.14123198864580644,
      "potts_locality": 0.5125232744712599,
      "coefficients": {
        "delta_0_1": -6.112008506106223,
        "delta_1_2": -4.270998885611167,
        "delta_2_3": -2.295537511622721,
        "XXd_0": -1.8369054997786833,
        "XXd_1": -1.5105226383173649,
        "XXd_2": -0.9040077653593576,
        "XXd_3": -0.27485465022017697
      },
      "envelope_results": {
        "sin_inv": {
          "fidelity": 0.6996938343151873,
          "variance_captured": 0.48957146177868893,
          "alpha": 4.634864012189595
        },
        "linear": {
          "fidelity": 0.7048081897359693,
          "variance_captured": 0.4967545843188942,
          "alpha": 1.375574492038646
        },
        "uniform": {
          "fidelity": 0.6418386852183747,
          "variance_captured": 0.41195689784285194,
          "alpha": 3.3866262968910243
        }
      },
      "best_envelope": "linear",
      "time_s": 0.5943326950073242
    },
    {
      "g": 0.39,
      "entropy_bits": 0.9480250564218966,
      "gap": 0.16159710368140168,
      "potts_locality": 0.5025466096150696,
      "coefficients": {
        "delta_0_1": -5.851611156375413,
        "delta_1_2": -4.12970494434419,
        "delta_2_3": -2.220592739184754,
        "XXd_0": -1.8326312919409493,
        "XXd_1": -1.5000686055025572,
        "XXd_2": -0.9012201631245529,
        "XXd_3": -0.2723138734502615
      },
      "envelope_results": {
        "sin_inv": {
          "fidelity": 0.6933619628633975,
          "variance_captured": 0.48075081154578325,
          "alpha": 4.466665215710763
        },
        "linear": {
          "fidelity": 0.6985698773972322,
          "variance_captured": 0.4879998736067841,
          "alpha": 1.3249778007298871
        },
        "uniform": {
          "fidelity": 0.6357100976804924,
          "variance_captured": 0.40412732829294096,
          "alpha": 3.261237776662935
        }
      },
      "best_envelope": "linear",
      "time_s": 0.573620080947876
    },
    {
      "g": 0.392,
      "entropy_bits": 0.9325097415281549,
      "gap": 0.1657491203608572,
      "potts_locality": 0.5005338021557196,
      "coefficients": {
        "delta_0_1": -5.799852314463969,
        "delta_1_2": -4.1016690354036935,
        "delta_2_3": -2.205563591152793,
        "XXd_0": -1.8314251757742124,
        "XXd_1": -1.497675880135891,
        "XXd_2": -0.9005667959107554,
        "XXd_3": -0.27176654041672643
      },