{
  "noise_params": [
    0.0,
    0.02020408163265306,
    0.04040816326530612,
    0.06061224489795918,
    0.08081632653061224,
    0.1010204081632653,
    0.12122448979591836,
    0.14142857142857143,
    0.16163265306122448,
    0.18183673469387754,
    0.2020408163265306,
    0.22224489795918367,
    0.24244897959183673,
    0.2626530612244898,
    0.28285714285714286,
    0.3030612244897959,
    0.32326530612244897,
    0.34346938775510205,
    0.3636734693877551,
    0.38387755102040816,
    0.4040816326530612,
    0.42428571428571427,
    0.44448979591836735,
    0.4646938775510204,
    0.48489795918367345,
    0.5051020408163265,
    0.5253061224489796,
    0.5455102040816326,
    0.5657142857142857,
    0.5859183673469388,
    0.6061224489795918,
    0.6263265306122449,
    0.6465306122448979,
    0.666734693877551,
    0.6869387755102041,
    0.7071428571428571,
    0.7273469387755102,
    0.7475510204081632,
    0.7677551020408163,
    0.7879591836734694,
    0.8081632653061224,
    0.8283673469387755,
    0.8485714285714285,
    0.8687755102040816,
    0.8889795918367347,
    0.9091836734693878,
    0.9293877551020407,
    0.9495918367346938,
    0.9697959183673469,
    0.99
  ],
  "depolarizing": {
    "quantum_capacity": [
      0.999818408429145,
      0.8252351859599575,
      0.6916576007061392,
      0.5739440445575995,
      0.4667608944437124,
      0.3675825457722378,
      0.2749277332222487,
      0.18782323351783703,
      0.10558240327344703,
      0.02769657933320191,
      0,
      0,
      0,
      0,
      0,
      0,
      0,
      0,
      0,
      0,
      0,
      0,
      0,
      0,
      0,
      0,
      0,
      0,
      0,
      0,
      0,
      0,
      0,
      0,
      0,
      0,
      0,
      0,
      0,
      0,
      0,
      0,
      0,
      0,
      0,
      0,
      0,
      0,
      0,
      0
    ],
    "entanglement_assisted_capacity": [
      1.99963681685829,
      1.8250535943891024,
      1.6914760091352843,
      1.5737624529867444,
      1.4665793028728573,
      1.3674009542013832,
      1.2747461416513939,
      1.1876416419469822,
      1.1054008117025922,
      1.027514987762347,
      0.9535938632955994,
      0.8833300028321216,
      0.8164764030025824,
      0.7528316169225922,
      0.6922295148393691,
      0.634532018785688,
      0.5796238190346843,
      0.5274084551454017,
      0.47780536420046893,
      0.43074763290006146,
      0.3861802748378278,
      0.34405890945756634,
      0.3043487562275058,
      0.2670238831823626,
      0.23206666727537129,
      0.1994674375511587,
      0.1692242827085897,
      0.1413430133610638,
      0.11583727711422154,
      0.09272883221645167,
      0.07204799371769033,
      0.05383427560273124,
      0.03813726426789743,
      0.025017774403799153,
      0.014549359933878625,
      0.006820283395864601,
      0.0019360922788194124,
      2.301905478252486e-05,
      0.001232527977215181,
      0.005747502997275111,
      0.013790857462071315,
      0.025637845783753166,
      0.041634273858552895,
      0.06222459221452126,
      0.08799761185550148,
      0.1197662661663248,
      0.15872062292837197,
      0.20676477974169738,
      0.26744444994201677,
      0.35002674838590275
    ],
    "classical_capacity_lower": [
      0.999818408429145,
      0.9125267971945512,
      0.8457380045676421,
      0.7868812264933722,
      0.7332896514364287,
      0.6837004771006916,
      0.6373730708256969,
      0.5938208209734911,
      0.5527004058512961,
      0.5137574938811735,
      0.4767969316477997,
      0.4416650014160608,
      0.4082382015012912,
      0.3764158084612961,
      0.34611475741968456,
      0.317266009392844,
      0.28981190951734215,
      0.26370422757270084,
      0.23890268210023446,
      0.21537381645003073,
      0.1930901374189139,
      0.17202945472878317,
      0.1521743781137529,
      0.1335119415911813,
      0.11603333363768564,
      0.09973371877557935,
      0.08461214135429485,
      0.0706715066805319,
      0.05791863855711077,
      0.04636441610822584,
      0.036023996858845164,
      0.02691713780136562,
      0.019068632133948715,
      0.012508887201899577,
      0.0072746799669393125,
      0.0034101416979323007,
      0.0009680461394097062,
      1.150952739126243e-05,
      0.0006162639886075905,
      0.0028737514986375556,
      0.006895428731035658,
      0.012818922891876583,
      0.020817136929276447,
      0.03111229610726063,
      0.04399880592775074,
      0.0598831330831624,
      0.07936031146418598,
      0.10338238987084869,
      0.13372222497100839,
      0.17501337419295138
    ],
    "ea_boost_factor": [
      2.0,
      2.2115557182236514,
      2.4455395377834246,
      2.742013734457011,
      3.142035505396682,
      3.7199833613662787,
      4.636658974745565,
      6.323188136542199,
      10.469555318225929,
      37.0989852357179,
      null,
      null,
      null,
      null,
      null,
      null,
      null,
      null,
      null,
      null,
      null,
      null,
      null,
      null,
      null,
      null,
      null,
      null,
      null,
      null,
      null,
      null,
      null,
      null,
      null,
      null,
      null,
      null,
      null,
      null,
      null,
      null,
      null,
      null,
      null,
      null,
      null,
      null,
      null,
      null
    ],
    "q_threshold": 0.2020408163265306,
    "ea_near_zero": 0.5859183673469388
  },
  "amplitude_damping": {
    "quantum_capacity": [
      0.999818408429145,
      0.9186710935479404,
      0.8574825982748653,
      0.803322256073484,
      0.7535690425512607,
      0.7071162134386056,
      0.6629817351998856,
      0.6207082696982839,
      0.5799696940618222,
      0.5406076655817641,
      0.5023648441780534,
      0.46503940870528515,
      0.4285082370408223,
      0.39266751089953034,
      0.3574280918874455,
      0.3227122113018813,
      0.28845103131277317,
      0.2545828016698568,
      0.22105143354488033,
      0.18780537139804643,
      0.1547966809982545,
      0.12198461574025354,
      0.08931981035952186,
      0.056760290144286074,
      0.024267203085408084,
      0,
      0,
      0,
      0,
      0,
      0,
      0,
      0,
      0,
      0,
      0,
      0,
      0,
      0,
      0,
      0,
      0,
      1.1102230246251565e-16,
      0,
      0,
      0,
      5.551115123125783e-17,
      0,
      2.7755575615628914e-17,
      0
    ],
    "entanglement_assisted_capacity": [
      1.99963681685829,
      1.9184895019770856,
      1.8567985959961777,
      1.8021859062018253,
      1.7520202106739544,
      1.705099145236612,
      1.6607459574982977,
      1.6183099548792557,
      1.5774543024729581,
      1.537926114446686,
      1.499528011225825,
      1.4621011670529738,
      1.4255145641105553,
      1.3896578415917114,
      1.35443634462958,
      1.3197734146564266,
      1.2857036542953582,
      1.252058415227025,
      1.2187768537694055,
      1.1858031263477296,
      1.1530853825190062,
      1.1205749331523647,
      1.0882255473046656,
      1.055992843075211,
      1.0238337456376243,
      0.9917608062533392,
      0.959839259446428,
      0.9278639694510736,
      0.895791404932074,
      0.8635769458079805,
      0.8311743506685939,
      0.7987288079450152,
      0.7660502191597859,
      0.7330216852138953,
      0.6995822586612529,
      0.6658892733786569,
      0.6316865508323193,
      0.5968353980085102,
      0.5614665569545689,
      0.5252881416591368,
      0.48821638116238597,
      0.450142184088537,
      0.410809687522831,
      0.36995589416081,
      0.32733920293066876,
      0.2823818644565751,
      0.2343888757915349,
      0.18218779397683904,
      0.1235193626384743,
      0.05204900548358571
    ],