{
  "experiment": "089c_walking_discriminator",
  "timestamp": "2026-04-02 08:52:04",
  "power_law": {
    "2": {
      "b": 1.975601033080044,
      "b_err": 0.1373697630390484,
      "R2": 0.985702798092786
    },
    "3": {
      "b": 2.0128129304996047,
      "b_err": 0.13779866923788678,
      "R2": 0.9861343396772777
    },
    "5": {
      "b": 2.012265391808894,
      "b_err": 0.1381613398831239,
      "R2": 0.9860547962546865
    },
    "7": {
      "b": 2.0653379686754496,
      "b_err": 0.1406615903186922,
      "R2": 0.9862757571372472
    },
    "mean_b": 2.016504331015998,
    "std_b": 0.031974204417256354
  },
  "summary": {
    "power_law_universal": true,
    "mean_exponent": 2.016504331015998,
    "monotonic_discriminators": [
      "S_lev0",
      "S_lev1",
      "S_lev0_inf"
    ],
    "M_asymp": {
      "2": 0.6639463223655145,
      "3": 0.7155016913671457,
      "5": 0.7657258617557869,
      "7": 0.797032093558644
    },
    "R_asymp": {
      "2": 0.06887835672559704,
      "3": 0.06120050301009455,
      "5": 0.051494424558729206,
      "7": 0.02529543947372177
    },
    "c_effs": {
      "2": 0.551225289462611,
      "3": 0.8950724715911649,
      "5": 1.1489968218398137,
      "7": 0.9422162254572465
    }
  }
}