{
  "sprint": "043d",
  "q": 20,
  "n8_data": {
    "0.05": 1.8474523855681495,
    "0.1": 0.4924101318564582,
    "0.15": 0.6122067015174307,
    "0.2": 0.6411465737544394
  },
  "n12_data": {},
  "total_time": 240.08557605743408
}