{
  "Sq_q2_n4_nA2": {
    "q": 2,
    "n": 4,
    "nA": 2,
    "model": "S_q",
    "g_c": 0.5,
    "dim": 16,
    "time_s": 0.01,
    "S_total": 0.521869015235454,
    "S_number": 0.4979295143339499,
    "p_alpha": [
      0.801776695296637,
      0.19822330470336297
    ],
    "S_alpha": [
      0.008207801798333709,
      0.08757132127305568
    ],
    "p0": 0.801776695296637,
    "p0_times_q": 1.603553390593274,
    "equi_cv": 0.6035533905932741,
    "sn_ratio": 0.9541273764055465
  },
  "Sq_q2_n6_nA3": {
    "q": 2,
    "n": 6,
    "nA": 3,
    "model": "S_q",
    "g_c": 0.5,
    "dim": 64,
    "time_s": 0.02,
    "S_total": 0.5877379107652345,
    "S_number": 0.5349194937089884,
    "p_alpha": [
      0.7735757487186721,
      0.2264242512813276
    ],
    "S_alpha": [
      0.021112870892035167,
      0.16114003664300755
    ],
    "p0": 0.7735757487186721,
    "p0_times_q": 1.5471514974373441,
    "equi_cv": 0.5471514974373447,
    "sn_ratio": 0.9101327035591824
  },
  "Sq_q2_n8_nA4": {
    "q": 2,
    "n": 8,
    "nA": 4,
    "model": "S_q",
    "g_c": 0.5,
    "dim": 256,
    "time_s": 0.02,
    "S_total": 0.6350956654986196,
    "S_number": 0.556893657847411,
    "p_alpha": [
      0.7548946464736368,
      0.24510535352636165
    ],
    "S_alpha": [
      0.03407164292502542,
      0.2141181579899761
    ],
    "p0": 0.7548946464736368,
    "p0_times_q": 1.5097892929472736,
    "equi_cv": 0.5097892929472759,
    "sn_ratio": 0.8768657827481604
  },
  "Sq_q2_n10_nA5": {
    "q": 2,
    "n": 10,
    "nA": 5,
    "model": "S_q",
    "g_c": 0.5,
    "dim": 1024,
    "time_s": 0.03,
    "S_total": 0.672014757419144,
    "S_number": 0.5717979864388322,
    "p_alpha": [
      0.741200021362477,
      0.2587999786375235
    ],
    "S_alpha": [
      0.04625718654148112,
      0.25475637082621283
    ],
    "p0": 0.741200021362477,
    "p0_times_q": 1.482400042724954,
    "equi_cv": 0.48240004272495324,
    "sn_ratio": 0.8508711752622936
  },
  "Sq_q2_n12_nA6": {
    "q": 2,
    "n": 12,
    "nA": 6,
    "model": "S_q",
    "g_c": 0.5,
    "dim": 4096,
    "time_s": 0.06,
    "S_total": 0.7022545114919998,
    "S_number": 0.5827370962503116,
    "p_alpha": [
      0.730523864456454,
      0.26947613554354505
    ],
    "S_alpha": [
      0.057559473506683785,
      0.2874794313912008
    ],
    "p0": 0.730523864456454,
    "p0_times_q": 1.461047728912908,
    "equi_cv": 0.46104772891290935,
    "sn_ratio": 0.8298089748291353
  },
  "Sq_q2_n14_nA7": {
    "q": 2,
    "n": 14,
    "nA": 7,
    "model": "S_q",
    "g_c": 0.5,
    "dim": 16384,
    "time_s": 0.2,
    "S_total": 0.727857653795762,
    "S_number": 0.5911971198993808,
    "p_alpha": [
      0.7218504653206714,
      0.27814953467932985
    ],
    "S_alpha": [
      0.06803380294605316,
      0.3147598347888345
    ],
    "p0": 0.7218504653206714,
    "p0_times_q": 1.4437009306413429,
    "equi_cv": 0.443700930641341,
    "sn_ratio": 0.8122427741417578
  },
  "Sq_q3_n4_nA2": {
    "q": 3,
    "n": 4,
    "nA": 2,
    "model": "S_q",
    "g_c": 0.3333333333333333,
    "dim": 81,
    "time_s": 0.01,
    "S_total": 0.8314809561536143,
    "S_number": 0.7926775415328438,
    "p_alpha": [
      0.7165359861666082,
      0.1417320069166957,
      0.14173200691669574
    ],
    "S_alpha": [
      0.012793903289914942,
      0.10454985840788288,
      0.10454985840788328
    ],
    "p0": 0.7165359861666082,
    "p0_times_q": 2.1496079584998244,
    "equi_cv": 0.8128955831612497,
    "sn_ratio": 0.9533321667398457
  },
  "Sq_q3_n6_nA3": {
    "q": 3,
    "n": 6,
    "nA": 3,
    "model": "S_q",
    "g_c": 0.3333333333333333,
    "dim": 729,
    "time_s": 0.03,
    "S_total": 0.9370838114397724,
    "S_number": 0.8515761446902996,
    "p_alpha": [
      0.6779896137873008,
      0.1610051931063495,
      0.16100519310634953
    ],
    "S_alpha": [
      0.03254149892022468,
      0.1970273978137522,
      0.19702739781375245
    ],
    "p0": 0.6779896137873008,
    "p0_times_q": 2.0339688413619026,
    "equi_cv": 0.731126379262599,
    "sn_ratio": 0.9087513136972291
  },
  "Sq_q3_n8_nA4": {
    "q": 3,
    "n": 8,
    "nA": 4,
    "model": "S_q",
    "g_c": 0.3333333333333333,
    "dim": 6561,
    "time_s": 0.05,
    "S_total": 1.0129518708214518,
    "S_number": 0.8864630488999494,
    "p_alpha": [
      0.6527197557466694,
      0.17364012212666458,
      0.17364012212666458
    ],
    "S_alpha": [
      0.05218704733876677,
      0.2661404057928739,
      0.26614040579287324
    ],
    "p0": 0.6527197557466694,
    "p0_times_q": 1.958159267240008,
    "equi_cv": 0.6775209153221451,
    "sn_ratio": 0.8751284976462639
  },
  "Sq_q3_n10_nA5": {
    "q": 3,
    "n": 10,
    "nA": 5,
    "model": "S_q",
    "g_c": 0.3333333333333333,
    "dim": 59049,
    "time_s": 0.42,
    "S_total": 1.0720747526625811,
    "S_number": 0.9100843700951571,
    "p_alpha": [
      0.6343216874227096,
      0.18283915628864528,
      0.18283915628864528
    ],
    "S_alpha": [
      0.07058535820765822,
      0.32054555878855645,
      0.3205455587885578
    ],
    "p0": 0.6343216874227096,
    "p0_times_q": 1.9029650622681287,
    "equi_cv": 0.6384927187043267,
    "sn_ratio": 0.8489001049925778
  },
  "Sq_q5_n4_nA2": {
    "q": 5,
    "n": 4,
    "nA": 2,
    "model": "S_q",
    "g_c": 0.2,
    "dim": 625,
    "time_s": 0.02,
    "S_total": 1.22063825871441,
    "S_number": 1.1630131129408117,
    "p_alpha": [
      0.6346004453337984,
      0.09134988866655022,
      0.09134988866655022,
      0.09134988866655024,
      0.09134988866655024
    ],
    "S_alpha": [
      0.019327945452273284,
      0.12413705053262881,
      0.12413705053262974,
      0.1241370505326294,
      0.12413705053262883
    ],
    "p0": 0.6346004453337984,
    "p0_times_q": 3.1730022266689923,
    "equi_cv": 1.086501113334497,
    "sn_ratio": 0.9527909719671659
  },
  "Sq_q5_n6_nA3": {
    "q": 5,
    "n": 6,
    "nA": 3,
    "model": "S_q",
    "g_c": 0.2,
    "dim": 15625,
    "time_s": 0.16,
    "S_total": 1.3737974922843403,
    "S_number": 1.2473652770970443,
    "p_alpha": [
      0.5887835519912661,
      0.1028041120021837,
      0.10280411200218371,
      0.10280411200218373,
      0.10280411200218374
    ],
    "S_alpha": [
      0.048266715494444674,
      0.23835030789780468,
      0.23835030789780468,
      0.23835030789780534,
      0.2383503078978037
    ],
    "p0": 0.5887835519912661,
    "p0_times_q": 2.9439177599563306,
    "equi_cv": 0.9719588799781639,
    "sn_ratio": 0.9079688120721013
  },
  "Sq_q5_n8_nA4": {
    "q": 5,
    "n": 8,
    "nA": 4,
    "model": "S_q",
    "g_c": 0.2,
    "dim": 390625,
    "time_s": 3.48,
    "S_total": 1.4833094336641215,
    "S_number": 1.2968962428951023,
    "p_alpha": [
      0.5593869659018897,
      0.11015325852452774,
      0.11015325852452787,
      0.11015325852452788,
      0.11015325852452779
    ],
    "S_alpha": [
      0.0764111124907412,
      0.3260679990689771,
      0.326067999068978,
      0.326067999068978,
      0.32606799906897743
    ],
    "p0": 0.5593869659018897,
    "p0_times_q": 2.796934829509449,
    "equi_cv": 0.8984674147547231,
    "sn_ratio": 0.8743261611243617
  },
  "Sq_q7_n4_nA2": {
    "q": 7,
    "n": 4,
    "nA": 2,
    "model": "S_q",
    "g_c": 0.14285714285714285,
    "dim": 2401,
    "time_s": 0.03,
    "S_total": 1.472938117367497,
    "S_number": 1.4034240894159509,
    "p_alpha": [
      0.5937236446494278,
      0.06771272589176183,
      0.06771272589176183,
      0.0677127258917618,
      0.06771272589176178,
      0.06771272589176175,
      0.06771272589176171
    ],
    "S_alpha": [
      0.024551818832369357,
      0.13522084627399708,
      0.1352208462739983,
      0.13522084627399827,
      0.13522084627399789,
      0.13522084627399847,
      0.13522084627399705
    ],
    "p0": 0.5937236446494278,
    "p0_times_q": 4.156065512545995,
    "equi_cv": 1.2884583500888602,
    "sn_ratio": 0.9528058734227174
  },