{
  "experiment": "079c_cq_compilation",
  "timestamp": "2026-04-02 05:32:51",
  "q3": {
    "gc": 0.3333333333333333,
    "Re_c": 0.7999999999999999,
    "Im_c": 0.0,
    "sizes": {
      "6": {
        "c": 0.8921496315332059,
        "R2": 1.0,
        "S_mid": 0.4698838523675961,
        "S": [
          0.3658533672075509,
          0.44849589778954896,
          0.4698838523675961,
          0.4484958977895464,
          0.3658533672075488
        ],
        "time": 0.029872417449951172
      },
      "8": {
        "c": 0.8941538414573869,
        "R2": 0.9999937838870404,
        "S_mid": 0.5161166301907066,
        "S": [
          0.3712388195472561,
          0.4645177314050822,
          0.5044335158424678,
          0.5161166301907066,
          0.5044335158424696,
          0.46451773140508346,
          0.37123881954725635
        ],
        "time": 0.06136035919189453
      },
      "10": {
        "c": 0.8834199968953985,
        "R2": 0.9999970161508164,
        "S_mid": 0.5511350590082994,
        "S": [
          0.37386036752365753,
          0.47209168605007706,
          0.5199504690673876,
          0.543794606964705,
          0.5511350590082994,
          0.5437946069647043,
          0.5199504690673865,
          0.47209168605007606,
          0.3738603675236578
        ],
        "time": 0.3087019920349121
      }
    }
  },
  "q5": {
    "gc": 0.2,
    "Re_c": 1.137547336647226,
    "Im_c": -0.02106874194032345,
    "sizes": {
      "6": {
        "c": 1.1331130281173718,
        "R2": 1.0,
        "S_mid": 0.5654305699580138,
        "S": [
          0.4343314193996354,
          0.5382658779371038,
          0.5654305699580138,
          0.538265877937104,
          0.4343314193996348
        ],
        "time": 0.09134984016418457
      },
      "8": {
        "c": 1.1408892916847702,
        "R2": 0.9999970278596579,
        "S_mid": 0.6245058762502413,
        "S": [
          0.44107795460494514,
          0.558649157388233,
          0.6095533100442488,
          0.6245058762502413,
          0.6095533100442486,
          0.5586491573882346,
          0.4410779546049464
        ],
        "time": 2.2578463554382324
      },
      "10": {
        "c": 1.1336193407485662,
        "R2": 0.9999980641559546,
        "S_mid": 0.6694539315252238,
        "S": [
          0.4443634623333219,
          0.5683003269604553,
          0.6294323343443652,
          0.6600225213998273,
          0.6694539315252238,
          0.6600225213998283,
          0.6294323343443663,
          0.5683003269604572,
          0.44436346233332363
        ],
        "time": 88.57740497589111
      }
    }
  },
  "q7": {
    "gc": 0.14285714285714285,
    "Re_c": 1.3512522747656739,
    "Im_c": -0.08758961723742646,
    "sizes": {
      "6": {
        "c": 1.120572302455946,
        "R2": 1.0,
        "S_mid": 0.5673393321715372,
        "S": [
          0.43675533251075316,
          0.5404752853129879,
          0.5673393321715372,
          0.5404752853129868,
          0.4367553325107496
        ],
        "time": 0.5332241058349609
      },
      "8": {
        "c": 1.1107646635994821,
        "R2": 0.9999885529194475,
        "S_mid": 0.6232565462661546,
        "S": [
          0.4427512200130071,
          0.5591796288348038,
          0.6087945217415226,
          0.6232565462661546,
          0.6087945217415245,
          0.559179628834804,
          0.442751220013005
        ],
        "time": 47.7205069065094
      }
    }
  },
  "q10": {
    "gc": 0.1,
    "Re_c": 1.5841074666315276,
    "Im_c": -0.19182451892497113,
    "sizes": {
      "5": {
        "c": 1.4423014202191005,
        "R2": -0.03305785123966931,
        "S_mid": 0.48328313661776157,
        "S": [
          0.40309772955895434,
          0.48328313661776157,
          0.4832831366177628,
          0.4030977295589599
        ],
        "time": 0.37955141067504883
      },
      "6": {
        "c": 0.9457075022770578,
        "R2": 1.0,
        "S_mid": 0.5207452558535549,
        "S": [
          0.40740236086111237,
          0.49807333133786647,
          0.5207452558535549,
          0.4980733313378696,
          0.4074023608611127
        ],
        "time": 8.641311645507812
      }
    }
  },
  "summary": {
    "complex_cft": {
      "2": [
        0.5,
        0.0
      ],
      "3": [
        0.7999999999999999,
        0.0
      ],
      "5": [
        1.137547336647226,
        -0.02106874194032345
      ],
      "7": [
        1.3512522747656739,
        -0.08758961723742646
      ],
      "10": [
        1.5841074666315276,
        -0.19182451892497113
      ]
    },
    "key_finding": "c_eff/Re(c) ratio degrades with q: 1.11 (q=3), 1.01 (q=5), 0.82 (q=7), 0.60 (q=10) at n=8"
  }
}