{
  "experiment": "103b_fidelity_q67",
  "timestamp": "2026-04-02 15:39:25",
  "method": "chi_F at g_c=1/q, dg=1e-4, S_q Potts periodic",
  "data": {
    "6": {
      "g_c": 0.16666666666666666,
      "sizes": {
        "6": {
          "dim": 46656,
          "chi_F": 82.3131240797655,
          "overlap": 0.9999975306062776,
          "time_s": 0.28786563873291016
        },
        "8": {
          "dim": 1679616,
          "chi_F": 162.80512818711568,
          "overlap": 0.9999934877948725,
          "time_s": 22.526695251464844
        }
      },
      "alpha": 2.3707538876899736,
      "nu_eff": 0.5933390768468798
    },
    "7": {
      "g_c": 0.14285714285714285,
      "sizes": {
        "6": {
          "dim": 117649,
          "chi_F": 166.8764906296675,
          "overlap": 0.9999949937052811,
          "time_s": 0.9103009700775146
        },
        "7": {
          "dim": 823543,
          "chi_F": 250.3530278609643,
          "overlap": 0.9999912376440249,
          "time_s": 9.343659162521362
        },
        "8": {
          "dim": 5764801,
          "chi_F": 357.60175417787195,
          "overlap": 0.9999856959298329,
          "time_s": 90.18985533714294
        }
      },
      "alpha": 2.6488735918642017,
      "nu_eff": 0.5481143562932265
    }
  }
}