{
  "experiment": "042d",
  "model": "q=5 Potts",
  "n": 12,
  "chi_max": 20,
  "data": {
    "0.3": {
      "cv": 0.1341859696679021,
      "time": 48.90251398086548
    },
    "0.4": {
      "cv": 0.515723517863619,
      "time": 43.033573389053345
    },
    "0.5": {
      "cv": 1.3601130293208954,
      "time": 38.053250551223755
    }
  },
  "total_runtime": 129.99779748916626
}