{
  "experiment": "112b_alpha_refit_q12",
  "sprint": 112,
  "timestamp": "2026-04-02 22:06:17",
  "data": {},
  "qs": [
    5,
    6,
    7,
    8,
    9,
    10,
    12
  ],
  "alphas_global": [
    2.091,
    2.377,
    2.65,
    2.897,
    3.159,
    3.349,
    3.631
  ],
  "alphas_last_pair": [
    2.1,
    2.402,
    2.67,
    2.897,
    3.159,
    3.417,
    3.734
  ],
  "z_ms": [
    1.028,
    1.072,
    1.238,
    1.32,
    1.438,
    1.566,
    1.662
  ],
  "beta_mes": [
    0.125,
    0.26,
    0.418,
    0.564,
    0.709,
    1.285,
    1.307
  ],
  "fit_results": {
    "linear": {
      "params": {
        "a": 0.23649999961180368,
        "b": 0.9855000034547949
      },
      "rms": 0.053863584305964135,
      "aic": -36.898209033405365,
      "residuals": {
        "5": -0.06800000151381314,
        "6": -0.0025000011256168797,
        "7": 0.028999999262579124,
        "8": 0.019499999650775646,
        "9": 0.04500000003897142,
        "10": 0.06650000042716808,
        "12": -0.08949999879643933
      },
      "q15_pred": 4.53299999763185,
      "q20_pred": 5.715499995690869
    },
    "quadratic": {
      "params": {
        "a": -0.010286698405128561,
        "b": 0.4105307009133001,
        "c": 0.3016875074430078
      },
      "rms": 0.01955797013396197,
      "aic": -49.081213546000875,
      "residuals": {
        "5": 0.0028264481187059154,
        "6": 0.007449429661820162,
        "7": -0.0013541919848090167,
        "8": -0.03058441682118085,
        "9": -0.004241244847294823,
        "10": 0.03867532393684714,
        "12": -0.012771348064095633
      },
      "q15_pred": 4.145140879988582,
      "q20_pred": 4.397622163657585
    },
    "power_law": {
      "params": {
        "a": 0.7422655439268239,
        "b": 0.6558086803954856
      },
      "rms": 0.03336397728049986,
      "aic": -43.60389879786136,
      "residuals": {
        "5": -0.032798846506699064,
        "6": -0.001685511268826545,
        "7": 0.010610611902921008,
        "8": -0.0057762002199264195,
        "9": 0.023117208373826248,
        "10": 0.056777918720352094,
        "12": -0.053003703910762034
      },
      "q15_pred": 4.383794199085911,
      "q20_pred": 5.294025948116463
    },
    "logarithmic": {
      "params": {
        "a": 1.8948181772317942,
        "b": -0.9896753744196298
      },
      "rms": 0.032928526779158716,
      "aic": -43.78782290168774,
      "residuals": {
        "5": 0.04008316281350366,
        "6": -0.0033830371008800597,
        "7": -0.027470547270207923,
        "8": -0.053488257246228965,
        "9": -0.014665694177486088,
        "10": 0.043695285591550004,
        "12": 0.01522908567716641
      },
      "q15_pred": 4.141587371485054,
      "q20_pred": 4.686692591630402
    },
    "sqrt": {
      "params": {
        "a": 1.353413971724589,
        "b": -0.9142578673224727
      },
      "rms": 0.026345768450409198,
      "aic": -46.91026649811252,
      "residuals": {
        "5": -0.012067775151686888,
        "6": 0.0010842258436500884,
        "7": 0.0034610772190064587,
        "8": -0.016774921313828628,
        "9": 0.01301595214870499,
        "10": 0.051387099578045436,
        "12": -0.04010565807867916
      },
      "q15_pred": 4.327491905691296,
      "q20_pred": 5.138393417625847
    }
  },
  "best_model": "quadratic"
}