{
  "experiment": "108c_multiplet_structure",
  "sprint": 108,
  "timestamp": "2026-04-02 18:56:23",
  "data": {
    "q3": {
      "q": 3,
      "g_c": 0.3333333333333333,
      "sizes": {
        "6": {
          "n": 6,
          "dim": 729,
          "gaps": [
            0.12315624605133735,
            0.1231562460513409,
            0.7683639309278538,
            0.9943785050426568,
            0.994378505042671,
            0.9943785050426737
          ],
          "degeneracy_groups": [
            [
              0,
              1
            ],
            [
              2
            ],
            [
              3,
              4,
              5
            ],
            [
              6,
              7
            ]
          ],
          "gap_spectral": 0.12315624605133735,
          "gap_multiplet": 0.7683639309278538,
          "gap_ratio": 6.238935949765499,
          "multiplet_degeneracy": 1,
          "multiplet_me_sq_total": 13.09887124792766,
          "time_s": 0.04180002212524414
        },
        "8": {
          "n": 8,
          "dim": 6561,
          "gaps": [
            0.09188058687198186,
            0.09188058687198719,
            0.5710777189281462,
            0.7578987800591737,
            0.7578987800591808,
            0.7578987800592287
          ],
          "degeneracy_groups": [
            [
              0,
              1
            ],
            [
              2
            ],
            [
              3,
              4,
              5
            ],
            [
              6,
              7
            ]
          ],
          "gap_spectral": 0.09188058687198186,
          "gap_multiplet": 0.5710777189281462,
          "gap_ratio": 6.215433949326362,
          "multiplet_degeneracy": 1,
          "multiplet_me_sq_total": 14.644577515883057,
          "time_s": 0.3053779602050781
        },
        "10": {
          "n": 10,
          "dim": 59049,
          "gaps": [
            0.07329498553252378,
            0.07329498553260017,
            0.45387022935337384,
            0.6107011239270328,
            0.6107011239270594,
            0.6107011239271323
          ],
          "degeneracy_groups": [
            [
              0,
              1
            ],
            [
              2
            ],
            [
              3,
              4,
              5
            ],
            [
              6,
              7
            ]
          ],
          "gap_spectral": 0.07329498553252378,
          "gap_multiplet": 0.45387022935337384,
          "gap_ratio": 6.192377637512109,
          "multiplet_degeneracy": 1,
          "multiplet_me_sq_total": 15.910682674805079,
          "time_s": 3.640286684036255
        },
        "12": {
          "n": 12,
          "dim": 531441,
          "gaps": [
            0.060970386532829934,
            0.060970386532829934,
            0.3763702017172328,
            0.510841430273862,
            0.5108414302739472,
            0.5108414302740059
          ],
          "degeneracy_groups": [
            [
              0,
              1
            ],
            [
              2
            ],
            [
              3,
              4,
              5
            ],
            [
              6,
              7
            ]
          ],
          "gap_spectral": 0.060970386532829934,
          "gap_multiplet": 0.3763702017172328,
          "gap_ratio": 6.173000092669145,
          "multiplet_degeneracy": 1,
          "multiplet_me_sq_total": 17.01196602868508,
          "time_s": 44.83651065826416
        }
      }
    },
    "q4": {
      "q": 4,
      "g_c": 0.25,
      "sizes": {
        "6": {
          "n": 6,
          "dim": 4096,
          "gaps": [
            0.11553585473172667,
            0.11553585473176131,
            0.1155358547317622,
            0.6100015837438928,
            0.9125002156659905,
            0.9125002156660038,
            0.9125002156660171,
            0.9125002156660313
          ],
          "degeneracy_groups": [
            [
              0,
              1,
              2
            ],
            [
              3
            ],
            [
              4,
              5,
              6,
              7
            ],
            [
              8,
              9,
              10
            ]
          ],
          "gap_spectral": 0.11553585473172667,
          "gap_multiplet": 0.6100015837438928,
          "gap_ratio": 5.279759994508298,
          "multiplet_degeneracy": 1,
          "multiplet_me_sq_total": 29.496221663358057,
          "time_s": 0.24086332321166992
        },
        "8": {
          "n": 8,
          "dim": 65536,
          "gaps": [
            0.08577661057028507,
            0.08577661057034014,
            0.08577661057036501,
            0.4457489340229799,
            0.6946123204080319,
            0.6946123204080337,
            0.6946123204080372,
            0.6946123204080408
          ],
          "degeneracy_groups": [
            [
              0,
              1,
              2
            ],
            [
              3
            ],
            [
              4,
              5,
              6,
              7
            ],
            [
              8,
              9,
              10
            ]
          ],
          "gap_spectral": 0.08577661057028507,
          "gap_multiplet": 0.4457489340229799,
          "gap_ratio": 5.196625642578109,
          "multiplet_degeneracy": 1,
          "multiplet_me_sq_total": 35.01766779329751,
          "time_s": 4.9237449169158936
        },
        "10": {
          "n": 10,
          "dim": 1048576,
          "gaps": [
            0.0681902051987624,
            0.06819020519879082,
            0.06819020519886898,
            0.3500019577651692,
            0.5592348018138011,
            0.5592348018138544,
            0.559234801813858,
            0.5592348018138971
          ],
          "degeneracy_groups": [
            [
              0,
              1,
              2
            ],
            [
              3
            ],
            [
              4,
              5,
              6,
              7
            ],
            [
              8,
              9,
              10
            ]
          ],
          "gap_spectral": 0.0681902051987624,
          "gap_multiplet": 0.3500019577651692,
          "gap_ratio": 5.132730672168757,
          "multiplet_degeneracy": 1,
          "multiplet_me_sq_total": 40.069735716707434,
          "time_s": 115.76209545135498
        }
      }
    },
    "q5": {
      "q": 5,
      "g_c": 0.2,
      "sizes": {
        "6": {
          "n": 6,
          "dim": 15625,
          "gaps": [
            0.10844903056418431,
            0.10844903056420652,
            0.10844903056421717,
            0.10844903056421895,
            0.5029468370082109,
            0.8572305476508753,
            0.8572305476508779,
            0.8572305476508824,
            0.8572305476508921,
            0.8572305476509223
          ],
          "degeneracy_groups": [
            [
              0,
              1,
              2,
              3
            ],
            [
              4
            ],
            [
              5,
              6,
              7,
              8,
              9
            ],
            [
              10,
              11,
              12,
              13
            ]
          ],
          "gap_spectral": 0.10844903056418431,
          "gap_multiplet": 0.5029468370082109,
          "gap_ratio": 4.637633313933106,
          "multiplet_degeneracy": 1,
          "multiplet_me_sq_total": 54.143451680450816,
          "time_s": 1.228400468826294
        },
        "8": {
          "n": 8,
          "dim": 390625,