{
  "experiment": "094a_bw_nA_q2",
  "timestamp": "2026-04-02 10:07:33",
  "q": 2,
  "g_c": 0.5,
  "data": {
    "nA3": {
      "nA": 3,
      "n": 6,
      "dim": 64,
      "dimA": 8,
      "E0": -6.863703305156267,
      "R2": 0.9997070641029454,
      "one_minus_R2": 0.00029293589705459144,
      "alpha": 6.459186726346275,
      "time": 0.0032029151916503906
    },
    "nA4": {
      "nA": 4,
      "n": 8,
      "dim": 256,
      "dimA": 16,
      "E0": -9.125830895483006,
      "R2": 0.9994745327648583,
      "one_minus_R2": 0.0005254672351416856,
      "alpha": 6.549312393206464,
      "time": 0.01080322265625
    },
    "nA5": {
      "nA": 5,
      "n": 10,
      "dim": 1024,
      "dimA": 32,
      "E0": -11.392453221499643,
      "R2": 0.9899959651937498,
      "one_minus_R2": 0.010004034806250228,
      "alpha": 6.38833490601822,
      "time": 0.05996990203857422
    },
    "nA6": {
      "nA": 6,
      "n": 12,
      "dim": 4096,
      "dimA": 64,
      "E0": -13.661297575540365,
      "R2": 0.7598623686788284,
      "one_minus_R2": 0.2401376313211716,
      "alpha": 6.918349425819909,
      "time": 0.23497414588928223
    },
    "nA7": {
      "nA": 7,
      "n": 14,
      "dim": 16384,
      "dimA": 128,
      "E0": -15.931404270380476,
      "R2": 0.6376530961614201,
      "one_minus_R2": 0.3623469038385799,
      "alpha": 5.219244833228129,
      "time": 0.9221768379211426
    }
  },
  "fit": {
    "A": 2.2395584465806775e-05,
    "gamma": 5.004297679106883,
    "gamma_err": 1.532424779577537,
    "fit_R2": 0.923865533978147
  }
}