{
  "five_qubit_zero": {
    "n": 5,
    "noise": "amplitude_damping",
    "gamma_values": [
      0.0,
      0.0333,
      0.0667,
      0.1,
      0.1333,
      0.1667,
      0.2,
      0.2333,
      0.2667,
      0.3,
      0.3333,
      0.3667,
      0.4,
      0.4333,
      0.4667,
      0.5
    ],
    "fid_uncoded": [
      1.0,
      1.0,
      1.0,
      1.0,
      1.0,
      1.0,
      1.0,
      1.0,
      1.0,
      1.0,
      1.0,
      1.0,
      1.0,
      1.0,
      1.0,
      1.0
    ],
    "fid_coded": [
      1.0,
      0.997985,
      0.99221,
      0.983063,
      0.970914,
      0.956115,
      0.939,
      0.919883,
      0.899062,
      0.876813,
      0.853395,
      0.82905,
      0.804,
      0.778448,
      0.75258,
      0.726562
    ]
  },
  "five_qubit_one": {
    "n": 5,
    "noise": "amplitude_damping",
    "gamma_values": [
      0.0,
      0.0333,
      0.0667,
      0.1,
      0.1333,
      0.1667,
      0.2,
      0.2333,
      0.2667,
      0.3,
      0.3333,
      0.3667,
      0.4,
      0.4333,
      0.4667,
      0.5
    ],
    "fid_uncoded": [
      1.0,
      0.966667,
      0.933333,
      0.9,
      0.866667,
      0.833333,
      0.8,
      0.766667,
      0.733333,
      0.7,
      0.666667,
      0.633333,
      0.6,
      0.566667,
      0.533333,
      0.5
    ],
    "fid_coded": [
      1.0,
      0.997985,
      0.99221,
      0.983065,
      0.970924,
      0.956147,
      0.93908,
      0.920056,
      0.899399,
      0.87742,
      0.854424,
      0.830707,
      0.80656,
      0.782268,
      0.758113,
      0.734375
    ]
  },
  "steane_zero": {
    "n": 7,
    "noise": "amplitude_damping",
    "gamma_values": [
      0.0,
      0.0333,
      0.0667,
      0.1,
      0.1333,
      0.1667,
      0.2,
      0.2333,
      0.2667,
      0.3,
      0.3333,
      0.3667,
      0.4,
      0.4333,
      0.4667,
      0.5
    ],
    "fid_uncoded": [
      1.0,
      1.0,
      1.0,
      1.0,
      1.0,
      1.0,
      1.0,
      1.0,
      1.0,
      1.0,
      1.0,
      1.0,
      1.0,
      1.0,
      1.0,
      1.0
    ],
    "fid_coded": [
      1.0,
      0.997267,
      0.989725,
      0.978223,
      0.963471,
      0.946087,
      0.926638,
      0.90566,
      0.883694,
      0.8613,
      0.83908,
      0.817693,
      0.797861,
      0.780373,
      0.76607,
      0.755814
    ]
  },
  "steane_one": {
    "n": 7,
    "noise": "amplitude_damping",
    "gamma_values": [
      0.0,
      0.0333,
      0.0667,
      0.1,
      0.1333,
      0.1667,
      0.2,
      0.2333,
      0.2667,
      0.3,
      0.3333,
      0.3667,
      0.4,
      0.4333,
      0.4667,
      0.5
    ],
    "fid_uncoded": [
      1.0,
      0.966667,
      0.933333,
      0.9,
      0.866667,
      0.833333,
      0.8,
      0.766667,
      0.733333,
      0.7,
      0.666667,
      0.633333,
      0.6,
      0.566667,
      0.533333,
      0.5
    ],
    "fid_coded": [
      1.0,
      0.997293,
      0.989889,
      0.978633,
      0.964119,
      0.946749,
      0.92677,
      0.9043,
      0.879351,
      0.851844,
      0.821626,
      0.788489,
      0.752188,
      0.712479,
      0.669154,
      0.622093
    ]
  },
  "shor_zero": {
    "n": 9,
    "noise": "amplitude_damping",
    "gamma_values": [
      0.0,
      0.0333,
      0.0667,
      0.1,
      0.1333,
      0.1667,
      0.2,
      0.2333,
      0.2667,
      0.3,
      0.3333,
      0.3667,
      0.4,
      0.4333,
      0.4667,
      0.5
    ],
    "fid_uncoded": [
      1.0,
      1.0,
      1.0,
      1.0,
      1.0,
      1.0,
      1.0,
      1.0,
      1.0,
      1.0,
      1.0,
      1.0,
      1.0,
      1.0,
      1.0,
      1.0
    ],
    "fid_coded": [
      1.0,
      0.999999,
      0.999981,
      0.999901,
      0.999678,
      0.999186,
      0.998243,
      0.996603,
      0.993941,
      0.989853,
      0.98385,
      0.975379,
      0.963853,
      0.948708,
      0.929482,
      0.905908
    ]
  },
  "shor_one": {
    "n": 9,
    "noise": "amplitude_damping",
    "gamma_values": [
      0.0,
      0.0333,
      0.0667,
      0.1,
      0.1333,
      0.1667,
      0.2,
      0.2333,
      0.2667,
      0.3,
      0.3333,
      0.3667,
      0.4,
      0.4333,
      0.4667,
      0.5
    ],
    "fid_uncoded": [
      1.0,
      0.966667,
      0.933333,
      0.9,
      0.866667,
      0.833333,
      0.8,
      0.766667,
      0.733333,
      0.7,
      0.666667,
      0.633333,
      0.6,
      0.566667,
      0.533333,
      0.5
    ],
    "fid_coded": [
      1.0,
      0.999999,
      0.999981,
      0.999901,
      0.999678,
      0.999186,
      0.998243,
      0.996603,
      0.993941,
      0.989853,
      0.98385,
      0.975379,
      0.963853,
      0.948708,
      0.929482,
      0.905908
    ]
  }
}