{
  "q7": {
    "n=4": {
      "q": 7,
      "n": 4,
      "dim": 2401,
      "g_c": 0.535,
      "me_0_Z_sigma": 0.6255777849097955,
      "C_sigma_sigma_epsilon": 0.23543630906951882,
      "R_epsilon": 7.804064881993733,
      "ope": {
        "I": {
          "R": 0.0,
          "k": 0,
          "C": 1.0
        },
        "L3": {
          "R": 3.2676176735112468,
          "k": 0,
          "C": 0.7252256077762267
        },
        "L4": {
          "R": 3.2676176735115834,
          "k": 0,
          "C": 0.7252256077762423
        },
        "eps": {
          "R": 7.804064881993733,
          "k": 0,
          "C": 0.23543630906951882
        },
        "sigma2_eps": {
          "C": 0.46394906534828195,
          "R": 3.2676176735112468
        },
        "sigma3_eps": {
          "C": 0.5431582142977518,
          "R": 5.6409829714774355
        }
      },
      "time_s": 0.18
    },
    "n=6": {
      "q": 7,
      "n": 6,
      "dim": 117649,
      "g_c": 0.535,
      "me_0_Z_sigma": 0.5963637860160285,
      "C_sigma_sigma_epsilon": 0.24752359427677842,
      "R_epsilon": 8.071614434990641,
      "ope": {
        "I": {
          "R": 0.0,
          "k": 0,
          "C": 1.0
        },
        "L3": {
          "R": 3.322569263441896,
          "k": 0,
          "C": 0.7275192530369655
        },
        "L4": {
          "R": 3.3225692634429564,
          "k": 0,
          "C": 0.727519253037043
        },
        "eps": {
          "R": 8.071614434990641,
          "k": 0,
          "C": 0.24752359427677842
        },
        "sigma2_eps": {
          "C": 0.49746187987180146,
          "R": 3.3225692634429564
        },
        "sigma3_eps": {
          "C": 0.6161868699375135,
          "R": 5.948357528464823
        }
      },
      "time_s": 7.0
    }
  },
  "q10": {
    "n=4": {
      "q": 10,
      "n": 4,
      "dim": 10000,
      "g_c": 0.684,
      "me_0_Z_sigma": 0.631447132295261,
      "C_sigma_sigma_epsilon": 1.9351307523629718e-14,
      "R_epsilon": 7.692640866713531,
      "ope": {
        "I": {
          "R": 0.0,
          "k": 0,
          "C": 1.0
        },
        "L3": {
          "R": 3.6590218100050804,
          "k": 0,
          "C": 0.7178725634932481
        },
        "L4": {
          "R": 3.6590218100058145,
          "k": 0,
          "C": 0.7178725634932444
        },
        "L7": {
          "R": 8.344920737358024,
          "k": 0,
          "C": 0.18432927673447033
        },
        "sigma2_eps": {
          "C": 2.5175889750632316e-14,
          "R": 3.6590218100058145
        },
        "sigma3_eps": {
          "C": 2.2681790817149212e-14,
          "R": 7.692640866713531
        }
      },
      "time_s": 0.45
    },
    "n=6": {
      "q": 10,
      "n": 6,
      "dim": 1000000,
      "g_c": 0.684,
      "me_0_Z_sigma": 0.6022535353088356,
      "C_sigma_sigma_epsilon": 8.555473480791879e-14,
      "R_epsilon": 7.861800391802221,
      "ope": {
        "I": {
          "R": 0.0,
          "k": 0,
          "C": 1.0
        },
        "L3": {
          "R": 3.68457856312381,
          "k": 0,
          "C": 0.7186068340868161
        },
        "L4": {
          "R": 3.684578563124604,
          "k": 0,
          "C": 0.7186068340868411
        },
        "L7": {
          "R": 8.955897555928306,
          "k": 0,
          "C": 0.19354964579930817
        },
        "sigma2_eps": {
          "C": 1.945588035824961e-13,
          "R": 3.68457856312381
        },
        "sigma3_eps": {
          "C": 4.636840480214512e-13,
          "R": 7.861800391802221
        }
      },
      "time_s": 56.12
    }
  }
}