{
  "harmonic_fraction_k2": {
    "q=4,k=2": 0.42,
    "q=5,k=2": 0.6025,
    "q=7,k=2": 0.83,
    "q=7,k=3": 0.6611111111111111,
    "q=10,k=2": 0.915,
    "q=10,k=3": 0.8544444444444445,
    "q=15,k=2": 0.98125,
    "q=15,k=3": 0.9647777777777777,
    "q=15,k=4": 0.94625,
    "q=20,k=2": 0.9935,
    "q=20,k=3": 0.9869999999999999,
    "q=20,k=4": 0.979375,
    "q=25,k=2": 0.99725,
    "q=25,k=3": 0.994,
    "q=25,k=4": 0.9899375,
    "q=25,k=5": 0.985,
    "q=30,k=2": 0.9985,
    "q=30,k=3": 0.9966666666666667,
    "q=30,k=4": 0.9941875,
    "q=30,k=5": 0.9910800000000001
  },
  "R_epsilon_n4": {
    "2": 7.696,
    "3": 6.254,
    "4": 6.437,
    "5": 6.976,
    "7": 7.804,
    "10": 8.345,
    "15": 13.656,
    "20": 17.748,
    "25": 21.908,
    "30": 26.108
  },
  "C_sse_n4": {
    "2": 0.4802,
    "3": 0.4781,
    "4": 0.3964,
    "5": 0.3224,
    "7": 0.2354,
    "10": 0.1843,
    "15": 0.0932,
    "20": 0.0633,
    "25": 0.0473,
    "30": 0.0375
  },
  "C_sse_best": {
    "2": 0.503,
    "3": 0.54,
    "4": 0.464,
    "5": 0.376,
    "7": 0.272,
    "10": 0.21
  },
  "x1_best": {
    "2": 0.1246,
    "3": 0.1337,
    "4": 0.1172,
    "5": 0.1015,
    "7": 0.086,
    "10": 0.0831
  },
  "c_best": {
    "2": 0.5,
    "3": 0.8,
    "4": 1.0,
    "5": 1.1,
    "7": 1.3,
    "10": 1.4
  },
  "power_law_C_sse_n4_exponent": -1.1927182645337309,
  "power_law_x1_exponent": -0.286636294868181,
  "power_law_cx1_exponent": 0.9389044541959962,
  "desc_gap_x1_approx": {
    "15": 0.0708918190840777,
    "20": 0.05539245554755442,
    "25": 0.045372050816696916,
    "30": 0.03837151298875715
  },
  "gc_predictions": {
    "15": 0.7983314773547884,
    "20": 0.9217797887081349,
    "25": 1.0297958971132712,
    "30": 1.1270329614269008,
    "50": 1.4500000000000002
  },
  "c_predictions": {
    "15": 1.6056229318461035,
    "20": 1.7277755916665762,
    "25": 1.8212215321391785,
    "30": 1.8969183319945897,
    "50": 2.1067281192442504
  }
}