{
  "sprint": "046f",
  "description": "q=4 Potts constrained collapse and slope analysis",
  "constrained_collapse": {
    "0.7": {
      "nu": 1.0655347873785457,
      "quality": 0.0006966905809635582
    },
    "0.75": {
      "nu": 0.8184509700384602,
      "quality": 0.0012242133896869822
    },
    "0.8": {
      "nu": 0.7438409481274293,
      "quality": 0.002507028860716997
    },
    "0.85": {
      "nu": 1.3715941773958074,
      "quality": 0.004418871282959263
    },
    "0.89": {
      "nu": 10.399994039139017,
      "quality": 0.0052178247522386605
    },
    "0.9": {
      "nu": 10.399994039139017,
      "quality": 0.005273806561362613
    },
    "0.95": {
      "nu": 10.399994039139017,
      "quality": 0.005557975169749428
    },
    "1.0": {
      "nu": 10.399994039139017,
      "quality": 0.005848997526680028
    }
  }
}