{
  "experiment": "099a_casimir_dense",
  "timestamp": "2026-04-02 13:10:00",
  "description": "Dense Casimir scan at all integer N for oscillation detection",
  "data": {
    "2": {
      "q": 2,
      "gc": 0.5,
      "rec": 0.5,
      "imc": 0.0,
      "sizes": [
        4,
        5,
        6,
        7,
        8,
        9,
        10,
        11,
        12,
        13,
        14
      ],
      "E0_per_N": [
        -1.1532814824381885,
        -1.1472135954999574,
        -1.1439505508593795,
        -1.1419941724907012,
        -1.1407288619353766,
        -1.1398633870159582,
        -1.139245322149967,
        -1.1387885621211167,
        -1.1384414646283656,
        -1.1381715238891343,
        -1.1379574478843204
      ],
      "E0_raw": [
        -4.613125929752754,
        -5.736067977499787,
        -6.863703305156276,
        -7.993959207434909,
        -9.125830895483013,
        -10.258770483143625,
        -11.39245322149967,
        -12.526674183332284,
        -13.661297575540388,
        -14.796229810558746,
        -15.931404270380485
      ],
      "gaps": [
        0.19891236737966,
        0.15838444032453136,
        0.13165249758739783,
        0.11267293990010163,
        0.09849140335716555,
        0.08748866352591733,
        0.07870170682465272,
        0.07152141155877878,
        0.06554346281520473,
        0.06048885606026566,
        0.056158795410741646
      ],
      "gap_N": [
        0.79564946951864,
        0.7919222016226568,
        0.789914985524387,
        0.7887105793007114,
        0.7879312268573244,
        0.787397971733256,
        0.7870170682465272,
        0.7867355271465666,
        0.7865215537824568,
        0.7863551287834536,
        0.786223135750383
      ],
      "fit_3param": {
        "eps_inf": -1.1366200555011783,
        "slope2": -0.26175005667696294,
        "slope4": -0.07731188826281787,
        "vc": 0.499905784496669,
        "v_last": 1.0173276294949896,
        "c_implied": 0.491391140870544,
        "c_over_rec": 0.982782281741088,
        "R2": 0.9999999997428233
      },
      "residuals_3param": [
        -4.883117332710185e-08,
        1.612895199620823e-07,
        -6.215737036185942e-09,
        -7.922799283299753e-08,
        -8.682590024733372e-08,
        -6.578103550758385e-08,
        -3.48931927796059e-08,
        -2.5050435059625897e-09,
        2.798940923476323e-08,
        5.541956715759966e-08,
        7.958158465548593e-08
      ],
      "pairwise": [
        {
          "pair": "(4,5)",
          "vc": 0.5150582401825226,
          "c_implied": 0.5026420301544094,
          "c_over_rec": 1.005284060308819
        },
        {
          "pair": "(5,6)",
          "vc": 0.5098873261851743,
          "c_implied": 0.498860185759697,
          "c_over_rec": 0.997720371519394
        },
        {
          "pair": "(6,7)",
          "vc": 0.507001750074613,
          "c_implied": 0.4967944918422796,
          "c_over_rec": 0.9935889836845592
        },
        {
          "pair": "(7,8)",
          "vc": 0.5052232213446199,
          "c_implied": 0.49554143128041267,
          "c_over_rec": 0.9910828625608253
        },
        {
          "pair": "(8,9)",
          "vc": 0.504048046773311,
          "c_implied": 0.4947235954636125,
          "c_over_rec": 0.989447190927225
        },
        {
          "pair": "(9,10)",
          "vc": 0.503230380915092,
          "c_implied": 0.4941601054879581,
          "c_over_rec": 0.9883202109759162
        },
        {
          "pair": "(10,11)",
          "vc": 0.5026382619541245,
          "c_implied": 0.49375529095054327,
          "c_over_rec": 0.9875105819010865
        },
        {
          "pair": "(11,12)",
          "vc": 0.5021955737988232,
          "c_implied": 0.4934546342184849,
          "c_over_rec": 0.9869092684369698
        },
        {
          "pair": "(12,13)",
          "vc": 0.5018558588052732,
          "c_implied": 0.4932251967113223,
          "c_over_rec": 0.9864503934226446
        },
        {
          "pair": "(13,14)",
          "vc": 0.5015894353496186,
          "c_implied": 0.4930461149458922,
          "c_over_rec": 0.9860922298917844
        }
      ],
      "sign_changes": 3
    },
    "5": {
      "q": 5,
      "gc": 0.2,
      "rec": 1.138,
      "imc": 0.021,
      "sizes": [
        4,
        5,
        6,
        7,
        8,
        9,
        10
      ],
      "E0_per_N": [
        -1.1528218732219275,
        -1.1424284771852626,
        -1.1368702830855186,
        -1.133550397615597,
        -1.1314091807235103,
        -1.1299477383393428,
        -1.1289058865954336
      ],
      "E0_raw": [
        -4.61128749288771,
        -5.712142385926313,
        -6.821221698513112,
        -7.934852783309179,
        -9.051273445788082,
        -10.169529645054086,
        -11.289058865954335
      ],
      "gaps": [
        0.16782672694194112,
        0.13181819770939107,
        0.10844903056419852,
        0.0920542087934253,
        0.07991833586749664,
        0.07057466768323373,
        0.06316075821822587
      ],
      "gap_N": [
        0.6713069077677645,
        0.6590909885469554,
        0.6506941833851911,
        0.6443794615539771,
        0.6393466869399731,
        0.6351720091491035,
        0.6316075821822587
      ],
      "fit_3param": {
        "eps_inf": -1.124482825886752,
        "slope2": -0.4399958876862877,
        "slope4": -0.2149824899144963,
        "vc": 0.8403302455845492,
        "v_last": 0.7391431529310808,
        "c_implied": 1.1368978285900502,
        "c_over_rec": 0.9990314838225398,
        "R2": 0.9999999775694512
      },
      "residuals_3param": [
        4.7099644606696245e-07,
        -1.8438071958115643e-06,
        5.323433791559751e-07,
        1.4749127805746554e-06,
        1.0668677918879155e-06,
        -9.773036802052104e-08,
        -1.6035828271920849e-06
      ],
      "pairwise": [
        {
          "pair": "(4,5)",
          "vc": 0.8822188558650301,
          "c_implied": 1.14379906916153,
          "c_over_rec": 1.0050958428484449
        },
        {
          "pair": "(5,6)",
          "vc": 0.8685301735359482,
          "c_implied": 1.1405826552291365,
          "c_over_rec": 1.0022694685669038
        },
        {
          "pair": "(6,7)",
          "vc": 0.8603590032713164,
          "c_implied": 1.1409242075927981,
          "c_over_rec": 1.0025696024541284
        },
        {
          "pair": "(7,8)",
          "vc": 0.8549620417415987,
          "c_implied": 1.1426920114071293,
          "c_over_rec": 1.0041230328709396
        },
        {
          "pair": "(8,9)",
          "vc": 0.8511363676562671,
          "c_implied": 1.1450555947020336,
          "c_over_rec": 1.0061999953444936
        },
        {
          "pair": "(9,10)",
          "vc": 0.8482790056406881,
          "c_implied": 1.1476518483284703,
          "c_over_rec": 1.0084814132939108
        }
      ],
      "sign_changes": 3
    },
    "7": {
      "q": 7,
      "gc": 0.14285714285714285,
      "rec": 1.351,
      "imc": 0.029,
      "sizes": [
        4,
        5,
        6,
        7,
        8
      ],
      "E0_per_N": [
        -1.1328261683020069,
        -1.1217666112319808,
        -1.115889362944693,
        -1.1123973254893493,
        -1.1101554594305092
      ],
      "E0_raw": [
        -4.5313046732080275,
        -5.608833056159904,
        -6.695336177668159,
        -7.786781278425446,
        -8.881243675444074
      ],
      "gaps": [
        0.1519214438164349,
        0.1175329339519795,
        0.09541241335344264,
        0.08000479347737866,
        0.06866916313418514
      ],
      "gap_N": [
        0.6076857752657396,
        0.5876646697598975,
        0.5724744801206558,
        0.5600335543416506,
        0.5493533050734811
      ],
      "fit_3param": {
        "eps_inf": -1.1029144829138395,
        "slope2": -0.4580978231680073,
        "slope4": -0.32800122184971836,