{
  "experiment": "077b_tower_q7",
  "timestamp": "2026-04-02 03:52:04",
  "q": 7,
  "sq_potts": {
    "4": {
      "evals": [
        -4.547336267930613,
        -4.387109343240906,
        -4.3871093432408985,
        -4.387109343240894,
        -4.38710934324089,
        -4.387109343240884,
        -4.387109343240867,
        -3.924228014735777,
        -3.4165505785008605,
        -3.416550578500856,
        -3.4165505785008508,
        -3.4165505785008476,
        -3.4165505785008423,
        -3.4165505785008423,
        -3.416550578500836,
        -3.3808208524075076
      ],
      "gap": 0.16022692468970767,
      "gap_N": 0.6409076987588307,
      "ratios": [
        1.0,
        1.0000000000000444,
        1.0000000000000722,
        1.0000000000000997,
        1.000000000000133,
        1.0000000000002383,
        3.888911020426409,
        7.057401192837036,
        7.057401192837063,
        7.057401192837096,
        7.057401192837116,
        7.057401192837149,
        7.057401192837149,
        7.057401192837188,
        7.280395712406992
      ],
      "deg_pattern": [
        {
          "R": 1.0,
          "degeneracy": 6
        },
        {
          "R": 3.888911020426409,
          "degeneracy": 1
        },
        {
          "R": 7.057401192837036,
          "degeneracy": 7
        },
        {
          "R": 7.280395712406992,
          "degeneracy": 1
        }
      ],
      "time_s": 0.04659748077392578
    },
    "6": {
      "evals": [
        -6.719181167121152,
        -6.613446512261634,
        -6.613446512261628,
        -6.6134465122616115,
        -6.613446512261593,
        -6.613446512261582,
        -6.613446512261578,
        -6.351550399717369,
        -5.942306790380582,
        -5.942306790380571,
        -5.94230679038056,
        -5.942306790380553,
        -5.9423067903805515,
        -5.9337143530505285,
        -5.933714353050513,
        -5.9337143530505125
      ],
      "gap": 0.1057346548595186,
      "gap_N": 0.6344079291571116,
      "ratios": [
        1.0,
        1.0000000000000504,
        1.00000000000021,
        1.0000000000003864,
        1.0000000000004872,
        1.0000000000005291,
        3.4769184038310397,
        7.347395967506992,
        7.347395967507093,
        7.347395967507193,
        7.347395967507261,
        7.3473959675072775,
        7.428660122021605,
        7.428660122021748,
        7.428660122021756
      ],
      "deg_pattern": [
        {
          "R": 1.0,
          "degeneracy": 6
        },
        {
          "R": 3.4769184038310397,
          "degeneracy": 1
        },
        {
          "R": 7.347395967506992,
          "degeneracy": 8
        }
      ],
      "time_s": 3.0364582538604736
    }
  },
  "hybrid": {
    "4": {
      "evals": [
        -5.476356515396455,
        -5.391868559064809,
        -5.3918685590647915,
        -5.200282176088216,
        -5.200282176088211,
        -4.999761392434583,
        -4.999761392434558,
        -4.817007022437021,
        -4.684363264313496,
        -4.684363264313488,
        -4.684363264313488,
        -4.6843632643134745,
        -4.505447838306155,
        -4.505447838306128,
        -4.474976588688606,
        -4.474976588688593
      ],
      "gap": 0.08448795633164607,
      "gap_N": 0.3379518253265843,
      "ratios": [
        1.0,
        1.0000000000002103,
        3.267617673512507,
        3.26761767351256,
        5.640982971478946,
        5.640982971479241,
        7.804064881996275,
        9.374037264839226,
        9.37403726483932,
        9.37403726483932,
        9.374037264839478,
        11.491681409349386,
        11.491681409349711,
        11.852339317772907,
        11.852339317773064
      ],
      "deg_pattern": [
        {
          "R": 1.0,
          "degeneracy": 2
        },
        {
          "R": 3.267617673512507,
          "degeneracy": 2
        },
        {
          "R": 5.640982971478946,
          "degeneracy": 2
        },
        {
          "R": 7.804064881996275,
          "degeneracy": 1
        },
        {
          "R": 9.374037264839226,
          "degeneracy": 4
        },
        {
          "R": 11.491681409349386,
          "degeneracy": 2
        },
        {
          "R": 11.852339317772907,
          "degeneracy": 2
        }
      ],
      "time_s": 0.044509172439575195
    },
    "6": {
      "evals": [
        -8.123410211409032,
        -8.06393956072306,
        -8.06393956072294,
        -7.925814855362372,
        -7.925814855362333,
        -7.769657518677462,
        -7.76965751867743,
        -7.643386048872486,
        -7.553292137494734,
        -7.553292137494661,
        -7.553292137494626,
        -7.46434450318842,
        -7.464344503188402,
        -7.410814794763772,
        -7.410814794763745,
        -7.350637663256143
      ],
      "gap": 0.059470650685971904,
      "gap_N": 0.3568239041158314,
      "ratios": [
        1.0,
        1.000000000002031,
        3.322569263451319,
        3.322569263451976,
        5.948357528481088,
        5.948357528481625,
        8.071614435013666,
        9.58654508296442,
        9.586545082965644,
        9.586545082966227,
        11.082201062516273,
        11.082201062516587,
        11.982304017624426,
        11.98230401762489,
        12.994183504623614
      ],
      "deg_pattern": [
        {
          "R": 1.0,
          "degeneracy": 2
        },
        {
          "R": 3.322569263451319,
          "degeneracy": 2
        },
        {
          "R": 5.948357528481088,
          "degeneracy": 2
        },
        {
          "R": 8.071614435013666,
          "degeneracy": 1
        },
        {
          "R": 9.58654508296442,
          "degeneracy": 3
        },
        {
          "R": 11.082201062516273,
          "degeneracy": 2
        },
        {
          "R": 11.982304017624426,
          "degeneracy": 2
        },
        {
          "R": 12.994183504623614,
          "degeneracy": 1
        }
      ],
      "time_s": 2.2518768310546875
    }
  }
}