{
  "XX": {
    "params": {
      "Delta": 0.0,
      "J2": 0.0,
      "v_exact": 1.0
    },
    "label": "XX (\u0394=0)",
    "sizes": [
      8,
      10,
      12,
      14,
      16,
      18,
      20
    ],
    "energies": {
      "8": -2.6131259297527554,
      "10": -3.2360679774997942,
      "12": -3.8637033051562755,
      "14": -4.493959207434939,
      "16": -5.1258308954830305,
      "18": -5.75877048314364,
      "20": -6.392453221499669
    },
    "entropies": {
      "8": 1.0437380304709079,
      "10": 1.1158955065986678,
      "12": 1.1754758215304655,
      "14": 1.2261438078419404,
      "16": 1.2701913309969826,
      "18": 1.309135597082096,
      "20": 1.3440295148374017
    },
    "gaps": {
      "8": 0.7653668647301801,
      "10": 0.6180339887498971,
      "12": 0.5176380902050464,
      "14": 0.4450418679126278,
      "16": 0.3901806440322648,
      "18": 0.34729635533382996,
      "20": 0.31286893008046945
    },
    "v_use": 1.0,
    "pairwise_ceff": [
      [
        8,
        10,
        0.9701038954895166
      ],
      [
        10,
        12,
        0.9803610057882077
      ],
      [
        12,
        14,
        0.986073879821749
      ],
      [
        14,
        16,
        0.9895992760046962
      ],
      [
        16,
        18,
        0.9919323067558256
      ],
      [
        18,
        20,
        0.9935577157375227
      ]
    ],
    "pairwise_ccas": [
      [
        8,
        10,
        1.0301164803648568
      ],
      [
        10,
        12,
        1.019774652370869
      ],
      [
        12,
        14,
        1.0140035001468668
      ],
      [
        14,
        16,
        1.0104464426909243
      ],
      [
        16,
        18,
        1.0080960935471395
      ],
      [
        18,
        20,
        1.0064607618332575
      ]
    ],
    "pairwise_vc": [
      [
        8,
        10,
        1.0301164803648568
      ],
      [
        10,
        12,
        1.019774652370869
      ],
      [
        12,
        14,
        1.0140035001468668
      ],
      [
        14,
        16,
        1.0104464426909243
      ],
      [
        16,
        18,
        1.0080960935471395
      ],
      [
        18,
        20,
        1.0064607618332575
      ]
    ]
  },
  "Heisenberg": {
    "params": {
      "Delta": 1.0,
      "J2": 0.0,
      "v_exact": 1.5707963267948966
    },
    "label": "Heisenberg (\u0394=1)",
    "sizes": [
      8,
      10,
      12,
      14,
      16,
      18,
      20
    ],
    "energies": {
      "8": -3.6510934089371783,
      "10": -4.515446354492032,
      "12": -5.387390917445222,
      "14": -6.263549533547032,
      "16": -7.142296360616771,
      "18": -8.022749087033716,
      "20": -8.904386529876437
    },
    "entropies": {
      "8": 1.051165876614662,
      "10": 1.1241023052731096,
      "12": 1.1842237418012964,
      "14": 1.235292241194491,
      "16": 1.2796494538770433,
      "18": 1.3188414406802689,
      "20": 1.3539386944598455
    },
    "gaps": {
      "8": 0.5226743450926037,
      "10": 0.42323900775337453,
      "12": 0.355847513702777,
      "14": 0.3071057095683969,
      "16": 0.2701896822503267,
      "18": 0.24124944989057617,
      "20": 0.21794554368950791
    },
    "v_use": 1.5707963267948966,
    "pairwise_ceff": [
      [
        8,
        10,
        0.9805763361148443
      ],
      [
        10,
        12,
        0.9892648612494784
      ],
      [
        12,
        14,
        0.9938684561836933
      ],
      [
        14,
        16,
        0.9965569551262099
      ],
      [
        16,
        18,
        0.9982418924291363
      ],
      [
        18,
        20,
        0.9993474375228024
      ]
    ],
    "pairwise_ccas": [
      [
        8,
        10,
        1.0466160890035843
      ],
      [
        10,
        12,
        1.0327479294123028
      ],
      [
        12,
        14,
        1.0247681767929753
      ],
      [
        14,
        16,
        1.019699256290609
      ],
      [
        16,
        18,
        1.0162492140075454
      ],
      [
        18,
        20,
        1.013777843913716
      ]
    ],
    "pairwise_vc": [
      [
        8,
        10,
        1.6440207081712706
      ],
      [
        10,
        12,
        1.6222366540258801
      ],
      [
        12,
        14,
        1.6097020879227089
      ],
      [
        14,
        16,
        1.6017398462167765
      ],
      [
        16,
        18,
        1.596320532471253
      ],
      [
        18,
        20,
        1.592438513405715
      ]
    ]
  },
  "BKT": {
    "params": {
      "Delta": 1.0,
      "J2": 0.2412,
      "v_exact": null
    },
    "label": "J1-J2 BKT (J2=0.2412)",
    "sizes": [
      8,
      10,
      12,
      14,
      16,
      18,
      20
    ],
    "energies": {
      "8": -3.2928957649179784,
      "10": -4.081164780710037,
      "12": -4.874679930647032,
      "14": -5.671178149152527,
      "16": -6.46953292880158,
      "18": -7.269121572005089,
      "20": -8.069571958309881
    },
    "entropies": {
      "8": 1.0588161686777517,
      "10": 1.1319488176728667,
      "12": 1.1920098970657127,
      "14": 1.242987598331942,
      "16": 1.2872272968767755,
      "18": 1.3263079078229518,
      "20": 1.3612973280811285
    },
    "gaps": {
      "8": 0.46875527376911963,
      "10": 0.37275558918908747,
      "12": 0.30961745402322016,
      "14": 0.26486532243911753,
      "16": 0.23146202226321932,
      "18": 0.20556448791064152,
      "20": 0.18489261474890384
    },
    "v_use": 1.177303338778494,
    "pairwise_ceff": [
      [
        8,
        10,
        0.9832143734075887
      ],
      [
        10,
        12,
        0.9882717180951172
      ],
      [
        12,
        14,
        0.9921013904710981
      ],
      [
        14,
        16,
        0.9939168088188347
      ],
      [
        16,
        18,
        0.9954050868629895
      ],
      [
        18,
        20,
        0.9962770219863926
      ]
    ],
    "pairwise_ccas": [
      [
        8,
        10,
        1.0080889523089156
      ],
      [
        10,
        12,
        1.005096966068422
      ],
      [
        12,
        14,
        1.0030401155174573
      ],
      [
        14,
        16,
        1.0016532340627249
      ],
      [
        16,
        18,
        1.0006905749873662
      ],
      [
        18,
        20,
        1.0
      ]
    ],
    "pairwise_vc": [
      [
        8,
        10,
        1.1868264893390001
      ],
      [
        10,
        12,
        1.1833040139484878
      ],
      [
        12,
        14,
        1.1808824769274688
      ],
      [
        14,
        16,
        1.1792496967603223
      ],
      [
        16,
        18,
        1.178116355016797
      ],
      [
        18,
        20,
        1.177303338778494
      ]
    ]
  }
}