{
  "experiment": "032a",
  "description": "TFIM entanglement Hamiltonian at criticality - BW test",
  "parameters": {
    "n": 8,
    "n_A": 4,
    "h_over_J": 1.0
  },
  "ground_state_energy": -9.837951447459416,
  "energy_gap": 0.36907343785321345,
  "entanglement_entropy_bits": 0.5152749590579357,
  "H_E_frobenius_norm": 103.20483529004916,
  "n_nonzero_pauli_terms": 136,
  "top_20_pauli_terms": {
    "IIII": 22.8591601333203,
    "ZZII": -6.092477489303825,
    "XIII": -6.051486782183305,
    "IXII": -5.2440941113974215,
    "IZZI": -3.8591883327339893,
    "IIXI": -2.8801465406936724,
    "IIZZ": -2.1270282775057723,
    "XXII": -1.5963455729341804,
    "XZZI": -1.4718499421458313,
    "ZIZI": -1.4336022522810679,
    "XIXI": -1.1335086233553882,
    "IIIX": -1.0563075504500854,
    "ZZXI": -1.0306384073047554,
    "IXXI": -0.863789911500578,
    "XIZZ": -0.667833813503586,
    "ZZZZ": -0.5842756968131226,
    "YYII": -0.5549159665612852,
    "ZXZI": 0.543494221688575,
    "XXXI": 0.5331787636341053,
    "IXZZ": -0.5150859344271147
  },
  "weight_distribution": {
    "0": 522.5412020007802,
    "1": 73.53204506135904,
    "2": 64.05075363576125,
    "3": 4.970610270840883,
    "4": 0.6077657341445907
  },
  "tfim_terms_fraction": 0.19538447728523683,
  "bw_fidelity": 0.65001700935405,
  "bw_optimal_rescaling": 10.586281545196575,
  "bw_residual_fraction": 0.7599196586155783,
  "bw_variance_captured": 0.42252211244958293,
  "zz_bond_coeffs": {
    "bond_0_1": 6.092477489303825,
    "bond_1_2": 3.8591883327339893,
    "bond_2_3": 2.1270282775057723
  },
  "x_site_coeffs": {
    "site_0": 6.051486782183305,
    "site_1": 5.2440941113974215,
    "site_2": 2.8801465406936724,
    "site_3": 1.0563075504500854
  },
  "bw_zz_predictions": {
    "bond_0_1": 0.15027943247108658,
    "bond_1_2": 0.2776801836348979,
    "bond_2_3": 0.36280664401742885
  },
  "bw_x_predictions": {
    "site_0": 0.07661179030404194,
    "site_1": 0.21817192032594396,
    "site_2": 0.3265173532116037,
    "site_3": 0.38515347895797425
  },
  "ratio_mean": 24.984360787860503,
  "ratio_cv": 1.0039265400949122,
  "top_10_residual_terms": {
    "XIII": -5.2404528003431565,
    "ZZII": -4.501577106712546,
    "IIIX": 3.0210356159109746,
    "IXII": -2.9344647375707833,
    "IIZZ": 1.7137450025306378,
    "XXII": -1.5963455729341804,
    "XZZI": -1.4718499421458313,
    "ZIZI": -1.4336022522810679,
    "XIXI": -1.1335086233553882,
    "ZZXI": -1.0306384073047554
  },
  "residual_weight_distribution": {
    "0": 0.0,
    "1": 45.532388970784616,
    "2": 31.561647770438142,
    "3": 4.970610270840884,
    "4": 0.6077657341445907
  },
  "runtime_seconds": 0.04736948013305664
}