{
  "experiment": "080c_walking_boundary",
  "timestamp": "2026-04-02 05:43:29",
  "data": {
    "3": {
      "Re_c": 0.7999999999999999,
      "c_n6": 0.8921496315332059,
      "c_n8": 0.8941538414573869,
      "c_best": 0.8933215671941603,
      "n_best": 24
    },
    "5": {
      "Re_c": 1.137547336647226,
      "c_n6": 1.1331130281173718,
      "c_n8": 1.1408892916847702,
      "c_best": 1.1470298203503198,
      "n_best": 20
    },
    "6": {
      "c_n6": 1.145905243241107,
      "c_n8": 1.147312445495729,
      "c_best": 1.147312445495729,
      "n_best": 8,
      "Re_c": 1.2525009147089168
    },
    "7": {
      "c_n6": 1.120572302455932,
      "c_n8": 1.1107646635994477,
      "c_best": 1.059185055126439,
      "n_best": 12,
      "Re_c": 1.3512522747656739
    },
    "8": {
      "c_n6": 1.0724570860399403,
      "c_n8": null,
      "c_best": 1.0615212688318585,
      "n_best": 7,
      "Re_c": 1.4377917398838593
    },
    "9": {
      "c_n6": 1.0118953753539275,
      "c_n8": null,
      "c_best": 1.0118953753539275,
      "n_best": 6,
      "Re_c": 1.514785649099948
    },
    "10": {
      "c_n6": 0.9457075022770669,
      "c_n8": null,
      "c_best": 0.9457075022770669,
      "n_best": 6,
      "Re_c": 1.5841074666315276
    }
  },
  "key_finding": "Walking boundary between q=5 (ratio 1.00) and q=6 (ratio 0.92). Smooth degradation, no sharp transition."
}