{
  "experiment": "109b_q4_q2_extend",
  "sprint": 109,
  "timestamp": "2026-04-02 19:18:40",
  "data": {
    "q2_n4": {
      "n": 4,
      "dim": 16,
      "q": 2,
      "gap_multiplet": 1.5307337294603593,
      "gap_spectral": 0.19891236737966,
      "me_sq": 3.414213562373095,
      "chi_F": 0.3642766952966367,
      "dominant_fraction": 1.0,
      "E0": -4.613125929752753,
      "time_s": 0.0
    },
    "q2_n5": {
      "n": 5,
      "dim": 32,
      "q": 2,
      "gap_multiplet": 1.2360679774997845,
      "gap_spectral": 0.15838444032453491,
      "me_sq": 3.6180339887498905,
      "chi_F": 0.4736067977499824,
      "dominant_fraction": 1.0,
      "E0": -5.736067977499789,
      "time_s": 0.0
    },
    "q2_n6": {
      "n": 6,
      "dim": 64,
      "q": 2,
      "gap_multiplet": 1.03527618041005,
      "gap_spectral": 0.13165249758738184,
      "me_sq": 3.732050807568887,
      "chi_F": 0.580341801261518,
      "dominant_fraction": 1.0,
      "E0": -6.863703305156264,
      "time_s": 0.0
    },
    "q2_n7": {
      "n": 7,
      "dim": 128,
      "q": 2,
      "gap_multiplet": 0.8900837358252129,
      "gap_spectral": 0.11267293990009719,
      "me_sq": 3.8019377358048385,
      "chi_F": 0.6855596199318267,
      "dominant_fraction": 1.0,
      "E0": -7.993959207434906,
      "time_s": 0.0
    },
    "q2_n8": {
      "n": 8,
      "dim": 256,
      "q": 2,
      "gap_multiplet": 0.7803612880645314,
      "gap_spectral": 0.09849140335718332,
      "me_sq": 3.8477590650225646,
      "chi_F": 0.7898169490339666,
      "dominant_fraction": 1.0,
      "E0": -9.125830895482995,
      "time_s": 0.0
    },
    "q2_n9": {
      "n": 9,
      "dim": 512,
      "q": 2,
      "gap_multiplet": 0.6945927106676848,
      "gap_spectral": 0.08748866352589602,
      "me_sq": 3.8793852415718444,
      "chi_F": 0.8934288188202772,
      "dominant_fraction": 1.0,
      "E0": -10.258770483143635,
      "time_s": 0.0
    },
    "q2_n10": {
      "n": 10,
      "dim": 1024,
      "q": 2,
      "gap_multiplet": 0.625737860160962,
      "gap_spectral": 0.07870170682461364,
      "me_sq": 3.902113032590309,
      "chi_F": 0.9965864547264127,
      "dominant_fraction": 1.0,
      "E0": -11.392453221499656,
      "time_s": 0.0
    },
    "q2_n12": {
      "n": 12,
      "dim": 4096,
      "q": 2,
      "gap_multiplet": 0.5221047688802987,
      "gap_spectral": 0.06554346281522783,
      "me_sq": 3.931851652578107,
      "chi_F": 1.201989177936671,
      "dominant_fraction": 1.0,
      "E0": -13.66129757554038,
      "time_s": 0.2
    },
    "q2_n14": {
      "n": 14,
      "dim": 16384,
      "q": 2,
      "gap_multiplet": 0.44785790441317985,
      "gap_spectral": 0.05615879541072033,
      "me_sq": 3.949855824363658,
      "chi_F": 1.4066068257319555,
      "dominant_fraction": 1.0,
      "E0": -15.931404270380481,
      "time_s": 0.9
    },
    "q2_n16": {
      "n": 16,
      "dim": 65536,
      "q": 2,
      "gap_multiplet": 0.3920685613183501,
      "gap_spectral": 0.049126849769500325,
      "me_sq": 3.9615705608064453,
      "chi_F": 1.6107323268712566,
      "dominant_fraction": 1.0,
      "E0": -18.202297237378314,
      "time_s": 4.3
    },
    "q2_n18": {
      "n": 18,
      "dim": 262144,
      "q": 2,
      "gap_multiplet": 0.3486229709907498,
      "gap_spectral": 0.04366094290845268,
      "me_sq": 3.969615506024426,
      "chi_F": 1.814529106163506,
      "dominant_fraction": 1.0,
      "E0": -20.473713245669884,
      "time_s": 21.9
    },
    "q4_n4": {
      "n": 4,
      "dim": 256,
      "q": 4,
      "gap_multiplet": 0.9514652606618519,
      "gap_spectral": 0.17692183465402067,
      "me_sq": 22.959089625807067,
      "chi_F": 6.3402852850585125,
      "dominant_fraction": 1.0,
      "E0": -4.65109340893718,
      "time_s": 0.0
    },
    "q4_n5": {
      "n": 5,
      "dim": 1024,
      "q": 4,
      "gap_multiplet": 0.7448489190835694,
      "gap_spectral": 0.13977356564912924,
      "me_sq": 26.42640850610066,
      "chi_F": 9.526464558530096,
      "dominant_fraction": 1.0,
      "E0": -5.7654463544920365,
      "time_s": 0.0
    },
    "q4_n6": {
      "n": 6,
      "dim": 4096,
      "q": 4,
      "gap_multiplet": 0.6100015837439035,
      "gap_spectral": 0.11553585473171601,
      "me_sq": 29.49622166335821,
      "chi_F": 13.211532966848834,
      "dominant_fraction": 1.0,
      "E0": -6.887390917445202,
      "time_s": 0.2
    },
    "q4_n7": {
      "n": 7,
      "dim": 16384,
      "q": 4,
      "gap_multiplet": 0.515486860857183,
      "gap_spectral": 0.09846029867193362,
      "me_sq": 32.33430934224796,
      "chi_F": 17.383224885905992,
      "dominant_fraction": 1.0,
      "E0": -8.013549533547003,
      "time_s": 1.0
    },
    "q4_n8": {
      "n": 8,
      "dim": 65536,
      "q": 4,
      "gap_multiplet": 0.44574893402301186,
      "gap_spectral": 0.08577661057033836,
      "me_sq": 35.01766779329739,
      "chi_F": 22.030106913043156,
      "dominant_fraction": 1.0,
      "E0": -9.142296360616816,
      "time_s": 5.1
    },
    "q4_n9": {
      "n": 9,
      "dim": 262144,
      "q": 4,
      "gap_multiplet": 0.3922670302235769,
      "gap_spectral": 0.07598211382401843,
      "me_sq": 37.587807712208374,
      "chi_F": 27.141939119159908,
      "dominant_fraction": 1.0,
      "E0": -10.27274908703372,
      "time_s": 22.8
    },
    "q4_n10": {
      "n": 10,
      "dim": 1048576,
      "q": 4,
      "gap_multiplet": 0.35000195776525445,
      "gap_spectral": 0.06819020519882102,
      "me_sq": 40.06973571670773,
      "chi_F": 32.709622409076204,
      "dominant_fraction": 1.0,
      "E0": -11.404386529876447,
      "time_s": 117.2
    },
    "q4_n11": {
      "n": 11,
      "dim": 4194304,
      "q": 4,
      "gap_multiplet": 0.3157904995645886,
      "gap_spectral": 0.06184365702214123,
      "me_sq": 42.47983621962598,
      "chi_F": 38.725053634149745,
      "dominant_fraction": 1.0,
      "E0": -12.536880651765685,
      "time_s": 503.3
    }
  },
  "pairwise_q2": {
    "Ns": [
      10,
      12,
      14,
      16,
      18,
      4,
      5,
      6,
      7,
      8,
      9
    ],
    "alpha": [
      1.0278390591828173,
      1.0197974151669142,
      1.0148073557800965,
      1.0114958471065307,
      1.067543159718504,
      1.1762101324317267,
      1.1147327240605065,
      1.0808789545152544,
      1.0601682316998458,
      1.0465467853535995
    ]
  },
  "pairwise_q4": {
    "Ns": [
      10,
      11,
      4,
      5,
      6,
      7,
      8,
      9
    ],
    "alpha": [
      1.7712428384715773,
      1.7888111658777164,
      1.8246097686477527,
      1.7936249276922307,
      1.78017701083303,
      1.7741473000420431,
      1.7716480609978493
    ]
  }
}