{
  "five_qubit_zero": {
    "n": 5,
    "noise": "amplitude_damping",
    "has_correction": true,
    "gamma_values": [
      0.0,
      0.05,
      0.1,
      0.15,
      0.2,
      0.3,
      0.4,
      0.5
    ],
    "fid_uncoded": [
      1.0,
      1.0,
      1.0,
      1.0,
      1.0,
      1.0,
      1.0,
      1.0
    ],
    "fid_coded": [
      1.0,
      0.995543,
      0.983063,
      0.963824,
      0.939,
      0.876813,
      0.804,
      0.726562
    ],
    "codespace_retention": [
      1.0,
      1.0,
      1.0,
      1.0,
      1.0,
      1.0,
      1.0,
      1.0
    ]
  },
  "five_qubit_one": {
    "n": 5,
    "noise": "amplitude_damping",
    "has_correction": true,
    "gamma_values": [
      0.0,
      0.05,
      0.1,
      0.15,
      0.2,
      0.3,
      0.4,
      0.5
    ],
    "fid_uncoded": [
      1.0,
      0.95,
      0.9,
      0.85,
      0.8,
      0.7,
      0.6,
      0.5
    ],
    "fid_coded": [
      1.0,
      0.995543,
      0.983065,
      0.963843,
      0.93908,
      0.87742,
      0.80656,
      0.734375
    ],
    "codespace_retention": [
      1.0,
      1.0,
      1.0,
      1.0,
      1.0,
      1.0,
      1.0,
      1.0
    ]
  },
  "steane_zero": {
    "n": 7,
    "noise": "amplitude_damping",
    "has_correction": false,
    "gamma_values": [
      0.0,
      0.05,
      0.1,
      0.15,
      0.2,
      0.3,
      0.4,
      0.5
    ],
    "fid_uncoded": [
      1.0,
      1.0,
      1.0,
      1.0,
      1.0,
      1.0,
      1.0,
      1.0
    ],
    "fid_coded": [
      1.0,
      1.0,
      1.0,
      1.0,
      1.0,
      1.0,
      1.0,
      1.0
    ],
    "codespace_retention": [
      1.0,
      0.836654,
      0.69515,
      0.573388,
      0.4694,
      0.307525,
      0.1964,
      0.125
    ]
  },
  "steane_one": {
    "n": 7,
    "noise": "amplitude_damping",
    "has_correction": false,
    "gamma_values": [
      0.0,
      0.05,
      0.1,
      0.15,
      0.2,
      0.3,
      0.4,
      0.5
    ],
    "fid_uncoded": [
      1.0,
      0.95,
      0.9,
      0.85,
      0.8,
      0.7,
      0.6,
      0.5
    ],
    "fid_coded": [
      1.0,
      0.999941,
      0.999485,
      0.99809,
      0.994986,
      0.97867,
      0.933947,
      0.828125
    ],
    "codespace_retention": [
      1.0,
      0.836654,
      0.69515,
      0.573388,
      0.4694,
      0.307525,
      0.1964,
      0.125
    ]
  }
}