{
  "experiment": "041b",
  "model": "q=5 clock",
  "n": 8,
  "chi_max": 15,
  "data": {
    "0.8": {
      "cv": 0.36155641626032076,
      "time": 16.716365098953247
    },
    "0.9": {
      "cv": 0.4383983608683237,
      "time": 16.107128381729126
    },
    "0.95": {
      "cv": 0.4790193665842888,
      "time": 17.157819271087646
    }
  },
  "total_runtime": 49.99065899848938
}