{
  "experiment": "sprint_031a_archetype_entanglement_spectra",
  "timestamp": "2026-04-01T00:11:00.326037",
  "n_qubits": 8,
  "description": "Entanglement spectrum of 5 archetypes at n=8, half-cut bipartition",
  "results": {
    "GHZ": {
      "von_neumann_entropy": 1.0,
      "renyi_2_entropy": 1.0,
      "spectral_gap": 2.220446049250313e-16,
      "gap_ratio": 1.0000000000000004,
      "participation_ratio": 2.0,
      "normalized_PR": 1.0,
      "flatness": 2.220446049250313e-16,
      "schmidt_rank": 2,
      "max_entropy": 1.0,
      "entropy_ratio": 1.0,
      "entanglement_energies": [
        0.6931471805599451,
        0.6931471805599455
      ],
      "eigenvalues": [
        0.5000000000000001,
        0.4999999999999999
      ]
    },
    "W": {
      "von_neumann_entropy": 0.9666186325481028,
      "renyi_2_entropy": 0.9352297446097625,
      "spectral_gap": 0.2142857142857143,
      "gap_ratio": 1.5454545454545456,
      "participation_ratio": 1.9121951219512199,
      "normalized_PR": 0.9560975609756099,
      "flatness": 0.21428571428571433,
      "schmidt_rank": 2,
      "max_entropy": 1.0,
      "entropy_ratio": 0.9666186325481028,
      "entanglement_energies": [
        0.4989911661189879,
        0.9343092373768336
      ],
      "eigenvalues": [
        0.6071428571428571,
        0.3928571428571428
      ]
    },
    "Cluster_1D": {
      "von_neumann_entropy": 1.0,
      "renyi_2_entropy": 1.0,
      "spectral_gap": 1.6653345369377348e-16,
      "gap_ratio": 1.0000000000000004,
      "participation_ratio": 2.0,
      "normalized_PR": 1.0,
      "flatness": 1.7554167342883506e-16,
      "schmidt_rank": 2,
      "max_entropy": 1.0,
      "entropy_ratio": 1.0,
      "entanglement_energies": [
        0.6931471805599451,
        0.6931471805599454
      ],
      "eigenvalues": [
        0.5000000000000001,
        0.49999999999999994
      ]
    },
    "Cluster_2D": {
      "von_neumann_entropy": 4.0,
      "renyi_2_entropy": 4.0,
      "spectral_gap": 5.551115123125783e-17,
      "gap_ratio": 1.0000000000000009,
      "participation_ratio": 16.0,
      "normalized_PR": 1.0,
      "flatness": 7.135936359693696e-16,
      "schmidt_rank": 16,
      "max_entropy": 4.0,
      "entropy_ratio": 1.0,
      "entanglement_energies": [
        2.7725887222397794,
        2.7725887222397803,
        2.7725887222397803,
        2.7725887222397807,
        2.7725887222397807,
        2.7725887222397807,
        2.772588722239781,
        2.772588722239781,
        2.772588722239781,
        2.7725887222397816
      ],
      "eigenvalues": [
        0.06250000000000011,
        0.06250000000000006,
        0.06250000000000006,
        0.06250000000000004,
        0.06250000000000003,
        0.06250000000000003,
        0.06250000000000001,
        0.0625,
        0.06249999999999999,
        0.06249999999999998,
        0.06249999999999998,
        0.062499999999999965,
        0.062499999999999965,
        0.06249999999999996,
        0.06249999999999996,
        0.062499999999999944
      ]
    },
    "Scale_Free": {
      "von_neumann_entropy": 0.5152749590455311,
      "renyi_2_entropy": 0.32475556415470613,
      "spectral_gap": 0.7731508897817412,
      "gap_ratio": 7.829914003800938,
      "participation_ratio": 1.2524522176458146,
      "normalized_PR": 0.13916135751620162,
      "flatness": 2.4871475391954827,
      "schmidt_rank": 9,
      "max_entropy": 3.169925001442312,
      "entropy_ratio": 0.16255115146606988,
      "entanglement_energies": [
        0.12064160472993461,
        2.178593131760576,
        7.831791780953214,
        9.889743307985903,
        15.830650308820479,
        17.888601835885275,
        23.54180059802457,
        25.599750173733987,
        26.787196380747165
      ],
      "eigenvalues": [
        0.8863515668841868,
        0.11320067710244558,
        0.0003969136604305034,
        5.06919565447352e-05,
        1.3330177302726274e-07,
        1.7024679065185156e-08,
        5.969334367217915e-11,
        7.62376957450665e-12,
        2.3252434312732306e-12
      ]
    }
  }
}