{
  "q2_n8_nA4": {
    "q": 2,
    "n": 8,
    "nA": 4,
    "dim": 256,
    "g_c": 0.5,
    "E0": -12.509082235140287,
    "time_s": 0.02,
    "S_total": 0.17890713708283337,
    "p_alpha": [
      0.9647917638339862,
      0.035208236166014206
    ],
    "S_alpha": [
      0.00288622563362096,
      0.6736497210458796
    ],
    "S_number": 0.15240451189120158,
    "S_config": 0.026502625191636948,
    "S_reconstruct": 0.17890713708283854,
    "reconstruction_error": 5.162537064506978e-15,
    "equipartition_CV": 0.9295835276679716,
    "entropy_equi_CV": 0.9914676355401755
  },
  "q3_n8_nA4": {
    "q": 3,
    "n": 8,
    "nA": 4,
    "dim": 6561,
    "g_c": 0.3333333333333333,
    "E0": -9.20824073865273,
    "time_s": 0.04,
    "S_total": 1.0129518708214482,
    "p_alpha": [
      0.6527197557466788,
      0.1736401221266607,
      0.1736401221266607
    ],
    "S_alpha": [
      0.052187047338764135,
      0.2661404057928876,
      0.26614040579288784
    ],
    "S_number": 0.8864630488999382,
    "S_config": 0.1264888219215306,
    "S_reconstruct": 1.0129518708214689,
    "reconstruction_error": 2.0539125955565396e-14,
    "equipartition_CV": 0.6775209153221629,
    "entropy_equi_CV": 0.5176944063234781
  },
  "q4_n6_nA3": {
    "q": 4,
    "n": 6,
    "nA": 3,
    "dim": 4096,
    "g_c": 0.25,
    "E0": -6.39737494428407,
    "time_s": 0.03,
    "S_total": 1.3949062619983574,
    "p_alpha": [
      0.3047643182836023,
      0.24498546020559875,
      0.20526476130520163,
      0.24498546020559875
    ],
    "S_alpha": [
      0.01673566613136693,
      0.01838916369605334,
      0.021779174812571665,
      0.018389163696053628
    ],
    "S_number": 1.3763251755377373,
    "S_config": 0.0185810864606223,
    "S_reconstruct": 1.3949062619983597,
    "reconstruction_error": 2.220446049250313e-15,
    "equipartition_CV": 0.142136038453976,
    "entropy_equi_CV": 0.09749812379396268
  },
  "q5_n8_nA4": {
    "q": 5,
    "n": 8,
    "nA": 4,
    "dim": 390625,
    "g_c": 0.2,
    "E0": -8.326126398367034,
    "time_s": 2.33,
    "S_total": 1.6149013223953301,
    "p_alpha": [
      0.2062577904583607,
      0.20185206369803838,
      0.19501904107278173,
      0.19501904107278178,
      0.20185206369803843
    ],
    "S_alpha": [
      0.005551648295491677,
      0.005642095008274792,
      0.005844781261205616,
      0.005844781261205228,
      0.005642095008275393
    ],
    "S_number": 1.6091988273695546,
    "S_config": 0.005702495026512385,
    "S_reconstruct": 1.6149013223960669,
    "reconstruction_error": 7.367439991412539e-13,
    "equipartition_CV": 0.0218677988116321,
    "entropy_equi_CV": 0.020814867407448798
  },
  "q7_n6_nA3": {
    "q": 7,
    "n": 6,
    "nA": 3,
    "dim": 117649,
    "g_c": 0.14285714285714285,
    "E0": -6.1236501603886255,
    "time_s": 0.81,
    "S_total": 1.9472742385896986,
    "p_alpha": [
      0.14721580337013362,
      0.14553612973857133,
      0.14185711831112463,
      0.13899885026523712,
      0.13899885026523706,
      0.1418571183111245,
      0.1455361297385711
    ],
    "S_alpha": [
      0.0015521995341807797,
      0.0015589930536087013,
      0.0015949140211023456,
      0.0016447213560700923,
      0.001644721356071336,
      0.0015949140211026014,
      0.001558993053607127
    ],
    "S_number": 1.9456822220888037,
    "S_config": 0.0015920165010142279,
    "S_reconstruct": 1.9472742385898179,
    "reconstruction_error": 1.192379528447418e-13,
    "equipartition_CV": 0.02135119742937536,
    "entropy_equi_CV": 0.022927040172968177
  }
}