{
  "experiment": "088a_entspec_dmrg_q3",
  "timestamp": "2026-04-02 08:21:01",
  "q": 3,
  "gc": 0.3333333333333333,
  "data": [
    {
      "n": 8,
      "chi_max": 40,
      "chi_used": 40,
      "E0": -8.640043961777524,
      "time_dmrg": 4.388266563415527,
      "spec_mid_top20": [
        0.8603465997478961,
        0.06959286094304404,
        0.06959286094303832,
        0.00020611361116456238,
        0.00020611361116276,
        4.607674009398105e-05,
        3.9274210890717e-06,
        3.927421089018706e-06,
        1.421133440489857e-06,
        4.339726475232472e-08,
        4.339726473572105e-08,
        9.500946911306076e-09,
        8.834934446576262e-10,
        8.834934255537967e-10,
        3.255459399529604e-10,
        3.082097426260215e-11,
        2.68275473609665e-12,
        2.6827538028369284e-12,
        1.536228196924691e-12,
        1.5362267838954383e-12
      ],
      "lam_max": 0.8603465997478961,
      "multiplet_mean": 0.06959286094304118,
      "multiplet_spread": 8.21585504510184e-14,
      "w_max": 0.8603465997478961,
      "w_mult": 0.13918572188608236,
      "w_tail": 0.0004676783660218176,
      "S_total": 0.5044335158423517,
      "S_lev0_frac": 0.2565517292181714,
      "S_lev1_frac": 0.7353653588654738,
      "S_tail_frac": 0.008082911916354853,
      "ent_gap": 2.514673341596257,
      "schmidt_rank": 27,
      "n_tail": 24
    },
    {
      "n": 12,
      "chi_max": 60,
      "chi_used": 60,
      "E0": -13.218214662725064,
      "time_dmrg": 33.96491718292236,
      "spec_mid_top20": [
        0.8333936738613809,
        0.08264278857193771,
        0.0826427885603488,
        0.0005671953949241294,
        0.0005671953943970992,
        0.0001490476780602331,
        1.4984120427706379e-05,
        1.4984120419698123e-05,
        5.654948180860759e-06,
        7.251269421531121e-07,
        7.251269383354863e-07,
        1.8588687825547306e-07,
        2.049288933164084e-08,
        2.049288924131232e-08,
        7.897112406154802e-09,
        1.3978196268094825e-09,
        1.7805428136002964e-10,
        1.780542704248356e-10,
        1.4690517085524357e-10,
        1.469051671163638e-10
      ],
      "lam_max": 0.8333936738613809,
      "multiplet_mean": 0.08264278856614327,
      "multiplet_spread": 1.40228936946006e-10,
      "w_max": 0.8333936738613809,
      "w_mult": 0.16528557713228653,
      "w_tail": 0.0013207490063332356,
      "S_total": 0.5741980549428827,
      "S_lev0_frac": 0.26451724804809096,
      "S_lev1_frac": 0.7176871771342168,
      "S_tail_frac": 0.0177955748176923,
      "ent_gap": 2.310978560348292,
      "schmidt_rank": 60,
      "n_tail": 57
    },
    {
      "n": 16,
      "chi_max": 80,
      "chi_used": 80,
      "E0": -17.797890208565672,
      "time_dmrg": 72.23044276237488,
      "spec_mid_top20": [
        0.8152772523955536,
        0.09121385508284312,
        0.09121385493254817,
        0.0009677679682100249,
        0.0009677679673202186,
        0.00027882101132115675,
        3.109892608106839e-05,
        3.109892607094454e-05,
        1.2078291611842967e-05,
        2.7029306225699425e-06,
        2.7029306144936477e-06,
        7.580052441208389e-07,
        9.284176193322262e-08,
        9.284176188509768e-08,
        3.6868715174199376e-08,
        8.803359441041168e-09,
        2.354393074705074e-09,
        2.3543928939904595e-09,
        1.037230953796066e-09,
        1.0372309510402e-09
      ],
      "lam_max": 0.8152772523955536,
      "multiplet_mean": 0.09121385500769565,
      "multiplet_spread": 1.6477205479898537e-09,
      "w_max": 0.8152772523955536,
      "w_mult": 0.1824277100153913,
      "w_tail": 0.002295037589055261,
      "S_total": 0.6199156767127049,
      "S_lev0_frac": 0.26858758944407246,
      "S_lev1_frac": 0.7046635714064403,
      "S_tail_frac": 0.026748839149487273,
      "ent_gap": 2.190321437069135,
      "schmidt_rank": 80,
      "n_tail": 77
    },
    {
      "n": 20,
      "chi_max": 100,
      "chi_used": 100,
      "E0": -22.378198832897787,
      "time_dmrg": 126.874267578125,
      "spec_mid_top20": [
        0.8016378960192172,
        0.09753231598662558,
        0.09753231589801252,
        0.0013707109799557843,
        0.0013707109785303334,
        0.0004202665842567564,
        5.05015208672857e-05,
        5.050152086705186e-05,
        2.0043599119313714e-05,
        6.131317301522682e-06,
        6.131317289609693e-06,
        1.8273486920456478e-06,
        2.411388568813861e-07,
        2.411388567873429e-07,
        9.7928616308902e-08,
        2.8077819924930223e-08,
        1.0692482604790725e-08,
        1.0692482545414431e-08,
        3.580424381542559e-09,
        3.580424377148208e-09
      ],
      "lam_max": 0.8016378960192172,
      "multiplet_mean": 0.09753231594231905,
      "multiplet_spread": 9.085507759861509e-10,
      "w_max": 0.8016378960192172,
      "w_mult": 0.1950646318846381,
      "w_tail": 0.003297472096144591,
      "S_total": 0.6540052420491117,
      "S_lev0_frac": 0.27100815715899784,
      "S_lev1_frac": 0.6942251386633304,
      "S_tail_frac": 0.034766704177671665,
      "ent_gap": 2.1064732355818485,
      "schmidt_rank": 100,
      "n_tail": 97
    },
    {
      "n": 24,
      "chi_max": 120,
      "chi_used": 120,
      "E0": -26.95883369438229,
      "time_dmrg": 183.72540140151978,
      "spec_mid_top20": [
        0.7907187977483751,
        0.10249489553270612,
        0.1024948953806813,
        0.0017628658614185575,
        0.0017628658584577976,
        0.0005659757855773983,
        7.20319178766376e-05,
        7.203191787586444e-05,
        2.9088736881825452e-05,
        1.0915779692282968e-05,
        1.0915779664039386e-05,
        3.403552051558906e-06,
        4.7544173321509037e-07,
        4.754417330344288e-07,
        1.965372770522277e-07,
        6.392403113562835e-08,
        3.0079580403030506e-08,
        3.007958030964451e-08,
        9.385082142629452e-09,
        8.654037125015551e-09
      ],
      "lam_max": 0.7907187977483751,
      "multiplet_mean": 0.10249489545669371,
      "multiplet_spread": 1.4832428737859725e-09,
      "w_max": 0.7907187977483751,
      "w_mult": 0.20498979091338743,
      "w_tail": 0.0042914113382377175,
      "S_total": 0.6812037431264307,
      "S_lev0_frac": 0.2725630288764599,
      "S_lev1_frac": 0.685484947528922,
      "S_tail_frac": 0.04195202359461829,
      "ent_gap": 2.0431294046898163,
      "schmidt_rank": 120,
      "n_tail": 117
    }
  ],
  "Re_c": 0.8
}