{
  "3": {
    "gc": 0.333,
    "sizes": {
      "4": {
        "dim": 81,
        "gap": 0.1863939884354462,
        "gap_x_N": 0.7455759537417848,
        "E0": -4.6723037462058725,
        "time_s": 0.015883207321166992
      },
      "6": {
        "dim": 729,
        "gap": 0.12244074838270702,
        "gap_x_N": 0.7346444902962421,
        "E0": -6.930567586907185,
        "time_s": 0.019281625747680664
      },
      "8": {
        "dim": 6561,
        "gap": 0.09114689318527702,
        "gap_x_N": 0.7291751454822162,
        "E0": -9.204973383541606,
        "time_s": 0.07618355751037598
      },
      "10": {
        "dim": 59049,
        "gap": 0.07254266733985304,
        "gap_x_N": 0.7254266733985304,
        "E0": -11.485637733020711,
        "time_s": 3.6734578609466553
      },
      "12": {
        "dim": 531441,
        "gap": 0.060200361739287445,
        "gap_x_N": 0.7224043408714493,
        "E0": -13.769390821057526,
        "time_s": 14.797307014465332
      }
    }
  },
  "5": {
    "gc": 0.441,
    "sizes": {
      "4": {
        "dim": 625,
        "gap": 0.11815324012961792,
        "gap_x_N": 0.4726129605184717,
        "E0": -5.004657287206275,
        "time_s": 0.0408937931060791
      },
      "6": {
        "dim": 15625,
        "gap": 0.0795297562077053,
        "gap_x_N": 0.4771785372462318,
        "E0": -7.413627254526364,
        "time_s": 0.21611285209655762
      },
      "8": {
        "dim": 390625,
        "gap": 0.06043181153212451,
        "gap_x_N": 0.4834544922569961,
        "E0": -9.842652689412185,
        "time_s": 14.18604588508606
      }
    }
  },
  "7": {
    "gc": 0.535,
    "sizes": {
      "4": {
        "dim": 2401,
        "gap": 0.08448795633167094,
        "gap_x_N": 0.3379518253266838,
        "E0": -5.476356515396487,
        "time_s": 0.03952598571777344
      },
      "6": {
        "dim": 117649,
        "gap": 0.05947065068600388,
        "gap_x_N": 0.35682390411602327,
        "E0": -8.123410211409027,
        "time_s": 8.455370903015137
      }
    }
  },
  "10": {
    "gc": 0.684,
    "sizes": {
      "4": {
        "dim": 10000,
        "gap": 0.06049933014155506,
        "gap_x_N": 0.24199732056622025,
        "E0": -6.393151976419247,
        "time_s": 0.12127304077148438
      },
      "5": {
        "dim": 100000,
        "gap": 0.04989912253808981,
        "gap_x_N": 0.24949561269044906,
        "E0": -7.950417765012607,
        "time_s": 8.469357013702393
      },
      "6": {
        "dim": 1000000,
        "gap": 0.04250348192248943,
        "gap_x_N": 0.25502089153493657,
        "E0": -9.5170045235204,
        "time_s": 24.688034057617188
      }
    }
  }
}