{
  "experiment": "096c_operator_range_q2",
  "timestamp": "2026-04-02 11:10:08",
  "q": 2,
  "n": 14,
  "g_c": 0.5,
  "data": {
    "nA3": {
      "nA": 3,
      "dimA": 8,
      "ratio_nA_n": 0.21428571428571427,
      "R2": 0.9998284241112431,
      "one_minus_R2": 0.0001715758887569363,
      "alpha": 6.443763649061715,
      "total_norm_sq": 159.7068143393047,
      "res_norm_sq": 0.027401838610801393,
      "res_fraction": 0.0001715758887569123,
      "range_decomposition": {
        "0": {
          "norm_sq": 0.011839897163689207,
          "fraction_of_residual": 0.43208404121547145,
          "n_ops": 9,
          "top_ops": [
            [
              0.02229972172406658,
              "IXI"
            ],
            [
              0.022166523819637296,
              "XII"
            ],
            [
              0.022166523819575235,
              "IIX"
            ]
          ]
        },
        "1": {
          "norm_sq": 0.006552590438688088,
          "fraction_of_residual": 0.23912959023505653,
          "n_ops": 18,
          "top_ops": [
            [
              0.02020824301442841,
              "YYI"
            ],
            [
              0.02020824301439765,
              "IYY"
            ],
            [
              0.001078803359485847,
              "ZZI"
            ]
          ]
        },
        "2": {
          "norm_sq": 0.009009351008424097,
          "fraction_of_residual": 0.3287863685494719,
          "n_ops": 36,
          "top_ops": [
            [
              0.03354900432619867,
              "ZXZ"
            ],
            [
              0.0007957290831149452,
              "YXY"
            ]
          ]
        }
      },
      "time": 0.0193941593170166
    },
    "nA4": {
      "nA": 4,
      "dimA": 16,
      "ratio_nA_n": 0.2857142857142857,
      "R2": 0.999735612271247,
      "one_minus_R2": 0.00026438772875303496,
      "alpha": 6.478583186108489,
      "total_norm_sq": 808.712840144258,
      "res_norm_sq": 0.21381375101913758,
      "res_fraction": 0.00026438772875301143,
      "range_decomposition": {
        "0": {
          "norm_sq": 0.049094251540166146,
          "fraction_of_residual": 0.22961222702543543,
          "n_ops": 12,
          "top_ops": [
            [
              0.03587114558201855,
              "IIIX"
            ],
            [
              0.03587114444334055,
              "XIII"
            ],
            [
              0.015730744387596723,
              "IXII"
            ]
          ]
        },
        "1": {
          "norm_sq": 0.10566651506937656,
          "fraction_of_residual": 0.49419887432739906,
          "n_ops": 27,
          "top_ops": [
            [
              0.056211142024309796,
              "IYYI"
            ],
            [
              0.039204220015943425,
              "IZZI"
            ],
            [
              0.026051983465403106,
              "ZZII"
            ]
          ]
        },
        "2": {
          "norm_sq": 0.05892903043634192,
          "fraction_of_residual": 0.27560916992222556,
          "n_ops": 72,
          "top_ops": [
            [
              0.04288491507273315,
              "ZXZI"
            ],
            [
              0.04288491489091095,
              "IZXZ"
            ],
            [
              0.0015544352798178961,
              "YXYI"
            ]
          ]
        },
        "3": {
          "norm_sq": 0.00012395397325291963,
          "fraction_of_residual": 0.000579728724939796,
          "n_ops": 144,
          "top_ops": [
            [
              0.002782745492062717,
              "ZXXZ"
            ],
            [
              5.874396994755308e-05,
              "YXXY"
            ],
            [
              9.034504644400698e-09,
              "ZIIZ"
            ]
          ]
        }
      },
      "time": 0.013611555099487305
    },
    "nA5": {
      "nA": 5,
      "dimA": 32,
      "ratio_nA_n": 0.35714285714285715,
      "R2": 0.9991393469871679,
      "one_minus_R2": 0.0008606530128321133,
      "alpha": 6.4627759644744724,
      "total_norm_sq": 3387.838721132489,
      "res_norm_sq": 2.9157536023320745,
      "res_fraction": 0.000860653012832144,
      "range_decomposition": {
        "0": {
          "norm_sq": 0.34070253625947766,
          "fraction_of_residual": 0.11684887776078794,
          "n_ops": 15,
          "top_ops": [
            [
              0.06693296412402058,
              "IIXII"
            ],
            [
              0.0530667629508945,
              "XIIII"
            ],
            [
              0.05289534474281652,
              "IIIIX"
            ]
          ]
        },
        "1": {
          "norm_sq": 0.7032287637742629,
          "fraction_of_residual": 0.2411825070581435,
          "n_ops": 36,
          "top_ops": [
            [
              0.07264008985052309,
              "IYYII"
            ],
            [
              0.07262159418719008,
              "IIYYI"
            ],
            [
              0.06177300467306332,
              "IIIZZ"
            ]
          ]
        },
        "2": {
          "norm_sq": 0.5769637591062456,
          "fraction_of_residual": 0.19787809184040078,
          "n_ops": 108,
          "top_ops": [
            [
              0.09333156765249614,
              "IZXZI"
            ],
            [
              0.05142130381500577,
              "IIZXZ"
            ],
            [
              0.05138543560532735,
              "ZXZII"
            ]
          ]
        },
        "3": {
          "norm_sq": 0.30128887570507273,
          "fraction_of_residual": 0.10333139105584788,
          "n_ops": 288,
          "top_ops": [
            [
              0.028935962472001003,
              "IZIIZ"
            ],
            [
              0.028888411798391717,
              "ZIIZI"
            ],
            [
              0.020223496485593212,
              "IZZZZ"
            ]
          ]
        },
        "4": {
          "norm_sq": 0.9935696674870158,
          "fraction_of_residual": 0.34075913228482,
          "n_ops": 576,
          "top_ops": [
            [
              0.04015020034732705,
              "YXXXY"
            ],
            [
              0.03544289986214874,
              "ZIIIZ"
            ],
            [
              0.034238920707027956,
              "XXXXX"
            ]
          ]
        }
      },
      "time": 0.08298635482788086
    },
    "nA6": {
      "nA": 6,
      "dimA": 64,
      "ratio_nA_n": 0.42857142857142855,
      "R2": 0.8271733191576874,
      "one_minus_R2": 0.17282668084231256,
      "alpha": 7.506818623936855,
      "total_norm_sq": 21031.26930516609,
      "res_norm_sq": 3634.7644679126643,
      "res_fraction": 0.17282668084231256,
      "range_decomposition": {
        "0": {
          "norm_sq": 71.67885377513618,
          "fraction_of_residual": 0.01972035723577412,
          "n_ops": 18,
          "top_ops": [
            [
              0.6903339991141085,
              "ZIIIII"
            ],
            [
              0.5247316828575095,
              "IIIIIZ"
            ],
            [
              0.2770175195082684,
              "IIZIII"
            ]
          ]
        },
        "1": {
          "norm_sq": 92.0296538965359,
          "fraction_of_residual": 0.025319289519022334,
          "n_ops": 45,
          "top_ops": [
            [
              0.4819381149114902,
              "ZZIIII"
            ],
            [
              0.4555725163793989,
              "IIYYII"
            ],
            [
              0.413762751984843,
              "XXIIII"
            ]
          ]
        },
        "2": {
          "norm_sq": 219.8982692293489,
          "fraction_of_residual": 0.0604986296005116,
          "n_ops": 144,