{
  "experiment": "085a_renyi_q28",
  "timestamp": "2026-04-02 07:07:49",
  "data": {
    "2": {
      "q": 2,
      "gc": 0.5,
      "Re_c": 0.5,
      "sizes": {
        "10": {
          "n": 10,
          "nA": 5,
          "dim": 1024,
          "S_alpha": {
            "0.5": 0.9357084675401005,
            "1": 0.6720147574191359,
            "2": 0.5115872694797324,
            "3": 0.4434492246669573,
            "5": 0.38307746031482526,
            "10": 0.34135694866424665,
            "inf": 0.3072227061029961
          },
          "c_alpha": {
            "0.5": 3.2325577905293534,
            "1": 3.482377174308553,
            "2": 3.53472362570338,
            "3": 3.446927558278048,
            "5": 3.3085091983091903,
            "10": 3.2162000589102466,
            "inf": 3.184053109997712
          },
          "c_alpha_over_Rec": {
            "0.5": 6.465115581058707,
            "1": 6.964754348617106,
            "2": 7.06944725140676,
            "3": 6.893855116556096,
            "5": 6.617018396618381,
            "10": 6.432400117820493,
            "inf": 6.368106219995424
          },
          "spectrum_top5": [
            0.7354867852708066,
            0.2414242983279891,
            0.01690155722815078,
            0.005547953649437928,
            0.0004662900330020498
          ],
          "time": 0.055558204650878906
        },
        "12": {
          "n": 12,
          "nA": 6,
          "dim": 4096,
          "S_alpha": {
            "0.5": 0.9812867034619165,
            "1": 0.7022545114920725,
            "2": 0.5357123329092502,
            "3": 0.4661245023105404,
            "5": 0.4037965419119772,
            "10": 0.3599865060222935,
            "inf": 0.3239901362822484
          },
          "c_alpha": {
            "0.5": 2.928827688604438,
            "1": 3.14400844898209,
            "2": 3.197860743890908,
            "3": 3.1302740307673784,
            "5": 3.013009572895991,
            "10": 2.9303041404045125,
            "inf": 2.90102152193791
          },
          "c_alpha_over_Rec": {
            "0.5": 5.857655377208876,
            "1": 6.28801689796418,
            "2": 6.395721487781816,
            "3": 6.260548061534757,
            "5": 6.026019145791982,
            "10": 5.860608280809025,
            "inf": 5.80204304387582
          },
          "spectrum_top5": [
            0.7232573763512807,
            0.24837236426041343,
            0.020318509484349462,
            0.0069775385690977985,
            0.0007653601316513313
          ],
          "time": 0.20614385604858398
        },
        "14": {
          "n": 14,
          "nA": 7,
          "dim": 16384,
          "S_alpha": {
            "0.5": 1.0198234885512947,
            "1": 0.7278576537958557,
            "2": 0.5559533786978543,
            "3": 0.48511191087261557,
            "5": 0.42120617036223634,
            "10": 0.37566486954004996,
            "inf": 0.3381016310979114
          },
          "c_alpha": {
            "0.5": 2.7298527984769785,
            "1": 2.9224825797011915,
            "2": 2.9763403249654288,
            "3": 2.921720547974916,
            "5": 2.818700627626523,
            "10": 2.742479387808331,
            "inf": 2.715080680677541
          },
          "c_alpha_over_Rec": {
            "0.5": 5.459705596953957,
            "1": 5.844965159402383,
            "2": 5.9526806499308575,
            "3": 5.843441095949832,
            "5": 5.637401255253046,
            "10": 5.484958775616662,
            "inf": 5.430161361355082
          },
          "spectrum_top5": [
            0.7131228087612774,
            0.2537076008294545,
            0.023310953267915213,
            0.008293334547696485,
            0.0010924710921143624
          ],
          "time": 0.8286242485046387
        }
      }
    },
    "3": {
      "q": 3,
      "gc": 0.3333333333333333,
      "Re_c": 0.7999999999999999,
      "sizes": {
        "8": {
          "n": 8,
          "nA": 4,
          "dim": 6561,
          "S_alpha": {
            "0.5": 1.4150600600388714,
            "1": 1.0129518708215106,
            "2": 0.7509669247830448,
            "3": 0.637004273248598,
            "5": 0.5433144838767904,
            "10": 0.48338823714884455,
            "inf": 0.4350496118576255
          },
          "c_alpha": {
            "0.5": 6.055600360655285,
            "1": 6.502231128731757,
            "2": 6.42736758527617,
            "3": 6.133483436818724,
            "5": 5.812642652819899,
            "10": 5.641660923503626,
            "inf": 5.585246861668069
          },
          "c_alpha_over_Rec": {
            "0.5": 7.569500450819107,
            "1": 8.127788910914697,
            "2": 8.034209481595214,
            "3": 7.666854296023406,
            "5": 7.265803316024874,
            "10": 7.052076154379534,
            "inf": 6.981558577085087
          },
          "spectrum_top5": [
            0.6472325558720804,
            0.16244888863228388,
            0.16244888863015702,
            0.009865144398833922,
            0.009865144398764104
          ],
          "time": 0.37448668479919434
        },
        "10": {
          "n": 10,
          "nA": 5,
          "dim": 59049,
          "S_alpha": {
            "0.5": 1.5044083380486668,
            "1": 1.0720747526628263,
            "2": 0.7992250557123602,
            "3": 0.6818618388551592,
            "5": 0.583290300632662,
            "10": 0.5190945633594577,
            "inf": 0.46718549068811094
          },
          "c_alpha": {
            "0.5": 5.1972244155075185,
            "1": 5.555486105935335,
            "2": 5.52210708752302,
            "3": 5.300107052962277,
            "5": 5.037679124586726,
            "10": 4.890809962385686,
            "inf": 4.841905839057967
          },
          "c_alpha_over_Rec": {
            "0.5": 6.4965305193843985,
            "1": 6.94435763241917,
            "2": 6.9026338594037755,
            "3": 6.625133816202847,
            "5": 6.2970989057334075,
            "10": 6.113512452982108,
            "inf": 6.052382298822459
          },
          "spectrum_top5": [
            0.6267638207768441,
            0.16803361703176709,
            0.1680336170314348,
            0.012755767059870365,
            0.012755767059858683
          ],
          "time": 3.828927755355835
        }
      }
    },
    "5": {
      "q": 5,
      "gc": 0.2,
      "Re_c": 1.137547336647226,
      "sizes": {
        "6": {
          "n": 6,
          "nA": 3,
          "dim": 15625,
          "S_alpha": {
            "0.5": 1.9256260232481701,
            "1": 1.3737974922843408,
            "2": 0.9692345811996784,
            "3": 0.7969932262262084,
            "5": 0.6716832422936615,
            "10": 0.5971661602970111,
            "inf": 0.5374495508958157
          },
          "c_alpha": {
            "0.5": 11.90440791404281,
            "1": 12.739425159919156,
            "2": 11.983805453080345,
            "3": 11.085952204194854,
            "5": 10.381028310734578,
            "10": 10.068380330456092,
            "inf": 9.967696650085738
          },
          "c_alpha_over_Rec": {
            "0.5": 10.46497805456564,
            "1": 11.199028602595975,
            "2": 10.534775184302278,
            "3": 9.745486492781275,
            "5": 9.125798967919279,
            "10": 8.850955038171286,
            "inf": 8.762445595859104
          },
          "spectrum_top5": [
            0.5842364190722488,
            0.09739220353703948,
            0.09739220353701916,
            0.09739220353700229,
            0.09739220353698211
          ],
          "time": 1.142364501953125
        },
        "8": {
          "n": 8,
          "nA": 4,
          "dim": 390625,
          "S_alpha": {
            "0.5": 2.0921074121061327,
            "1": 1.4833094336647625,
            "2": 1.0604002863266442,