{
  "n4": {
    "n_cx": 11,
    "depth": 32,
    "zz_exact": 0.6532814824381885,
    "x_exact": 0.6532814824381885,
    "zz_ideal": 0.649169921875,
    "x_ideal": 0.6614990234375,
    "zz_noisy_1pct": 0.578369140625,
    "x_noisy_1pct": 0.58514404296875,
    "zz_signal_1pct": 0.8853291516336887,
    "x_signal_1pct": 0.895699723165067,
    "zz_noisy_2pct": 0.5186767578125,
    "x_noisy_2pct": 0.51751708984375
  }
}