{
  "experiment": "083a_casimir_q235",
  "timestamp": "2026-04-02 06:43:53",
  "data": {
    "2": {
      "q": 2,
      "gc": 0.5,
      "sizes": [
        6,
        8,
        10,
        12,
        14
      ],
      "E0_per_N": [
        -1.1439505508593777,
        -1.1407288619353728,
        -1.1392453221499639,
        -1.1384414646283683,
        -1.1379574478843193
      ],
      "gaps": [
        0.1316524975874067,
        0.09849140335714779,
        0.07870170682458699,
        0.06554346281521184,
        0.056158795410659934
      ],
      "gap_N": [
        0.7899149855244403,
        0.7879312268571823,
        0.7870170682458699,
        0.7865215537825421,
        0.7862231357492391
      ],
      "fit": {
        "eps_inf": -1.1366045969178267,
        "slope": -0.26433701565252804,
        "vc_casimir": 0.5048465121991146,
        "v_casimir": 1.0096930243982292,
        "v_gap": 1.0173276294935094,
        "v_082": 1.02,
        "R2": 0.999996881109827,
        "c_used": 0.5
      },
      "pairwise_vc": [
        {
          "pair": "(6,8)",
          "vc": 0.5063017460558336,
          "v": 1.0126034921116671
        },
        {
          "pair": "(8,10)",
          "vc": 0.5037070722588207,
          "v": 1.0074141445176414
        },
        {
          "pair": "(10,12)",
          "vc": 0.5024470180066406,
          "v": 1.0048940360132812
        },
        {
          "pair": "(12,14)",
          "vc": 0.5017379873486052,
          "v": 1.0034759746972104
        }
      ]
    },
    "3": {
      "q": 3,
      "gc": 0.3333333333333333,
      "sizes": [
        4,
        6,
        8,
        10
      ],
      "E0_per_N": [
        -1.1684932433377493,
        -1.15550532395294,
        -1.1510300923315862,
        -1.1489711044151967
      ],
      "gaps": [
        0.18709798621217377,
        0.12315624605135689,
        0.09188058687190725,
        0.07329498553261793
      ],
      "gap_N": [
        0.7483919448486951,
        0.7389374763081413,
        0.735044694975258,
        0.7329498553261793
      ],
      "fit": {
        "eps_inf": -1.1452161294947905,
        "slope": -0.3721674914557649,
        "vc_casimir": 0.7107875510795485,
        "v_casimir": 0.8884844388494356,
        "v_gap": 0.8837317614670529,
        "v_082": 0.89,
        "R2": 0.9999836484732757,
        "c_used": 0.8
      },
      "pairwise_vc": [
        {
          "pair": "(4,6)",
          "vc": 0.71438684678949,
          "v": 0.8929835584868625
        },
        {
          "pair": "(6,8)",
          "vc": 0.7033011682205237,
          "v": 0.8791264602756546
        },
        {
          "pair": "(8,10)",
          "vc": 0.6990892899410504,
          "v": 0.8738616124263129
        }
      ]
    },
    "5": {
      "q": 5,
      "gc": 0.2,
      "sizes": [
        4,
        6,
        8
      ],
      "E0_per_N": [
        -1.1528218732219255,
        -1.1368702830855153,
        -1.1314091807235096
      ],
      "gaps": [
        0.16782672694193224,
        0.10844903056419053,
        0.07991833586749131
      ],
      "gap_N": [
        0.6713069077677289,
        0.6506941833851432,
        0.6393466869399305
      ],
      "fit": {
        "eps_inf": -1.1242212336736201,
        "slope": -0.4573783334723273,
        "vc_casimir": 0.8735282716230501,
        "v_casimir": 0.7675995356968807,
        "v_gap": 0.7481998939405622,
        "v_082": 0.75,
        "R2": 0.9999796028720702,
        "c_used": 1.138
      },
      "pairwise_vc": [
        {
          "pair": "(4,6)",
          "vc": 0.8774004396852666,
          "v": 0.7710021438359109
        },
        {
          "pair": "(6,8)",
          "vc": 0.858234834738793,
          "v": 0.7541606632151082
        }
      ]
    }
  }
}