{
  "experiment": "094c2_compile",
  "timestamp": "2026-04-02 10:27:21",
  "compilation": {
    "q2": {
      "gamma": 9.512347008503195,
      "A": 3.583894276361124e-09,
      "fit_R2": 0.7951357793725924,
      "n_points": 5,
      "nA_values": [
        3,
        4,
        5,
        6,
        7
      ],
      "one_minus_R2": [
        0.00029293589705459144,
        0.0005254672351416856,
        0.010004034806250228,
        0.2401376313211716,
        0.3623469038385799
      ]
    },
    "q3": {
      "gamma": 10.908229014747029,
      "A": 1.5653490200637547e-09,
      "fit_R2": 0.8124835641659087,
      "n_points": 4,
      "nA_values": [
        3,
        4,
        5,
        6
      ],
      "one_minus_R2": [
        0.0005642495650379775,
        0.0008416130135175948,
        0.2192400227925434,
        0.44225661595910826
      ]
    },
    "q4": {
      "gamma": 11.24132344022696,
      "A": 1.6531862190692724e-09,
      "fit_R2": 0.4212340253796766,
      "n_points": 3,
      "nA_values": [
        3,
        4,
        5
      ],
      "one_minus_R2": [
        0.0008054750509858266,
        0.0017537926357582556,
        0.31167956217941994
      ]
    },
    "q5": {
      "gamma": 12.141433909042464,
      "A": 1.6500025402974637e-09,
      "fit_R2": 1.0,
      "n_points": 2,
      "nA_values": [
        3,
        4
      ],
      "one_minus_R2": [
        0.001024284954768695,
        0.033678768821897354
      ]
    }
  },
  "all_data": {
    "q2": [
      [
        3,
        0.00029293589705459144,
        6.459186726346275
      ],
      [
        4,
        0.0005254672351416856,
        6.549312393206464
      ],
      [
        5,
        0.010004034806250228,
        6.38833490601822
      ],
      [
        6,
        0.2401376313211716,
        6.918349425819909
      ],
      [
        7,
        0.3623469038385799,
        5.219244833228129
      ]
    ],
    "q3": [
      [
        3,
        0.0005642495650379775,
        7.544712956076027
      ],
      [
        4,
        0.0008416130135175948,
        7.664361741865134
      ],
      [
        5,
        0.2192400227925434,
        9.259640171423257
      ],
      [
        6,
        0.44225661595910826,
        5.887351530122243
      ]
    ],
    "q4": [
      [
        3,
        0.0008054750509858266,
        8.395843325291096
      ],
      [
        4,
        0.0017537926357582556,
        8.544646160896095
      ],
      [
        5,
        0.31167956217941994,
        9.450965785583005
      ]
    ],
    "q5": [
      [
        3,
        0.001024284954768695,
        9.103834723776828
      ],
      [
        4,
        0.033678768821897354,
        9.460386796586493
      ]
    ]
  }
}