{
  "n=6": {
    "n": 6,
    "q": 3,
    "g_c": 0.3333333333333333,
    "dim": 729,
    "time_s": 0.02,
    "E0": -6.93303194,
    "eigenvalues": [
      -6.93303194,
      -6.8098757,
      -6.8098757,
      -6.16466801,
      -5.93865344,
      -5.93865344,
      -5.93865344,
      -5.93865344,
      -5.76676147,
      -5.76676147,
      -5.44709867,
      -5.44709867,
      -5.34608628,
      -5.34608628,
      -5.30274548,
      -5.30274548
    ],
    "gaps": [
      0.0,
      0.12315625,
      0.12315625,
      0.76836393,
      0.99437851,
      0.99437851,
      0.99437851,
      0.99437851,
      1.16627047,
      1.16627047,
      1.48593327,
      1.48593327,
      1.58694566,
      1.58694566,
      1.63028646,
      1.63028646
    ],
    "nonzero_gaps": [
      0.12315625,
      0.12315625,
      0.76836393,
      0.99437851,
      0.99437851,
      0.99437851,
      0.99437851,
      1.16627047,
      1.16627047,
      1.48593327,
      1.48593327,
      1.58694566
    ],
    "ratios": [
      1.0,
      1.0,
      6.238936,
      8.074122,
      8.074122,
      8.074122,
      8.074122,
      9.469844,
      9.469844,
      12.065432,
      12.065432,
      12.885629
    ]
  },
  "n=8": {
    "n": 8,
    "q": 3,
    "g_c": 0.3333333333333333,
    "dim": 6561,
    "time_s": 0.1,
    "E0": -9.20824074,
    "eigenvalues": [
      -9.20824074,
      -9.11636015,
      -9.11636015,
      -8.63716302,
      -8.45034196,
      -8.45034196,
      -8.45034196,
      -8.45034196,
      -8.32126197,
      -8.32126197,
      -8.0615275,
      -8.0615275,
      -7.98837819,
      -7.98837819,
      -7.90934194,
      -7.90934194
    ],
    "gaps": [
      0.0,
      0.09188059,
      0.09188059,
      0.57107772,
      0.75789878,
      0.75789878,
      0.75789878,
      0.75789878,
      0.88697877,
      0.88697877,
      1.14671324,
      1.14671324,
      1.21986255,
      1.21986255,
      1.2988988,
      1.2988988
    ],
    "nonzero_gaps": [
      0.09188059,
      0.09188059,
      0.57107772,
      0.75789878,
      0.75789878,
      0.75789878,
      0.75789878,
      0.88697877,
      0.88697877,
      1.14671324,
      1.14671324,
      1.21986255
    ],
    "ratios": [
      1.0,
      1.0,
      6.215434,
      8.248737,
      8.248737,
      8.248737,
      8.248737,
      9.653604,
      9.653604,
      12.480474,
      12.480474,
      13.276608
    ]
  },
  "n=10": {
    "n": 10,
    "q": 3,
    "g_c": 0.3333333333333333,
    "dim": 59049,
    "time_s": 1.05,
    "E0": -11.48971104,
    "eigenvalues": [
      -11.48971104,
      -11.41641606,
      -11.41641606,
      -11.03584081,
      -10.87900992,
      -10.87900992,
      -10.87900992,
      -10.87900992,
      -10.77513765,
      -10.77513765,
      -10.55814432,
      -10.55814432,
      -10.50452348,
      -10.50452348,
      -10.43299601,
      -10.43299601
    ],
    "gaps": [
      0.0,
      0.07329499,
      0.07329499,
      0.45387023,
      0.61070112,
      0.61070112,
      0.61070112,
      0.61070112,
      0.7145734,
      0.7145734,
      0.93156672,
      0.93156672,
      0.98518757,
      0.98518757,
      1.05671503,
      1.05671503
    ],
    "nonzero_gaps": [
      0.07329499,
      0.07329499,
      0.45387023,
      0.61070112,
      0.61070112,
      0.61070112,
      0.61070112,
      0.7145734,
      0.7145734,
      0.93156672,
      0.93156672,
      0.98518757
    ],
    "ratios": [
      1.0,
      1.0,
      6.192378,
      8.3321,
      8.3321,
      8.3321,
      8.3321,
      9.749281,
      9.749281,
      12.709829,
      12.709829,
      13.441405
    ]
  }
}