{
  "experiment": "094c_bw_nA_q5_compile",
  "timestamp": "2026-04-02 10:11:57",
  "data": {
    "q5_nA3": {
      "q": 5,
      "nA": 3,
      "n": 6,
      "dim": 15625,
      "dimA": 125,
      "E0": -6.821221698513121,
      "R2": 0.9989757150452313,
      "one_minus_R2": 0.001024284954768695,
      "alpha": 9.103834723776828,
      "time": 1.1975700855255127
    },
    "q5_nA4": {
      "q": 5,
      "nA": 4,
      "n": 8,
      "dim": 390625,
      "dimA": 625,
      "E0": -9.051273445788057,
      "R2": 0.9663212311781026,
      "one_minus_R2": 0.033678768821897354,
      "alpha": 9.460386796586493,
      "time": 40.15932512283325
    }
  },
  "compilation": {}
}