{
  "sprint": "044d",
  "description": "g_c refit with q=7 data point",
  "data": {
    "q": [
      2.0,
      3.0,
      4.0,
      5.0,
      7.0,
      10.0
    ],
    "gc": [
      1.0,
      1.0,
      0.893,
      0.41,
      0.259,
      0.246
    ]
  },
  "fits": {
    "power": {
      "A": 15.095311736727576,
      "alpha": 2.0857543029119068,
      "rmse": 0.08862395689248959
    },
    "pole": {
      "A": 1.0369155767068414,
      "q0": 2.8183036212847745,
      "rmse": 0.06113515123165487
    },
    "exp": {
      "A": 1.1824579718646389,
      "B": 0.37826573590652157,
      "rmse": 0.1164256123302573
    },
    "pole3_power": {
      "A": 0.8673107569956766,
      "beta": 0.8525523533540798,
      "rmse": 0.055232659758220046
    },
    "clipped": {
      "A": 4.952763819095477,
      "gamma": 1.620100502512563,
      "rmse": 0.06777908831731654
    }
  },
  "ranking": [
    [
      "pole3_power",
      0.055232659758220046
    ],
    [
      "pole",
      0.06113515123165487
    ],
    [
      "clipped",
      0.06777908831731654
    ],
    [
      "power",
      0.08862395689248959
    ],
    [
      "exp",
      0.1164256123302573
    ]
  ],
  "q7_prediction_test": {
    "power_q4+": 0.2631504682155281,
    "pole_q4+": 0.2410454985479187,
    "exp_q4+": 0.2755164338600981,
    "clipped_044a": 0.33291216915768945
  },
  "q7_measured": 0.259
}