{
  "experiment": "102a_fidelity_suscept",
  "timestamp": "2026-04-02 14:45:52",
  "data": {
    "2": {
      "g_c": 0.5,
      "sizes": {
        "6": {
          "dim": 64,
          "g_vals": [
            0.35,
            0.365,
            0.38,
            0.395,
            0.41,
            0.425,
            0.44,
            0.455,
            0.47,
            0.485,
            0.5,
            0.515,
            0.53,
            0.545,
            0.56,
            0.575,
            0.5900000000000001,
            0.605,
            0.6200000000000001,
            0.635,
            0.65
          ],
          "chi_F": [
            0.621721333674922,
            0.6543064682655123,
            0.6825531621383144,
            0.7047794829221724,
            0.7194916292381965,
            0.725559871443219,
            0.7223648013088279,
            0.7098815461385279,
            0.6886825036171255,
            0.6598582606246831,
            0.6248749813882644,
            0.5853993068072326,
            0.5431251004495151,
            0.4996285681476327,
            0.4562679123409907,
            0.4141301597944864,
            0.3740196670894609,
            0.3364765207199601,
            0.30181334098600127,
            0.2701598389442949,
            0.2415078285504061
          ],
          "g_peak": 0.425,
          "chi_peak": 0.725559871443219,
          "width_FWHM": 0.2400000000000001,
          "time_s": 0.07910037040710449
        },
        "8": {
          "dim": 256,
          "g_vals": [
            0.35,
            0.365,
            0.38,
            0.395,
            0.41,
            0.425,
            0.44,
            0.455,
            0.47,
            0.485,
            0.5,
            0.515,
            0.53,
            0.545,
            0.56,
            0.575,
            0.5900000000000001,
            0.605,
            0.6200000000000001,
            0.635,
            0.65
          ],
          "chi_F": [
            0.6194908586110159,
            0.6797084950438403,
            0.742225222949422,
            0.8038150589584347,
            0.8603034284959676,
            0.9069383577475776,
            0.9390472621717549,
            0.9528701216954261,
            0.9463450356683722,
            0.9195784689275399,
            0.8748248736534237,
            0.8159820208408775,
            0.7477923835708111,
            0.6750172809599775,
            0.6018017084663541,
            0.5313262274597719,
            0.4657288943388238,
            0.4062123193371292,
            0.3532428904939877,
            0.30676796658468675,
            0.2664078929681679
          ],
          "g_peak": 0.455,
          "chi_peak": 0.9528701216954261,
          "width_FWHM": 0.22499999999999998,
          "time_s": 0.05671548843383789
        },
        "10": {
          "dim": 1024,
          "g_vals": [
            0.35,
            0.365,
            0.38,
            0.395,
            0.41,
            0.425,
            0.44,
            0.455,
            0.47,
            0.485,
            0.5,
            0.515,
            0.53,
            0.545,
            0.56,
            0.575,
            0.5900000000000001,
            0.605,
            0.6200000000000001,
            0.635,
            0.65
          ],
          "chi_F": [
            0.5857769558303971,
            0.657378689261634,
            0.7401586166189134,
            0.8321977085223864,
            0.929082011325022,
            1.0234523428742648,
            1.1053305293273752,
            1.1636273100634753,
            1.188756000303215,
            1.175498651750928,
            1.1247747599973934,
            1.043343771378602,
            0.9416095680947478,
            0.8306962340220991,
            0.7200803175955173,
            0.6164199417568739,
            0.5234848821089599,
            0.44272690846725027,
            0.37403909747268926,
            0.3164313655545925,
            0.2685217648235039
          ],
          "g_peak": 0.47,
          "chi_peak": 1.188756000303215,
          "width_FWHM": 0.20999999999999996,
          "time_s": 0.13707470893859863
        },
        "12": {
          "dim": 4096,
          "g_vals": [
            0.35,
            0.365,
            0.38,
            0.395,
            0.41,
            0.425,
            0.44,
            0.455,
            0.47,
            0.485,
            0.5,
            0.515,
            0.53,
            0.545,
            0.56,
            0.575,
            0.5900000000000001,
            0.605,
            0.6200000000000001,
            0.635,
            0.65
          ],
          "chi_F": [
            0.5525029322939189,
            0.6242347749818576,
            0.7136106224455336,
            0.8221350008182544,
            0.9485196998208303,
            1.0865861969448312,
            1.2234710281925723,
            1.3397656724774738,
            1.413339700828686,
            1.4267464931716487,
            1.374724524956979,
            1.2667422425819788,
            1.1226544952928443,
            0.9647023716900329,
            0.8108948864234595,
            0.6723166949088958,
            0.553717775334898,
            0.455518496996395,
            0.3758118483077055,
            0.31178781408532547,
            0.2605530143492037
          ],
          "g_peak": 0.485,
          "chi_peak": 1.4267464931716487,
          "width_FWHM": 0.18000000000000005,
          "time_s": 0.5538580417633057
        }
      }
    },
    "3": {
      "g_c": 0.3333333333333333,
      "sizes": {
        "6": {
          "dim": 729,
          "g_vals": [
            0.2333333333333333,
            0.2444444444444444,
            0.25555555555555554,
            0.26666666666666666,
            0.2777777777777778,
            0.28888888888888886,
            0.3,
            0.3111111111111111,
            0.3222222222222222,
            0.3333333333333333,
            0.34444444444444444,
            0.35555555555555557,
            0.3666666666666667,
            0.37777777777777777,
            0.3888888888888889,
            0.4,
            0.4111111111111111,
            0.4222222222222223,
            0.43333333333333335
          ],
          "chi_F": [
            2.0011474810566194,
            2.3129577586544765,
            2.6643845463247824,
            3.0401796783744803,
            3.412636998915511,
            3.7419824017170806,
            3.9821234754100483,
            4.092035976732688,
            4.049071907393416,
            3.8574434202409686,
            3.5467706586504253,
            3.1615697504427938,
            2.747779019133626,
            2.3426343642718446,
            1.9705044188948286,
            1.64361467769325,
            1.3651689778626517,
            1.1328165479736658,
            0.9414291087435818
          ],
          "g_peak": 0.3111111111111111,
          "chi_peak": 4.092035976732688,
          "width_FWHM": 0.13333333333333336,
          "time_s": 0.13772916793823242
        },
        "8": {
          "dim": 6561,
          "g_vals": [
            0.2333333333333333,
            0.2444444444444444,
            0.25555555555555554,
            0.26666666666666666,
            0.2777777777777778,
            0.28888888888888886,
            0.3,
            0.3111111111111111,
            0.3222222222222222,
            0.3333333333333333,
            0.34444444444444444,
            0.35555555555555557,
            0.3666666666666667,
            0.37777777777777777,
            0.3888888888888889,
            0.4,
            0.4111111111111111,
            0.4222222222222223,
            0.43333333333333335
          ],