{
  "experiment": "107_compiled_scaling",
  "data": {
    "q2": {
      "sizes": [
        6,
        8,
        10,
        12,
        14
      ],
      "z_m": 0.9890674164120701,
      "beta_me": 0.0662991991111276,
      "alpha_fit": 1.0444340319352674,
      "alpha_predicted": 1.0444340319352676
    },
    "q3": {
      "sizes": [
        6,
        8,
        10
      ],
      "z_m": 1.0306327020133967,
      "beta_me": 0.38101951922098687,
      "alpha_fit": 1.4422849232477795,
      "alpha_predicted": 1.4422849232477803
    },
    "q5": {
      "sizes": [
        6,
        7,
        8,
        9,
        10
      ],
      "z_m": 1.1548012411647266,
      "beta_me": 0.7757566544899829,
      "alpha_fit": 2.085359136819439,
      "alpha_predicted": 2.085359136819436
    },
    "q7": {
      "sizes": [
        6,
        7,
        8
      ],
      "z_m": 1.312046178416652,
      "beta_me": 1.025131243839261,
      "alpha_fit": 2.649223600672564,
      "alpha_predicted": 2.649223600672565
    }
  },
  "linear_fits": {
    "z_m": [
      0.06512104115765661,
      0.8448724595816707
    ],
    "beta_me": [
      0.1881681908067243,
      -0.2376631567632386
    ],
    "alpha": [
      0.31841027312203746,
      0.4520817624001032
    ]
  }
}