{
  "experiment": "083b_casimir_q678",
  "timestamp": "2026-04-02 06:45:41",
  "data": {
    "4": {
      "q": 4,
      "gc": 0.25,
      "sizes": [
        4,
        6,
        8
      ],
      "E0_per_N": [
        -1.1627733522342925,
        -1.1478984862408665,
        -1.1427870450771
      ],
      "gaps": [
        0.17692183465402422,
        0.11553585473171779,
        0.08577661057034369
      ],
      "gap_N": [
        0.7076873386160969,
        0.6932151283903067,
        0.6862128845627495
      ],
      "fit": {
        "eps_inf": -1.1360857937316808,
        "slope": -0.4268207435697893,
        "vc_casimir": 0.8151675738394832,
        "v_rec": 0.8151675738394832,
        "v_ceff": 0.8151675738394832,
        "v_gap": 0.8089938710482203,
        "v_082": 0.81,
        "R2": 0.999985858148099,
        "c_rec": 1.0,
        "c_eff": 1.0
      },
      "pairwise": [
        {
          "pair": "(4,6)",
          "vc": 0.8181763605561382,
          "v_rec": 0.8181763605561382,
          "v_ceff": 0.8181763605561382
        },
        {
          "pair": "(6,8)",
          "vc": 0.8032841305049364,
          "v_rec": 0.8032841305049364,
          "v_ceff": 0.8032841305049364
        }
      ]
    },
    "6": {
      "q": 6,
      "gc": 0.16666666666666666,
      "sizes": [
        4,
        5,
        6,
        7
      ],
      "E0_per_N": [
        -1.1424954464261665,
        -1.1316807291401958,
        -1.125913721635504,
        -1.1224769983479639
      ],
      "gaps": [
        0.1595441618055462,
        0.12443589548288614,
        0.10175948825755388,
        0.08591185624914566
      ],
      "gap_N": [
        0.6381766472221848,
        0.6221794774144307,
        0.6105569295453233,
        0.6013829937440196
      ],
      "fit": {
        "eps_inf": -1.1127103993707974,
        "slope": -0.47599197091741746,
        "vc_casimir": 0.9090777005227282,
        "v_rec": 0.7255209102336219,
        "v_ceff": 0.7925699219901727,
        "v_gap": 0.7089857492278747,
        "v_082": 0.71,
        "R2": 0.9999602107017586,
        "c_rec": 1.253,
        "c_eff": 1.147
      },
      "pairwise": [
        {
          "pair": "(4,5)",
          "vc": 0.9179817142419237,
          "v_rec": 0.7326270664340971,
          "v_ceff": 0.8003327935849378
        },
        {
          "pair": "(5,6)",
          "vc": 0.9011596102884936,
          "v_rec": 0.7192016043802822,
          "v_ceff": 0.7856666175139438
        },
        {
          "pair": "(6,7)",
          "vc": 0.8906378997035275,
          "v_rec": 0.7108043892286732,
          "v_ceff": 0.7764933737607039
        }
      ]
    },
    "7": {
      "q": 7,
      "gc": 0.14285714285714285,
      "sizes": [
        4,
        5,
        6,
        7
      ],
      "E0_per_N": [
        -1.1328261683020056,
        -1.1217666112319808,
        -1.1158893629446893,
        -1.1123973254893489
      ],
      "gaps": [
        0.1519214438164358,
        0.11753293395196351,
        0.09541241335345063,
        0.0800047934773831
      ],
      "gap_N": [
        0.6076857752657432,
        0.5876646697598176,
        0.5724744801207038,
        0.5600335543416817
      ],
      "fit": {
        "eps_inf": -1.1024173841174,
        "slope": -0.4858444722291346,
        "vc_casimir": 0.9278945919496782,
        "v_rec": 0.6868205713913236,
        "v_ceff": 0.8351886516198723,
        "v_gap": 0.6752432459909259,
        "v_082": 0.68,
        "R2": 0.9999425793022759,
        "c_rec": 1.351,
        "c_eff": 1.111
      },
      "pairwise": [
        {
          "pair": "(4,5)",
          "vc": 0.9387643605873871,
          "v_rec": 0.6948662920706048,
          "v_ceff": 0.8449724217708254
        },
        {
          "pair": "(5,6)",
          "vc": 0.9183859691244433,
          "v_rec": 0.6797823605658352,
          "v_ceff": 0.8266300352155205
        },
        {
          "pair": "(6,7)",
          "vc": 0.9049727442958081,
          "v_rec": 0.6698539928170304,
          "v_ceff": 0.8145569255587832
        }
      ]
    },
    "8": {
      "q": 8,
      "gc": 0.125,
      "sizes": [
        4,
        5,
        6
      ],
      "E0_per_N": [
        -1.1240556298110058,
        -1.112867451377563,
        -1.1069459345824286
      ],
      "gaps": [
        0.14486078417602588,
        0.11105680971872633,
        0.08938821530978469
      ],
      "gap_N": [
        0.5794431367041035,
        0.5552840485936317,
        0.5363292918587081
      ],
      "fit": {
        "eps_inf": -1.0932002374673213,
        "slope": -0.4933174672249896,
        "vc_casimir": 0.942166961069174,
        "v_rec": 0.655192601578007,
        "v_ceff": 0.8871628635302956,
        "v_gap": 0.6566112148022247,
        "v_082": 0.66,
        "R2": 0.9999561555192218,
        "c_rec": 1.438,
        "c_eff": 1.062
      },
      "pairwise": [
        {
          "pair": "(4,5)",
          "vc": 0.9496820810008392,
          "v_rec": 0.6604186933246448,
          "v_ceff": 0.8942392476467411
        },
        {
          "pair": "(5,6)",
          "vc": 0.925303420028261,
          "v_rec": 0.6434655215773721,
          "v_ceff": 0.871283823002129
        }
      ]
    }
  }
}