{
  "experiment": "105a_j1j2_fidelity_suscept",
  "timestamp": "2026-04-02 16:44:23",
  "data": {
    "8": {
      "dim": 70,
      "J2_vals": [
        0.1612,
        0.16920000000000002,
        0.1772,
        0.1852,
        0.1932,
        0.2012,
        0.2092,
        0.2172,
        0.2252,
        0.2332,
        0.2412,
        0.24919999999999998,
        0.2572,
        0.2652,
        0.2732,
        0.2812,
        0.2892,
        0.2972,
        0.30519999999999997,
        0.3132,
        0.3212
      ],
      "chi_F": [
        0.02084563632820391,
        0.021633775326712623,
        0.022474383465365122,
        0.0233721764164585,
        0.024332563741680246,
        0.02536137411190964,
        0.026465143965204163,
        0.027651186895738533,
        0.028927560347113968,
        0.030303409781495816,
        0.031788816023947675,
        0.03339519216716269,
        0.03513523361142745,
        0.037023265009317186,
        0.03907539847247676,
        0.04130982778072223,
        0.043746939404343266,
        0.04640988982007599,
        0.04932496078247084,
        0.052521770266267254,
        0.05603400243803236
      ],
      "J2_peak": 0.3212,
      "chi_peak": 0.05603400243803236,
      "width_FWHM": 0.09599999999999997,
      "time_s": 0.03859686851501465
    },
    "10": {
      "dim": 252,
      "J2_vals": [
        0.1612,
        0.16920000000000002,
        0.1772,
        0.1852,
        0.1932,
        0.2012,
        0.2092,
        0.2172,
        0.2252,
        0.2332,
        0.2412,
        0.24919999999999998,
        0.2572,
        0.2652,
        0.2732,
        0.2812,
        0.2892,
        0.2972,
        0.30519999999999997,
        0.3132,
        0.3212
      ],
      "chi_F": [
        0.02449866753906349,
        0.025542783443910366,
        0.026666922003926175,
        0.02787950759142177,
        0.029190050376826093,
        0.030609355050614795,
        0.03214967181364159,
        0.033824927303527375,
        0.03565088224632973,
        0.037645633277350043,
        0.03982984164707659,
        0.04222724392377586,
        0.044865091641810295,
        0.04777472195627297,
        0.05099239697159419,
        0.05456010310211923,
        0.05852651696613975,
        0.06294828214237214,
        0.0678913769647238,
        0.07343301744455744,
        0.07966352910671048
      ],
      "J2_peak": 0.3212,
      "chi_peak": 0.07966352910671048,
      "width_FWHM": 0.07200000000000001,
      "time_s": 0.058739423751831055
    },
    "12": {
      "dim": 924,
      "J2_vals": [
        0.1612,
        0.16920000000000002,
        0.1772,
        0.1852,
        0.1932,
        0.2012,
        0.2092,
        0.2172,
        0.2252,
        0.2332,
        0.2412,
        0.24919999999999998,
        0.2572,
        0.2652,
        0.2732,
        0.2812,
        0.2892,
        0.2972,
        0.30519999999999997,
        0.3132,
        0.3212
      ],
      "chi_F": [
        0.02676067145657157,
        0.02796697133137608,
        0.029271936726379025,
        0.03068675313855351,
        0.032224228840860285,
        0.033898985470533674,
        0.03572770967963378,
        0.03772976005696667,
        0.03992722263923553,
        0.04234577688499996,
        0.04501502134009645,
        0.047969532050255254,
        0.051249417672612665,
        0.054901594381817624,
        0.058980990462013466,
        0.06355219313765777,
        0.06869120827701634,
        0.07448789363095897,
        0.08104860116375788,
        0.08849962429557932,
        0.09699130387730291
      ],
      "J2_peak": 0.3212,
      "chi_peak": 0.09699130387730291,
      "width_FWHM": 0.064,
      "time_s": 0.15152502059936523
    },
    "14": {
      "dim": 3432,
      "J2_vals": [
        0.1612,
        0.16920000000000002,
        0.1772,
        0.1852,
        0.1932,
        0.2012,
        0.2092,
        0.2172,
        0.2252,
        0.2332,
        0.2412,
        0.24919999999999998,
        0.2572,
        0.2652,
        0.2732,
        0.2812,
        0.2892,
        0.2972,
        0.30519999999999997,
        0.3132,
        0.3212
      ],
      "chi_F": [
        0.02828843032836354,
        0.029607088209664716,
        0.031038032461643588,
        0.03259464444381267,
        0.03429234674001691,
        0.03614877127792023,
        0.0381843969142283,
        0.04042282381837887,
        0.04289162993030361,
        0.04562278808707885,
        0.0486537032884371,
        0.052028226171785256,
        0.05579795514520924,
        0.06002372567235982,
        0.0647775436465484,
        0.07014482011109228,
        0.0762273641033825,
        0.08314659754355651,
        0.09104798661039938,
        0.10010619159014514,
        0.1105313206041712
      ],
      "J2_peak": 0.3212,
      "chi_peak": 0.1105313206041712,
      "width_FWHM": 0.064,
      "time_s": 0.5260753631591797
    },
    "16": {
      "dim": 12870,
      "J2_vals": [
        0.1612,
        0.16920000000000002,
        0.1772,
        0.1852,
        0.1932,
        0.2012,
        0.2092,
        0.2172,
        0.2252,
        0.2332,
        0.2412,
        0.24919999999999998,
        0.2572,
        0.2652,
        0.2732,
        0.2812,
        0.2892,
        0.2972,
        0.30519999999999997,
        0.3132,
        0.3212
      ],
      "chi_F": [
        0.02938227022797335,
        0.03078346466622861,
        0.03230738870874106,
        0.03396925102316928,
        0.03578648766211501,
        0.037779396278025956,
        0.03997143449563367,
        0.042389980414725414,
        0.045067079235128205,
        0.04804021486171095,
        0.051353557517508364,
        0.055059211356844884,
        0.059219076864458486,
        0.06390647872001054,
        0.06920908152130423,
        0.07523176803747589,
        0.08210049307066924,
        0.08996692141272078,
        0.09901437447723538,
        0.10946475809126,
        0.12158763024183727
      ],
      "J2_peak": 0.3212,
      "chi_peak": 0.12158763024183727,
      "width_FWHM": 0.055999999999999994,
      "time_s": 3.4627833366394043
    },
    "18": {
      "dim": 48620,
      "J2_vals": [
        0.1612,
        0.16920000000000002,
        0.1772,
        0.1852,
        0.1932,
        0.2012,
        0.2092,
        0.2172,
        0.2252,
        0.2332,
        0.2412,
        0.24919999999999998,
        0.2572,
        0.2652,
        0.2732,
        0.2812,
        0.2892,
        0.2972,
        0.30519999999999997,
        0.3132,
        0.3212
      ],
      "chi_F": [
        0.030199539165683593,
        0.03166390729860938,
        0.03325936686553948,
        0.03500251816785433,
        0.036912623575031174,
        0.039012039278042546,
        0.041326888824657876,
        0.04388769471298638,
        0.046730434336931616,
        0.049897380054946754,
        0.05343867200598614,
        0.0574138378814679,
        0.061893864108005424,
        0.06696364697312952,
        0.07272529492199611,
        0.07930180709634113,
        0.08684193857849071,
        0.09552636582989117,
        0.10557500429442257,
        0.11725617143909517,
        0.13089820338763047
      ],
      "J2_peak": 0.3212,
      "chi_peak": 0.13089820338763047,
      "width_FWHM": 0.055999999999999994,
      "time_s": 11.081304788589478
    },
    "20": {
      "dim": 184756,
      "J2_vals": [
        0.1612,
        0.16920000000000002,
        0.1772,
        0.1852,
        0.1932,
        0.2012,
        0.2092,
        0.2172,
        0.2252,
        0.2332,
        0.2412,
        0.24919999999999998,
        0.2572,
        0.2652,
        0.2732,
        0.2812,
        0.2892,
        0.2972,
        0.30519999999999997,
        0.3132,
        0.3212
      ],