{
  "Sq_q2_n6": {
    "q": 2,
    "n": 6,
    "nA": 3,
    "model": "S_q",
    "g_c": 0.5,
    "time_s": 0.02,
    "S_total": 0.5877379107652335,
    "S_number": 0.5349194937089887,
    "S_config": 0.05281841705624459,
    "p_alpha": [
      0.7735757487186722,
      0.2264242512813283
    ],
    "S_alpha": [
      0.021112870892034244,
      0.16114003664300644
    ],
    "p0": 0.7735757487186722,
    "equi_cv": 0.5471514974373437,
    "sn_ratio": 0.9101327035591845
  },
  "Sq_q3_n6": {
    "q": 3,
    "n": 6,
    "nA": 3,
    "model": "S_q",
    "g_c": 0.3333333333333333,
    "time_s": 0.02,
    "S_total": 0.9370838114397733,
    "S_number": 0.8515761446903005,
    "S_config": 0.08550766674947263,
    "p_alpha": [
      0.6779896137873002,
      0.1610051931063498,
      0.16100519310634984
    ],
    "S_alpha": [
      0.03254149892022523,
      0.19702739781375142,
      0.19702739781375128
    ],
    "p0": 0.6779896137873002,
    "equi_cv": 0.7311263792625977,
    "sn_ratio": 0.9087513136972292
  },
  "Sq_q4_n6": {
    "q": 4,
    "n": 6,
    "nA": 3,
    "model": "S_q",
    "g_c": 0.25,
    "time_s": 0.02,
    "S_total": 1.1842237418012969,
    "S_number": 1.0754659267050428,
    "S_config": 0.10875781509625627,
    "p_alpha": [
      0.6238032253410701,
      0.12539892488631013,
      0.12539892488631016,
      0.12539892488631013
    ],
    "S_alpha": [
      0.041036617310081305,
      0.2210519772173343,
      0.22105197721733308,
      0.22105197721733422
    ],
    "p0": 0.6238032253410701,
    "equi_cv": 0.8632615710984681,
    "sn_ratio": 0.9081610921506903
  },
  "Sq_q5_n6": {
    "q": 5,
    "n": 6,
    "nA": 3,
    "model": "S_q",
    "g_c": 0.2,
    "time_s": 0.18,
    "S_total": 1.3737974922843335,
    "S_number": 1.247365277097042,
    "S_config": 0.1264322151872967,
    "p_alpha": [
      0.5887835519912679,
      0.1028041120021834,
      0.10280411200218337,
      0.10280411200218338,
      0.10280411200218342
    ],
    "S_alpha": [
      0.048266715494445875,
      0.23835030789780698,
      0.23835030789780942,
      0.23835030789781025,
      0.23835030789780798
    ],
    "p0": 0.5887835519912679,
    "equi_cv": 0.9719588799781675,
    "sn_ratio": 0.9079688120721042
  },
  "Sq_q6_n6": {
    "q": 6,
    "n": 6,
    "nA": 3,
    "model": "S_q",
    "g_c": 0.16666666666666666,
    "time_s": 0.51,
    "S_total": 1.5262360938066222,
    "S_number": 1.3858573533100627,
    "S_config": 0.1403787404965563,
    "p_alpha": [
      0.5644231060630523,
      0.08711537878738915,
      0.08711537878738915,
      0.08711537878738916,
      0.0871153787873891,
      0.08711537878738909
    ],
    "S_alpha": [
      0.05477709221130706,
      0.25130186080392447,
      0.2513018608039223,
      0.2513018608039306,
      0.2513018608039212,
      0.2513018608039242
    ],
    "p0": 0.5644231060630523,
    "equi_cv": 1.0672925243743157,
    "sn_ratio": 0.9080229192153112
  },
  "Sq_q7_n6": {
    "q": 7,
    "n": 6,
    "nA": 3,
    "model": "S_q",
    "g_c": 0.14285714285714285,
    "time_s": 1.11,
    "S_total": 1.6526544262399268,
    "S_number": 1.501030370073039,
    "S_config": 0.15162405616688834,
    "p_alpha": [
      0.546676369536955,
      0.07555393841050745,
      0.07555393841050734,
      0.07555393841050725,
      0.07555393841050723,
      0.07555393841050725,
      0.07555393841050731
    ],
    "S_alpha": [
      0.06076196051985723,
      0.2611973438556435,
      0.2611973438556454,
      0.26119734385564586,
      0.26119734385564564,
      0.26119734385564547,
      0.261197343855644
    ],
    "p0": 0.546676369536955,
    "equi_cv": 1.1540095626393092,
    "sn_ratio": 0.9082542280107169
  },
  "Sq_q8_n6": {
    "q": 8,
    "n": 6,
    "nA": 3,
    "model": "S_q",
    "g_c": 0.125,
    "time_s": 1.88,
    "S_total": 1.7597947487750136,
    "S_number": 1.5989969967265594,
    "S_config": 0.16079775204845573,
    "p_alpha": [
      0.5333418526081388,
      0.06666544962740886,
      0.06666544962740889,
      0.06666544962740889,
      0.06666544962740889,
      0.06666544962740889,
      0.06666544962740889,
      0.06666544962740886
    ],
    "S_alpha": [
      0.06628830332886348,
      0.2688122477789966,
      0.26881224777899915,
      0.268812247778998,
      0.26881224777899776,
      0.26881224777899737,
      0.2688122477789999,
      0.2688122477789972
    ],
    "p0": 0.5333418526081388,
    "equi_cv": 1.2347097050291724,
    "sn_ratio": 0.9086269849592489
  },
  "Sq_q9_n6": {
    "q": 9,
    "n": 6,
    "nA": 3,
    "model": "S_q",
    "g_c": 0.1111111111111111,
    "time_s": 4.49,
    "S_total": 1.8520698425553928,
    "S_number": 1.6837542783959576,
    "S_config": 0.16831556415946589,
    "p_alpha": [
      0.5231050524082008,
      0.05961186844897506,
      0.05961186844897519,
      0.05961186844897526,
      0.05961186844897522,
      0.05961186844897525,
      0.05961186844897534,
      0.059611868448975334,
      0.05961186844897525
    ],
    "S_alpha": [
      0.07137563919079398,
      0.2746487614123425,
      0.27464876141234146,
      0.27464876141239325,
      0.2746487614123378,
      0.27464876141233835,
      0.2746487614123777,
      0.2746487614123405,
      0.2746487614123422
    ],
    "p0": 0.5231050524082008,
    "equi_cv": 1.310956693645246,
    "sn_ratio": 0.9091202932567587
  },
  "Sq_q10_n6": {
    "q": 10,
    "n": 6,
    "nA": 3,
    "model": "S_q",
    "g_c": 0.1,
    "time_s": 9.86,
    "S_total": 1.9325358629164078,
    "S_number": 1.7580667659006322,
    "S_config": 0.17446909701581015,
    "p_alpha": [
      0.5151259215130501,
      0.053874897609661104,
      0.05387489760966108,
      0.05387489760966106,
      0.05387489760966108,
      0.053874897609661,
      0.05387489760966103,
      0.053874897609660966,
      0.053874897609660924,
      0.0538748976096609
    ],
    "S_alpha": [
      0.07602788362214978,
      0.27905216922809545,
      0.2790521692280975,
      0.27905216922809845,
      0.2790521692280991,
      0.27905216922815607,
      0.2790521692280992,
      0.27905216922809917,
      0.2790521692280983,
      0.2790521692281335
    ],
    "p0": 0.5151259215130501,
    "equi_cv": 1.3837530717101685,
    "sn_ratio": 0.9097201245453305
  },
  "hyb_q2_n6": {
    "q": 2,
    "n": 6,
    "nA": 3,
    "model": "hybrid",
    "g_c": 0.5,
    "time_s": 0.03,
    "S_total": 0.1816754496197587,
    "S_number": 0.15709186075668946,
    "S_config": 0.024583588863070216,
    "p_alpha": [
      0.96336700644603,
      0.036632993553969435
    ],
    "S_alpha": [
      0.002698658600666628,
      0.6001090293955538
    ],
    "p0": 0.96336700644603,
    "equi_cv": 0.9267340128920611,
    "sn_ratio": 0.8646840345543553
  },
  "hyb_q3_n6": {
    "q": 3,
    "n": 6,
    "nA": 3,
    "model": "hybrid",
    "g_c": 0.333,
    "time_s": 0.03,
    "S_total": 0.9383920695447394,
    "S_number": 0.8529916494185295,
    "S_config": 0.08540042012621063,
    "p_alpha": [
      0.6770035004273536,
      0.1614982497863231,
      0.1614982497863231
    ],
    "S_alpha": [
      0.03260624574798767,
      0.19605747338690796,
      0.19605747338690765
    ],
    "p0": 0.6770035004273536,
    "equi_cv": 0.7290345169310871,
    "sn_ratio": 0.9089928155854493
  },
  "hyb_q4_n6": {
    "q": 4,
    "n": 6,
    "nA": 3,
    "model": "hybrid",
    "g_c": 0.392,
    "time_s": 0.03,
    "S_total": 1.193071572177362,
    "S_number": 1.0860340712485042,
    "S_config": 0.10703750092886018,
    "p_alpha": [
      0.6059433831856227,
      0.1577609374191391,
      0.07853474197609947,
      0.1577609374191391
    ],
    "S_alpha": [
      0.04112186880955159,
      0.1912725248150587,
      0.27719338520793674,
      0.19127252481505794
    ],
    "p0": 0.6059433831856227,
    "equi_cv": 0.8321348834760423,
    "sn_ratio": 0.9102840907243195
  },
  "hyb_q5_n6": {
    "q": 5,
    "n": 6,
    "nA": 3,
    "model": "hybrid",
    "g_c": 0.441,
    "time_s": 0.17,