{
  "experiment": "037b",
  "sizes": {
    "8": {
      "-2.0": {
        "cv": 0.0,
        "time": 0.3600273132324219
      },
      "-1.5": {
        "cv": 0.0,
        "time": 0.3596351146697998
      },
      "-1.3": {
        "cv": 0.0,
        "time": 0.35489845275878906
      },
      "-1.2": {
        "cv": 0.0,
        "time": 0.356781005859375
      },
      "-1.15": {
        "cv": 0.0,
        "time": 0.358278751373291
      },
      "-1.1": {
        "cv": 0.0,
        "time": 0.35674142837524414
      },
      "-1.05": {
        "cv": 0.0,
        "time": 0.3580751419067383
      },
      "-1.02": {
        "cv": 0.0,
        "time": 0.35539698600769043
      },
      "-1.0": {
        "cv": 6.90329682516958e-16,
        "time": 0.6541275978088379
      },
      "-0.98": {
        "cv": 0.027169048376431075,
        "time": 0.6756613254547119
      },
      "-0.95": {
        "cv": 0.07138317136006131,
        "time": 0.6807363033294678
      },
      "-0.9": {
        "cv": 0.14233596305198207,
        "time": 0.6795258522033691
      },
      "-0.8": {
        "cv": 0.2682671020554581,
        "time": 0.683436393737793
      },
      "-0.5": {
        "cv": 0.5882571833455255,
        "time": 0.6826610565185547
      },
      "0.0": {
        "cv": 1.0520748897453034,
        "time": 0.6699492931365967
      }
    },
    "16": {
      "-2.0": {
        "cv": 0.0,
        "time": 1.1063907146453857
      },
      "-1.5": {
        "cv": 0.0,
        "time": 1.1008379459381104
      },
      "-1.3": {
        "cv": 0.0,
        "time": 1.1051197052001953
      },
      "-1.2": {
        "cv": 0.0,
        "time": 1.1036901473999023
      },
      "-1.15": {
        "cv": 0.0,
        "time": 1.0999975204467773
      },
      "-1.1": {
        "cv": 0.0,
        "time": 1.0985443592071533
      },
      "-1.05": {
        "cv": 0.0,
        "time": 1.0981221199035645
      },
      "-1.02": {
        "cv": 0.0,
        "time": 1.1024136543273926
      },
      "-1.0": {
        "cv": 8.167341553373017e-14,
        "time": 3.7930922508239746
      },
      "-0.98": {
        "cv": 0.05611603921396914,
        "time": 3.2986857891082764
      },
      "-0.95": {
        "cv": 0.13038004226382416,
        "time": 3.1071348190307617
      },
      "-0.9": {
        "cv": 0.2261384142791976,
        "time": 2.7049789428710938
      },
      "-0.8": {
        "cv": 0.3737974056633285,
        "time": 2.576648235321045
      },
      "-0.5": {
        "cv": 0.72577332552801,
        "time": 2.5944061279296875
      },
      "0.0": {
        "cv": 1.2847915164851413,
        "time": 2.3762047290802
      }
    },
    "32": {
      "-2.0": {
        "cv": 0.0,
        "time": 3.5960657596588135
      },
      "-1.5": {
        "cv": 0.0,
        "time": 3.6274893283843994
      },
      "-1.3": {
        "cv": 0.0,
        "time": 3.6077849864959717
      },
      "-1.2": {
        "cv": 0.0,
        "time": 3.602039098739624
      }
    }
  }
}