{
  "tfim_ordered": {
    "h_over_J": 0.3,
    "energy": -5.181963782036774,
    "half_cut_entropy": 0.9984848150473112,
    "spectrum": {
      "|A|=1": {
        "values": [
          0.4771902488971309,
          0.4933923794456737,
          0.4939911114171389,
          0.49399111141713803,
          0.49339237944567305,
          0.47719024889713013
        ],
        "mean": 0.48819124658664753,
        "std": 0.007782719431192046,
        "min": 0.47719024889713013,
        "max": 0.4939911114171389
      },
      "|A|=2": {
        "values": [
          0.5079472043130351,
          0.5460365548990624,
          0.5545869876741227,
          0.570205349949289,
          0.5655699876539368,
          0.5463609435167602,
          0.5572926008353849,
          0.5740820843067849,
          0.5702053499492887,
          0.5284734376702029,
          0.5572926008353838,
          0.554586987674121,
          0.5463609435167587,
          0.5460365548990611,
          0.5079472043130349
        ],
        "mean": 0.5488656528004152,
        "std": 0.019708202758708382,
        "min": 0.5079472043130349,
        "max": 0.5740820843067849
      },
      "|A|=3": {
        "values": [
          0.5107342393604775,
          0.5334788786039928,
          0.5632810253868858,
          0.5609655024215656,
          0.563281025386887,
          0.6112790439284292,
          0.6095027042236527,
          0.608005264560421,
          0.6095027042236527,
          0.5609655024215667,
          0.5609655024215672,
          0.6095027042236527,
          0.608005264560421,
          0.6095027042236527,
          0.6112790439284292,
          0.563281025386887,
          0.5609655024215656,
          0.5632810253868858,
          0.5334788786039928,
          0.5107342393604775
        ],
        "mean": 0.573099589051753,
        "std": 0.03357524175030455,
        "min": 0.5107342393604775,
        "max": 0.6112790439284292
      }
    },
    "mi_matrix": [
      [
        0.0,
        0.9219962343417334,
        0.9123899402252884,
        0.9101102258559328,
        0.9035834589518479,
        0.8624859520719022
      ],
      [
        0.9219962343417334,
        0.0,
        0.9584187983648449,
        0.9545911427372058,
        0.9474365996630896,
        0.9035834589518483
      ],
      [
        0.9123899402252884,
        0.9584187983648449,
        0.0,
        0.9638434824045661,
        0.9545911427372056,
        0.910110225855933
      ],
      [
        0.9101102258559328,
        0.9545911427372058,
        0.9638434824045661,
        0.0,
        0.9584187983648458,
        0.9123899402252895
      ],
      [
        0.9035834589518479,
        0.9474365996630896,
        0.9545911427372056,
        0.9584187983648458,
        0.0,
        0.9219962343417338
      ],
      [
        0.8624859520719022,
        0.9035834589518483,
        0.910110225855933,
        0.9123899402252895,
        0.9219962343417338,
        0.0
      ]
    ],
    "total_MI": 13.895945635093266,
    "mi_uniformity": 0.029982983414447776
  },
  "tfim_critical": {
    "h_over_J": 0.8,
    "energy": -6.439709730750973,
    "half_cut_entropy": 0.6868095978606641,
    "spectrum": {
      "|A|=1": {
        "values": [
          0.32377964827660943,
          0.39818779174084007,
          0.41077252049692514,
          0.41077252049692436,
          0.3981877917408395,
          0.3237796482766092
        ],
        "mean": 0.37757998683812466,
        "std": 0.038387942303682726,
        "min": 0.3237796482766092,
        "max": 0.41077252049692514
      },
      "|A|=2": {
        "values": [
          0.39834221219124677,
          0.6372687282754597,
          0.7335032840493376,
          0.7755243837415511,
          0.698034124440907,
          0.6304064122253681,
          0.7758105917121894,
          0.8460075305186399,
          0.7755243837415504,
          0.6380612743031318,
          0.7758105917121894,
          0.7335032840493376,
          0.6304064122253679,
          0.6372687282754597,
          0.39834221219124666
        ],
        "mean": 0.6722542769101989,
        "std": 0.12604501593698839,
        "min": 0.39834221219124666,
        "max": 0.8460075305186399
      },
      "|A|=3": {
        "values": [
          0.418160202520076,
          0.650708071297037,
          0.7619121032539895,
          0.7126133042277825,
          0.7619121032539895,
          1.0445218949393609,
          1.0107098342274092,
          0.9849138858134414,
          1.0107098342274097,
          0.7126133042277827,
          0.7126133042277831,
          1.0107098342274097,
          0.984913885813441,
          1.0107098342274092,
          1.0445218949393604,
          0.7619121032539895,
          0.7126133042277827,
          0.7619121032539895,
          0.6507080712970374,
          0.4181602025200758
        ],
        "mean": 0.8068774537988279,
        "std": 0.19198237755390424,
        "min": 0.4181602025200758,
        "max": 1.0445218949393609
      }
    },
    "mi_matrix": [
      [
        0.0,
        0.5903124183177946,
        0.36470975774283465,
        0.27872650277964306,
        0.2164381504642532,
        0.15764039669207608
      ],
      [
        0.5903124183177946,
        0.0,
        0.5882912371768914,
        0.40534421452748703,
        0.3053412603454708,
        0.21643815046425363
      ],
      [
        0.36470975774283465,
        0.5882912371768914,
        0.0,
        0.6010283517980652,
        0.40534421452748637,
        0.27872650277964206
      ],
      [
        0.27872650277964306,
        0.40534421452748703,
        0.6010283517980652,
        0.0,
        0.5882912371768915,
        0.3647097577428351
      ],
      [
        0.2164381504642532,
        0.3053412603454708,
        0.40534421452748637,
        0.5882912371768915,
        0.0,
        0.5903124183177941
      ],
      [
        0.15764039669207608,
        0.21643815046425363,
        0.27872650277964206,
        0.3647097577428351,
        0.5903124183177941,
        0.0
      ]
    ],
    "total_MI": 5.951654570853419,
    "mi_uniformity": 0.38534186508089996
  },
  "tfim_disordered": {
    "h_over_J": 2.0,
    "energy": -12.630964276493001,
    "half_cut_entropy": 0.12777104619089466,
    "spectrum": {
      "|A|=1": {
        "values": [
          0.12607317181401767,
          0.1747767225014265,
          0.17781035237110188,
          0.17781035237110154,
          0.17477672250142673,
          0.12607317181401723
        ],
        "mean": 0.15955341556218192,
        "std": 0.023706479685575786,
        "min": 0.12607317181401723,
        "max": 0.17781035237110188
      },
      "|A|=2": {
        "values": [
          0.13331531465120228,
          0.30047130862321936,
          0.3399058732136262,
          0.3431191417087105,
          0.2834289938801019,
          0.27754281885131427,
          0.38074418116036823,
          0.4039372059771593,
          0.3431191417087097,
          0.282277773577577,
          0.3807441811603689,
          0.33990587321362575,
          0.27754281885131393,
          0.30047130862321914,
          0.1333153146512025
        ],
        "mean": 0.3013227499901146,
        "std": 0.07654400041799957,
        "min": 0.13331531465120228,
        "max": 0.4039372059771593
      },