{
  "experiment": "124b_idmrg_chif_warmstart",
  "sprint": 124,
  "timestamp": "2026-04-08 12:05:05",
  "q2": {
    "20": {
      "chi_F": 425.2413746914652,
      "d2E_dg2": -2.5122470646010697,
      "fidelity": 0.9997873567040686,
      "overlap_abs": 0.9995747586253084,
      "xi": 167.13546623202092,
      "eps0": -0.5683098471408954,
      "eps1": -0.5686293904511501,
      "eps_m": -0.5679928160777052,
      "S": 0.4596693234570829,
      "chi_max": 20,
      "chi_used": 20,
      "time_s": 15.6,
      "time_g_s": 6.5
    },
    "40": {
      "chi_F": 76.15992650833459,
      "d2E_dg2": -1.1861984035022033,
      "fidelity": 0.9999619193116764,
      "overlap_abs": 0.9999238400734917,
      "xi": 633.2848694086496,
      "eps0": -0.5683105332492886,
      "eps1": -0.5686294348863612,
      "eps_m": -0.5679928178106195,
      "S": 0.7823039804072177,
      "chi_max": 40,
      "chi_used": 40,
      "time_s": 49.0,
      "time_g_s": 15.3
    },
    "60": {
      "chi_F": 3134.815486670606,
      "d2E_dg2": 20.783982918715083,
      "fidelity": 0.9984313619439893,
      "overlap_abs": 0.9968651845133294,
      "xi": 271.75638275298854,
      "eps0": -0.5683098579869466,
      "eps1": -0.5686061142870358,
      "eps_m": -0.5679928177039386,
      "S": 0.48845453575461956,
      "chi_max": 60,
      "chi_used": 60,
      "time_s": 106.7,
      "time_g_s": 32.9
    },
    "80": {
      "chi_F": 271.6068089811952,
      "d2E_dg2": -2.381443550802942,
      "fidelity": 0.9998641873729746,
      "overlap_abs": 0.9997283931910188,
      "xi": 303.7164655785902,
      "eps0": -0.5683098579846302,
      "eps1": -0.5686292804180653,
      "eps_m": -0.5679928169947459,
      "S": 0.494375288476979,
      "chi_max": 80,
      "chi_used": 80,
      "time_s": 174.5,
      "time_g_s": 54.2
    },
    "100": {
      "chi_F": 311196.8160798682,
      "d2E_dg2": -7444.346321051398,
      "fidelity": 0.8299416750110407,
      "overlap_abs": 0.6888031839201318,
      "xi": 4.131415813100297,
      "eps0": -0.5645891543814372,
      "eps1": -0.5686293491429808,
      "eps_m": -0.567993305940945,
      "S": 1.9705012429380409,
      "chi_max": 100,
      "chi_used": 100,
      "time_s": 243.8,
      "time_g_s": 77.9
    }
  },
  "q4": {},
  "q5": {},
  "q2_analysis": {
    "chi_vals": [
      20,
      40,
      60,
      80,
      100
    ],
    "xis": [
      167.13546623202092,
      633.2848694086496,
      271.75638275298854,
      303.7164655785902,
      4.131415813100297
    ],
    "chi_Fs": [
      425.2413746914652,
      76.15992650833459,
      3134.815486670606,
      271.6068089811952,
      311196.8160798682
    ],
    "d2Es": [
      -2.5122470646010697,
      -1.1861984035022033,
      20.783982918715083,
      -2.381443550802942,
      -7444.346321051398
    ]
  }
}