{
  "experiment": "038b",
  "model": "q=3 Potts (clock)",
  "sizes": {
    "8": {
      "0.3": {
        "cv": 0.020445806524380012,
        "time": 6.07026743888855
      },
      "0.5": {
        "cv": 0.0693874088955126,
        "time": 6.44058632850647
      },
      "0.7": {
        "cv": 0.19200648567831882,
        "time": 6.212903738021851
      },
      "0.8": {
        "cv": 0.3411761063191532,
        "time": 7.151100397109985
      },
      "0.9": {
        "cv": 0.5767127191144593,
        "time": 5.595860481262207
      },
      "0.95": {
        "cv": 0.7054310988909472,
        "time": 5.982792854309082
      },
      "1.0": {
        "cv": 0.8260845251743624,
        "time": 6.03106427192688
      },
      "1.05": {
        "cv": 0.9325447746191216,
        "time": 6.1708173751831055
      }
    }
  },
  "transition_point": "g/J ~ 1 (self-dual)",
  "total_runtime": 56.071929931640625
}