{
  "five_qubit_zero": {
    "n": 5,
    "noise": "phase_damping",
    "has_correction": true,
    "lambda_values": [
      0.0,
      0.05,
      0.1,
      0.15,
      0.2,
      0.3,
      0.4,
      0.5
    ],
    "fid_uncoded": [
      1.0,
      1.0,
      1.0,
      1.0,
      1.0,
      1.0,
      1.0,
      1.0
    ],
    "fid_coded": [
      1.0,
      0.998437,
      0.99375,
      0.985938,
      0.975,
      0.94375,
      0.9,
      0.84375
    ],
    "codespace_retention": [
      1.0,
      1.0,
      1.0,
      1.0,
      1.0,
      1.0,
      1.0,
      1.0
    ]
  },
  "five_qubit_plus": {
    "n": 5,
    "noise": "phase_damping",
    "has_correction": true,
    "lambda_values": [
      0.0,
      0.05,
      0.1,
      0.15,
      0.2,
      0.3,
      0.4,
      0.5
    ],
    "fid_uncoded": [
      1.0,
      0.98734,
      0.974342,
      0.960977,
      0.947214,
      0.91833,
      0.887298,
      0.853553
    ],
    "fid_coded": [
      1.0,
      0.999219,
      0.996873,
      0.992958,
      0.987463,
      0.971667,
      0.949266,
      0.919845
    ],
    "codespace_retention": [
      1.0,
      1.0,
      1.0,
      1.0,
      1.0,
      1.0,
      1.0,
      1.0
    ]
  },
  "steane_zero": {
    "n": 7,
    "noise": "phase_damping",
    "has_correction": false,
    "lambda_values": [
      0.0,
      0.05,
      0.1,
      0.15,
      0.2,
      0.3,
      0.4,
      0.5
    ],
    "fid_uncoded": [
      1.0,
      1.0,
      1.0,
      1.0,
      1.0,
      1.0,
      1.0,
      1.0
    ],
    "fid_coded": [
      1.0,
      1.0,
      1.0,
      1.0,
      1.0,
      1.0,
      1.0,
      1.0
    ],
    "codespace_retention": [
      1.0,
      0.914687,
      0.83375,
      0.757188,
      0.685,
      0.55375,
      0.44,
      0.34375
    ]
  },
  "steane_plus": {
    "n": 7,
    "noise": "phase_damping",
    "has_correction": false,
    "lambda_values": [
      0.0,
      0.05,
      0.1,
      0.15,
      0.2,
      0.3,
      0.4,
      0.5
    ],
    "fid_uncoded": [
      1.0,
      0.98734,
      0.974342,
      0.960977,
      0.947214,
      0.91833,
      0.887298,
      0.853553
    ],
    "fid_coded": [
      1.0,
      0.999985,
      0.999872,
      0.999532,
      0.99879,
      0.995103,
      0.985883,
      0.966048
    ],
    "codespace_retention": [
      1.0,
      0.914687,
      0.83375,
      0.757188,
      0.685,
      0.55375,
      0.44,
      0.34375
    ]
  }
}