{
  "experiment": "041c",
  "model": "q=5 clock",
  "n": 12,
  "chi_max": 15,
  "data": {
    "0.8": {
      "cv": 0.3766166073067025,
      "time": 38.961586475372314
    },
    "1.0": {
      "cv": 0.5793623177165935,
      "time": 36.611761808395386
    }
  },
  "total_runtime": 75.57719373703003
}