{
  "experiment": "087b_entspec_dmrg_q7",
  "timestamp": "2026-04-02 08:05:17",
  "q": 7,
  "gc": 0.14285714285714285,
  "data": [
    {
      "n": 6,
      "chi_max": 50,
      "chi_used": 50,
      "E0": -6.3468891309434925,
      "time_dmrg": 17.184646606445312,
      "spec_mid_top20": [
        0.8910903179027667,
        0.018128210888330776,
        0.01812820816534176,
        0.018128204882956734,
        0.018128204659657973,
        0.018128204606051124,
        0.01812820453563072,
        2.119643151993461e-05,
        2.119444068431884e-05,
        2.118981018036233e-05,
        2.1189806890080285e-05,
        2.1189805733805674e-05,
        2.118980430434088e-05,
        1.1488094501599375e-05,
        2.548577067372953e-07,
        2.548378014714331e-07,
        2.5478797329744724e-07,
        2.547879283272882e-07,
        2.547879143604988e-07,
        2.5478789369829433e-07
      ],
      "lam_max": 0.8910903179027667,
      "multiplet_mean": 0.018128206289661514,
      "multiplet_spread": 3.504318053019286e-07,
      "w_max": 0.8910903179027667,
      "w_mult": 0.10876923773796908,
      "w_tail": 0.00014044435926452632,
      "S_total": 0.5404743200973104,
      "S_lev0_frac": 0.19011295460610111,
      "S_lev1_frac": 0.8070610505206149,
      "S_tail_frac": 0.0028259948732840827,
      "ent_gap": 3.894976451717048,
      "schmidt_rank": 49,
      "n_tail": 42
    },
    {
      "n": 8,
      "chi_max": 56,
      "chi_used": 56,
      "E0": -8.551611207773554,
      "time_dmrg": 29.80553436279297,
      "spec_mid_top20": [
        0.8736132146641928,
        0.020995510408860333,
        0.020995508496330223,
        0.02099550757372919,
        0.02099550739317693,
        0.020995507387102517,
        0.020995507382987243,
        6.14040090764648e-05,
        6.140399918125792e-05,
        6.140399445300593e-05,
        6.140399360632334e-05,
        6.140399357748516e-05,
        6.140399355694904e-05,
        3.839339303030303e-05,
        9.605574499902915e-07,
        9.605572214517442e-07,
        9.605571134324312e-07,
        9.60557094017432e-07,
        9.605570933632186e-07,
        9.605570928824512e-07
      ],
      "lam_max": 0.8736132146641928,
      "multiplet_mean": 0.02099550810703107,
      "multiplet_spread": 1.4412002199989766e-07,
      "w_max": 0.8736132146641928,
      "w_mult": 0.12597304864218642,
      "w_tail": 0.0004137366936205842,
      "S_total": 0.6087937337028151,
      "S_lev0_frac": 0.19389239480142573,
      "S_lev1_frac": 0.7994336014974824,
      "S_tail_frac": 0.006674003701091814,
      "ent_gap": 3.728329106739477,
      "schmidt_rank": 56,
      "n_tail": 49
    },
    {
      "n": 10,
      "chi_max": 50,
      "chi_used": 50,
      "E0": -10.756979553225326,
      "time_dmrg": 228.5083589553833,
      "spec_mid_top20": [
        0.8613988259719763,
        0.022976751753067518,
        0.022975078880009492,
        0.02297507304152958,
        0.022975070470657173,
        0.022975067378951837,
        0.022975060360762592,
        0.00011067515547664769,
        0.0001097660500272541,
        0.00010976552322119516,
        0.00010976540542335932,
        0.00010976528077918142,
        0.00010976479238718514,
        7.497820740866836e-05,
        2.0468578472627127e-06,
        2.0335346721347304e-06,
        2.0335141982315984e-06,
        2.0334993466036986e-06,
        2.033462147076073e-06,
        2.033439154492743e-06
      ],
      "lam_max": 0.8613988259719763,
      "multiplet_mean": 0.022975350314163034,
      "multiplet_spread": 7.361769382395823e-05,
      "w_max": 0.8613988259719763,
      "w_mult": 0.1378521018849782,
      "w_tail": 0.0007490721430457786,
      "S_total": 0.6556036119087467,
      "S_lev0_frac": 0.19603109993970494,
      "S_lev1_frac": 0.7934091968599916,
      "S_tail_frac": 0.010559703200303344,
      "ent_gap": 3.6240746983007788,
      "schmidt_rank": 50,
      "n_tail": 43
    },
    {
      "n": 12,
      "chi_max": 40,
      "chi_used": 40,
      "E0": -12.962648076640154,
      "time_dmrg": 293.5682110786438,
      "spec_mid_top20": [
        0.8522796375409095,
        0.024467213488251472,
        0.024456844400636512,
        0.0244383549892779,
        0.024422744190879316,
        0.024421066549371696,
        0.024419012310009914,
        0.00016287312388965058,
        0.00016077330276963566,
        0.00015911607527463074,
        0.00015845280434729792,
        0.00015834522147330674,
        0.0001581022095360254,
        0.00011629493506071706,
        3.3927246668445347e-06,
        3.3253850644474506e-06,
        3.0963544237180574e-06,
        3.0406357517606287e-06,
        3.0047464563205687e-06,
        2.93756353246102e-06
      ],
      "lam_max": 0.8522796375409095,
      "multiplet_mean": 0.024437539321404467,
      "multiplet_spread": 0.0019724235573644455,
      "w_max": 0.8522796375409095,
      "w_mult": 0.1466252359284268,
      "w_tail": 0.0010951265306640412,
      "S_total": 0.690150295170357,
      "S_lev0_frac": 0.19739016784789035,
      "S_lev1_frac": 0.7885518474063243,
      "S_tail_frac": 0.014057984745785313,
      "ent_gap": 3.5505806896967065,
      "schmidt_rank": 40,
      "n_tail": 33
    }
  ],
  "Re_c": 1.3512522747656739
}