{
  "experiment": "035c",
  "data": {
    "tfim": {
      "8": {
        "0.3": {
          "h_J": 0.3,
          "mi_cv": 0.028713657038470845,
          "mean_mi": 0.9369152395742031,
          "n_pairs": 28,
          "time": 0.025670528411865234
        },
        "0.5": {
          "h_J": 0.5,
          "mi_cv": 0.08797190685888029,
          "mean_mi": 0.7968950820403877,
          "n_pairs": 28,
          "time": 0.02904486656188965
        },
        "0.7": {
          "h_J": 0.7,
          "mi_cv": 0.23329449772362643,
          "mean_mi": 0.5377937902720793,
          "n_pairs": 28,
          "time": 0.03195834159851074
        },
        "0.9": {
          "h_J": 0.9,
          "mi_cv": 0.5471489814359539,
          "mean_mi": 0.287672124939128,
          "n_pairs": 28,
          "time": 0.024250268936157227
        },
        "1.0": {
          "h_J": 1.0,
          "mi_cv": 0.7272527525003573,
          "mean_mi": 0.21409556387679363,
          "n_pairs": 28,
          "time": 0.02285599708557129
        },
        "1.1": {
          "h_J": 1.1,
          "mi_cv": 0.8864764014004093,
          "mean_mi": 0.1667069699629798,
          "n_pairs": 28,
          "time": 0.02434563636779785
        },
        "1.3": {
          "h_J": 1.3,
          "mi_cv": 1.117920695314045,
          "mean_mi": 0.11356170368864796,
          "n_pairs": 28,
          "time": 0.025050878524780273
        },
        "1.5": {
          "h_J": 1.5,
          "mi_cv": 1.2604312756697877,
          "mean_mi": 0.08538809540416696,
          "n_pairs": 28,
          "time": 0.024034976959228516
        },
        "2.0": {
          "h_J": 2.0,
          "mi_cv": 1.4356982423452431,
          "mean_mi": 0.051146871272228264,
          "n_pairs": 28,
          "time": 0.02667832374572754
        }
      },
      "12": {
        "0.3": {
          "h_J": 0.3,
          "mi_cv": 0.056906023628151,
          "mean_mi": 0.9445834021618794,
          "n_pairs": 30,
          "time": 1.8053066730499268
        },
        "0.5": {
          "h_J": 0.5,
          "mi_cv": 0.09750147793595416,
          "mean_mi": 0.8528359722774304,
          "n_pairs": 30,
          "time": 1.353780746459961
        },
        "0.7": {
          "h_J": 0.7,
          "mi_cv": 0.15475743888330315,
          "mean_mi": 0.6817830784435096,
          "n_pairs": 30,
          "time": 1.749058723449707
        },
        "0.9": {
          "h_J": 0.9,
          "mi_cv": 0.27259633460092303,
          "mean_mi": 0.43022717285480994,
          "n_pairs": 30,
          "time": 1.258425235748291
        },
        "1.0": {
          "h_J": 1.0,
          "mi_cv": 0.3566516221954706,
          "mean_mi": 0.3390217464057177,
          "n_pairs": 30,
          "time": 1.1836435794830322
        },
        "1.1": {
          "h_J": 1.1,
          "mi_cv": 0.43004181143314496,
          "mean_mi": 0.28007642705343855,
          "n_pairs": 30,
          "time": 1.229724645614624
        },
        "1.3": {
          "h_J": 1.3,
          "mi_cv": 0.47385718973806695,
          "mean_mi": 0.22074544994016748,
          "n_pairs": 30,
          "time": 1.2422568798065186
        },
        "1.5": {
          "h_J": 1.5,
          "mi_cv": 0.4776030011899725,
          "mean_mi": 0.18761407668679814,
          "n_pairs": 30,
          "time": 1.1620512008666992
        },
        "2.0": {
          "h_J": 2.0,
          "mi_cv": 0.536016572241224,
          "mean_mi": 0.129376124885868,
          "n_pairs": 30,
          "time": 1.021094560623169
        }
      },
      "16": {
        "0.3": {
          "h_J": 0.3,
          "mi_cv": 0.048853771190944716,
          "mean_mi": 0.9506984296582537,
          "n_pairs": 42,
          "time": 1.7513964176177979
        },
        "0.5": {
          "h_J": 0.5,
          "mi_cv": 0.08443320009139095,
          "mean_mi": 0.8669744538479586,
          "n_pairs": 42,
          "time": 2.4132723808288574
        },
        "0.7": {
          "h_J": 0.7,
          "mi_cv": 0.13381339594351058,
          "mean_mi": 0.720005384228839,
          "n_pairs": 42,
          "time": 3.1454131603240967
        },
        "0.9": {
          "h_J": 0.9,
          "mi_cv": 0.2307941214276523,
          "mean_mi": 0.4638688426288597,
          "n_pairs": 42,
          "time": 2.443481683731079
        },
        "1.0": {
          "h_J": 1.0,
          "mi_cv": 0.3163780603275537,
          "mean_mi": 0.3544422056230943,
          "n_pairs": 42,
          "time": 2.2686920166015625
        },
        "1.1": {
          "h_J": 1.1,
          "mi_cv": 0.3943787563545535,
          "mean_mi": 0.28777061130227427,
          "n_pairs": 42,
          "time": 2.2114479541778564
        },
        "1.3": {
          "h_J": 1.3,
          "mi_cv": 0.45746791693095984,
          "mean_mi": 0.2222642500008845,
          "n_pairs": 42,
          "time": 2.1159064769744873
        },
        "1.5": {
          "h_J": 1.5,
          "mi_cv": 0.4797122672862514,
          "mean_mi": 0.18646279676940206,
          "n_pairs": 42,
          "time": 2.0102195739746094
        },
        "2.0": {
          "h_J": 2.0,
          "mi_cv": 0.547675629385927,
          "mean_mi": 0.12838352088399044,
          "n_pairs": 42,
          "time": 1.762671947479248
        }
      }
    },
    "xxz": {
      "8": {
        "-0.5": {
          "delta": -0.5,
          "mi_cv": 0.5882571833455237,
          "mean_mi": 0.4022889843050449,
          "n_pairs": 28,
          "time": 0.06306958198547363
        },
        "0.0": {
          "delta": 0.0,
          "mi_cv": 1.0520748897453016,
          "mean_mi": 0.32427995573980695,
          "n_pairs": 28,
          "time": 0.08429884910583496
        },
        "0.5": {
          "delta": 0.5,
          "mi_cv": 1.3752045292021005,
          "mean_mi": 0.2895797677450019,
          "n_pairs": 28,
          "time": 0.041085243225097656
        },
        "0.8": {
          "delta": 0.8,
          "mi_cv": 1.4700830978065045,
          "mean_mi": 0.28072732286043556,
          "n_pairs": 28,
          "time": 0.039185523986816406
        },
        "0.95": {
          "delta": 0.95,
          "mi_cv": 1.4870288265236702,
          "mean_mi": 0.27915000623484987,
          "n_pairs": 28,
          "time": 0.04500937461853027
        },
        "1.0": {
          "delta": 1.0,
          "mi_cv": 1.4881505468870717,
          "mean_mi": 0.27904406124579745,
          "n_pairs": 28,
          "time": 0.06457853317260742
        },
        "1.05": {
          "delta": 1.05,
          "mi_cv": 1.4870369445522504,
          "mean_mi": 0.2791507143114779,
          "n_pairs": 28,
          "time": 0.07121849060058594
        },
        "1.2": {
          "delta": 1.2,
          "mi_cv": 1.470610162202714,
          "mean_mi": 0.2807710750290067,
          "n_pairs": 28,
          "time": 0.04631662368774414
        },
        "1.5": {
          "delta": 1.5,
          "mi_cv": 1.3840023534487391,
          "mean_mi": 0.2901264620767802,
          "n_pairs": 28,
          "time": 0.03992962837219238
        },
        "2.0": {
          "delta": 2.0,
          "mi_cv": 1.1302285563007939,
          "mean_mi": 0.324730127959041,
          "n_pairs": 28,
          "time": 0.03748440742492676
        }
      },
      "12": {
        "-0.5": {
          "delta": -0.5,
          "mi_cv": 0.20860905411867856,
          "mean_mi": 0.8928302706389246,
          "n_pairs": 30,
          "time": 1.4174590110778809
        },
        "0.0": {
          "delta": 0.0,
          "mi_cv": 0.25871671738903024,
          "mean_mi": 0.9351339253274331,
          "n_pairs": 30,
          "time": 1.1274409294128418
        },
        "0.5": {
          "delta": 0.5,
          "mi_cv": 0.3202429786911466,
          "mean_mi": 0.8953752640929351,
          "n_pairs": 30,
          "time": 1.3068013191223145
        },
        "0.8": {
          "delta": 0.8,