{
  "q": 4,
  "n": 10,
  "g_c": 0.392,
  "dim": 1048576,
  "E0": -11.828263640863677,
  "E0_per_site": -1.1828263640863677,
  "eigenvalues": [
    -11.828263640863677,
    -11.770660804782688,
    -11.770660804782654,
    -11.732652388461933,
    -11.446457055406713,
    -11.297118099977636
  ],
  "gaps": [
    0.0,
    0.057602836080988595,
    0.057602836081022346,
    0.09561125240174384,
    0.3818065854569639,
    0.5311455408860404
  ],
  "nonzero_gaps": [
    0.057602836080988595,
    0.057602836081022346,
    0.09561125240174384,
    0.3818065854569639,
    0.5311455408860404
  ],
  "build_time_s": 0.79,
  "eigsh_time_s": 14.31,
  "total_time_s": 15.1
}