{
  "experiment": "040a",
  "model": "q=4 Potts (clock)",
  "n": 8,
  "timing_test": {
    "g": 1.0,
    "cv": 0.7272527551240525,
    "time": 21.90669560432434
  },
  "data": {
    "0.3": {
      "cv": 0.028713658023498928,
      "time": 22.42836356163025
    },
    "0.5": {
      "cv": 0.08797191341421406,
      "time": 21.861326932907104
    }
  },
  "total_runtime": 66.20349025726318
}