{
  "experiment": "042c",
  "model": "q=5 Potts",
  "n": 8,
  "chi_max": 15,
  "data": {
    "0.35": {
      "cv": 0.2952279885160658,
      "time": 17.82774782180786
    },
    "0.4": {
      "cv": 0.5465962371838138,
      "time": 21.095067501068115
    },
    "0.45": {
      "cv": 0.8388079147470174,
      "time": 16.98743748664856
    }
  },
  "total_runtime": 55.919217348098755
}