{
  "experiment": "078c_sq_entropy_c",
  "timestamp": "2026-04-02 04:58:23",
  "q3": {
    "n12": {
      "n": 12,
      "c": 0.9057241753016638,
      "s0": 0.2730616617705285,
      "R2": 0.9999179863518278,
      "S_mid": 0.5792297452675551,
      "S_profile": [
        0.37533505279314844,
        0.47629173151003684,
        0.5283606204878455,
        0.5582700959657103,
        0.5741980549412049,
        0.5792297452675551,
        0.5741980549411403,
        0.558270095965631,
        0.5283606204878766,
        0.4762917315100262,
        0.37533505279314117
      ],
      "E0": -13.218214662725039,
      "time_s": 47.53795647621155
    },
    "n16": {
      "n": 16,
      "c": 0.9017730260985497,
      "s0": 0.2749395479312616,
      "R2": 0.9998519934094593,
      "S_mid": 0.6226969560781174,
      "S_profile": [
        0.3768515348981573,
        0.48056721845280165,
        0.5367906403662932,
        0.5724594845276262,
        0.596091910998656,
        0.6113244618620651,
        0.6199156767154701,
        0.6226969560781174,
        0.6199156767151375,
        0.6113244618612397,
        0.5960919109969268,
        0.5724594845272961,
        0.5367906403657489,
        0.48056721845145306,
        0.3768515348979555
      ],
      "E0": -17.797890208565637,
      "time_s": 85.8635504245758
    },
    "n20": {
      "n": 20,
      "c": 0.8974288940006132,
      "s0": 0.27653582779935326,
      "R2": 0.9997921623467738,
      "S_mid": 0.6557650157616502,
      "S_profile": [
        0.3775771936999776,
        0.4825978896038218,
        0.540750622916781,
        0.5790240364317495,
        0.6060143524863856,
        0.6254719270455693,
        0.639319509166866,
        0.6486282651879249,
        0.6540052420420575,
        0.6557650157616502,
        0.6540052420261931,
        0.6486282651568047,
        0.6393195091230847,
        0.6254719269930327,
        0.6060143524360575,
        0.579024036436464,
        0.540750622910117,
        0.48259788959854166,
        0.37757719369659387
      ],
      "E0": -22.378198832897656,
      "time_s": 121.22458100318909
    },
    "n24": {
      "n": 24,
      "c": 0.8933215671941603,
      "s0": 0.2779466300959195,
      "R2": 0.9997407290305396,
      "S_mid": 0.6824158534223214,
      "S_profile": [
        0.3779802703318848,
        0.48372168443994407,
        0.5429304244024655,
        0.5826117529171414,
        0.6113872958548161,
        0.63304311387572,
        0.6495504515324706,
        0.6620457507983486,
        0.6712242906449865,
        0.6775214656673673,
        0.681203742992094,
        0.6824158534223214,
        0.6812037429461767,
        0.677521465575085,
        0.6712242905057664,
        0.6620457506118881,
        0.6495504512991433,
        0.633043113609533,
        0.6113872956016714,
        0.5826117528835654,
        0.5429304243523795,
        0.4837216844116967,
        0.3779802703212543
      ],
      "E0": -26.95883369438213,
      "time_s": 166.81788682937622
    }
  },
  "q5": {
    "n12": {
      "n": 12,
      "c": 1.1522559301760207,
      "s0": 0.31572104681762847,
      "R2": 0.9999741327795479,
      "S_mid": 0.7055925355355087,
      "S_profile": [
        0.44621076119663206,
        0.573652632626149,
        0.6402134421302313,
        0.6786229245022103,
        0.6991148362623694,
        0.7055925355355087,
        0.6991148362677543,
        0.6786229245114045,
        0.640213442143682,
        0.5736526326427916,
        0.4462107612098513
      ],
      "E0": -13.129057978456744,
      "time_s": 97.26024174690247
    },
    "n16": {
      "n": 16,
      "c": 1.1506597855600986,
      "s0": 0.31743003568342476,
      "R2": 0.9999362032098292,
      "S_mid": 0.7615506096227876,
      "S_profile": [
        0.4481077037106493,
        0.5790953549887141,
        0.6510122021740777,
        0.6968483226129585,
        0.7272723190143999,
        0.7468960497302153,
        0.7579664941308514,
        0.7615506096227876,
        0.7579664955537825,
        0.7468960507036935,
        0.72727232006852,
        0.6968483236782215,
        0.651012202995285,
        0.5790953554748547,
        0.44810770389648763
      ],
      "E0": -17.62569236884206,
      "time_s": 155.42658591270447
    },
    "n20": {
      "n": 20,
      "c": 1.1470298203503198,
      "s0": 0.31902586693806395,
      "R2": 0.9998920176253665,
      "S_mid": 0.8040825701910799,
      "S_profile": [
        0.44901291959066586,
        0.5816740086879459,
        0.65607341105279,
        0.705262324477761,
        0.7400082317872678,
        0.7650694428507785,
        0.7829053504185716,
        0.7948933900507613,
        0.8018168748531254,
        0.8040825701910799,
        0.8018168748946146,
        0.7948933901311352,
        0.7829053505326591,
        0.7650694429905871,
        0.7400082319362857,
        0.7052623245961273,
        0.65607341113353,
        0.5816740087287712,
        0.44901291959403966
      ],
      "E0": -22.122870988632613,
      "time_s": 228.89786052703857
    }
  }
}