{
  "q_vals": [
    3.0,
    4.0,
    5.0,
    7.0,
    10.0
  ],
  "zm_hybrid": [
    1.03,
    1.004,
    0.91,
    0.77,
    0.69
  ],
  "zm_sq": [
    1.03,
    1.05,
    1.31,
    1.4,
    null
  ],
  "alpha_hybrid": [
    1.4,
    1.55,
    1.41,
    0.95,
    0.55
  ],
  "alpha_sq": [
    1.4,
    1.77,
    2.09,
    2.65,
    3.2
  ],
  "fits": {
    "linear": {
      "r2": 0.9523233536396273,
      "aic": -31.4745568021169,
      "q_cross": 3.501377410488157,
      "params": {
        "a": 1.1815714285734265,
        "b": -0.05185714285741965
      }
    },
    "logarithmic": {
      "r2": 0.967877918049776,
      "aic": -33.44904669724872,
      "q_cross": 3.6025863765628134,
      "params": {
        "a": 1.3948478401917064,
        "b": -0.30807725681638914
      }
    },
    "inv_sqrt": {
      "r2": 0.9482784305131421,
      "aic": -31.067390725108453,
      "q_cross": 3.5812619087074404,
      "params": {
        "a": 0.25609411750807887,
        "b": 1.407784031435539
      }
    },
    "rational": {
      "r2": 0.9732788483580059,
      "aic": -34.36948798095748,
      "q_cross": 3.6159381968964723,
      "params": {
        "a": 1.3678179704856972,
        "b": 0.10172131006038546
      }
    },
    "power_law": {
      "r2": 0.970639137809547,
      "aic": -31.898452374150978,
      "q_cross": 3.5993736224451767,
      "params": {
        "a": 2.0094260133440844,
        "b": -0.7134630834032626,
        "c": 0.2709379536554444
      }
    }
  },
  "q_cross_mean": 3.580107503020012,
  "q_cross_std": 0.04089029679445283,
  "alpha_peak_q": 3.578028509816053
}