{
  "experiment": "098b_casimir_convergence",
  "extrapolated_c_over_rec": {
    "2": 0.9835234294586341,
    "3": 0.9831656911443738,
    "5": 1.007807031876443,
    "7": 1.0075613298534134,
    "8": 1.0076969361484522
  },
  "summary": {
    "2param_mean": 1.0178682941685042,
    "2param_std": 0.016440953526347023,
    "pairwise_last_mean": 0.9952890064164729,
    "pairwise_last_std": 0.009018210348660837,
    "c_eff_mean": 0.9301883638960036,
    "c_eff_std": 0.14448580191537228,
    "consistency_ratio": 16.02156041268518,
    "extrap_mean": 0.9979508836962634,
    "extrap_std": 0.011926803639410604
  }
}