{
  "sprint": "045a",
  "description": "q=7 Potts data collapse nu extraction",
  "input_data": {
    "n8": {
      "0.2": 0.5115,
      "0.25": 0.5292,
      "0.3": 0.4378,
      "0.35": 0.4467,
      "0.4": 0.307,
      "0.5": 0.2365,
      "0.6": 0.1135
    },
    "n12": {
      "0.25": 0.5079,
      "0.3": 0.5412,
      "0.35": 0.4995
    }
  },
  "collapse_results": {
    "Ising (nu=1)": {
      "nu": 1.0,
      "g_c": 0.3499938715476487,
      "quality": 0.002774257050912815
    },
    "Potts q=3 (nu=5/6)": {
      "nu": 0.8333333333333334,
      "g_c": 0.3499938715476487,
      "quality": 0.0026702576153429113
    },
    "Mean-field (nu=2/3)": {
      "nu": 0.6666666666666666,
      "g_c": 0.34999373752853685,
      "quality": 0.0025232339541450483
    },
    "nu=1/2": {
      "nu": 0.5,
      "g_c": 0.3499938715476487,
      "quality": 0.0023222585401693257
    },
    "nu=3/2": {
      "nu": 1.5,
      "g_c": 0.3499938715476487,
      "quality": 0.0033735874398607567
    },
    "free_fit": {
      "nu": 0.44333702598671465,
      "g_c": 0.3999986995349344,
      "quality": 0.00011400201875642954
    }
  },
  "ranking": [
    [
      "free_fit",
      0.00011400201875642954
    ],
    [
      "nu=1/2",
      0.0023222585401693257
    ],
    [
      "Mean-field (nu=2/3)",
      0.0025232339541450483
    ],
    [
      "Potts q=3 (nu=5/6)",
      0.0026702576153429113
    ],
    [
      "Ising (nu=1)",
      0.002774257050912815
    ],
    [
      "nu=3/2",
      0.0033735874398607567
    ]
  ],
  "optimal_nu": 0.44333702598671465,
  "optimal_gc": 0.3999986995349344,
  "slopes": {
    "8": -2.7939999999999974
  }
}