{
  "sprint": "048c",
  "key_finding": "NO crossings at q=10 chi=20 \u2014 same as q=4",
  "slope_analysis": {
    "slope_n8_global": 0.15554714880667178,
    "slope_n12_global": 0.5622187953106484,
    "ratio": 3.6144590217428245,
    "nu_slope": 0.31555124370933524
  },
  "collapse_analysis": {
    "nu_optimal": 0.23999999999999982,
    "gc_optimal": 0.33925000000000033,
    "quality_optimal": 0.0
  },
  "comparison": {
    "g_values": [
      0.15,
      0.2,
      0.24,
      0.25,
      0.26,
      0.28,
      0.3,
      0.35
    ],
    "n8_cv": [
      0.5969336983992327,
      0.6009733229306214,
      0.6107069469795419,
      0.6126794545843715,
      0.6139024937659714,
      0.6161114080185865,
      0.6165280378112886,
      0.611396306586723
    ],
    "n12_cv": [
      0.4216378233526725,
      0.4805556853369386,
      0.502551174746193,
      0.5077291038460574,
      0.5123659854400369,
      0.5325525152222712,
      0.5367775648680034,
      0.5083593167470771
    ],
    "diff": [
      -0.1752958750465602,
      -0.12041763759368285,
      -0.10815577223334882,
      -0.10495035073831405,
      -0.10153650832593453,
      -0.08355889279631534,
      -0.07975047294328519,
      -0.10303698983964582
    ]
  }
}