{
  "noise_params": [
    0.0,
    0.02,
    0.04,
    0.06,
    0.08,
    0.1,
    0.12,
    0.14,
    0.16,
    0.18,
    0.2,
    0.22,
    0.24,
    0.26,
    0.28,
    0.3,
    0.32,
    0.34,
    0.36,
    0.38,
    0.4,
    0.42,
    0.44,
    0.46,
    0.48,
    0.5,
    0.52,
    0.54,
    0.56,
    0.58,
    0.6,
    0.62,
    0.64,
    0.66,
    0.68,
    0.7000000000000001,
    0.72,
    0.74,
    0.76,
    0.78,
    0.8,
    0.8200000000000001,
    0.84,
    0.86,
    0.88,
    0.9,
    0.92,
    0.9400000000000001,
    0.96,
    0.98,
    1.0
  ],
  "depolarizing": {
    "icoh_max_ent": [
      0.9999999999999997,
      0.8268602074437559,
      0.694309310888739,
      0.5774573308022539,
      0.47102380974003455,
      0.3725081563386028,
      0.2804436346260968,
      0.1938664382561821,
      0.1120964452440486,
      0.03462970414191224,
      -0.03892059503159384,
      -0.10885925312062028,
      -0.17543127955759963,
      -0.23883662268011885,
      -0.2992403107620545,
      -0.35677964944703966,
      -0.41156945795526423,
      -0.46370595521822344,
      -0.5132696895151085,
      -0.5603277725003388,
      -0.604935594743131,
      -0.6471381453365392,
      -0.6869710215393643,
      -0.7244611891519577,
      -0.7596275363413563,
      -0.792481250360578,
      -0.8230260363702029,
      -0.8512581892096502,
      -0.8771665216259028,
      -0.9007321454519239,
      -0.9219280948873623,
      -0.9407187726734161,
      -0.957059189717032,
      -0.970893955448993,
      -0.98215595821488,
      -0.9907646497355018,
      -0.9966238110793628,
      -0.9996186230262734,
      -0.9996117799326005,
      -0.9964382535244674,
      -0.9898980954642866,
      -0.979746296319628,
      -0.9656780552463367,
      -0.9473065622630501,
      -0.9241278659219816,
      -0.8954618442383213,
      -0.8603446908657366,
      -0.8173096698323628,
      -0.7638561897747245,
      -0.694703793248554,
      -0.5849625007211559
    ],
    "icoh_optimized": [
      0.999258830145971,
      0.8262175790778015,
      0.6937505787338984,
      0.5769762874799613,
      0.4706160147238516,
      0.37216999815999086,
      0.2801719839380207,
      0.19365847981001671,
      0.11194958346917372,
      0.03454150468872741,
      0.0,
      0.0,
      0.0,
      0.0,
      0.0,
      0.0,
      0.0,
      0.0,
      0.0,
      0.0,
      0.0,
      0.0,
      0.0,
      0.0,
      0.0,
      0.0,
      0.0,
      0.0,
      0.0,
      0.0,
      0.0,
      0.0,
      0.0,
      0.0,
      0.0,
      0.0,
      0.0,
      0.0,
      0.0,
      0.0,
      0.0,
      0.0,
      0.0,
      0.0,
      0.0,
      0.0,
      0.0,
      0.0,
      0.0,
      0.0,
      0.0
    ],
    "opt_theta": [
      0.7693696294505615,
      0.7693696294505615,
      0.8014266973443349,
      0.8014266973443349,
      0.7693696294505615,
      0.7693696294505615,
      0.7693696294505615,
      0.7693696294505615,
      0.7693696294505615,
      0.7693696294505615,
      0.0,
      0.0,
      0.0,
      0.0,
      0.0,
      0.0,
      0.0,
      0.0,
      0.0,
      0.0,
      0.0,
      0.0,
      0.0,
      0.0,
      0.0,
      0.0,
      0.0,
      0.0,
      0.0,
      0.0,
      0.0,
      0.0,
      0.0,
      0.0,
      0.0,
      0.0,
      0.0,
      0.0,
      0.0,
      0.0,
      0.0,
      0.0,
      0.0,
      0.0,
      0.0,
      0.0,
      0.0,
      0.0,
      0.0,
      0.0,
      0.0
    ],
    "zero_crossing": 0.2,
    "theory_hashing": [
      0,
      0.8268602074437562,
      0.694309310888739,
      0.5774573308022544,
      0.47102380974003477,
      0.3725081563386032,
      0.2804436346260969,
      0.19386643825618222,
      0.11209644524404894,
      0.03462970414191213,
      0,
      0,
      0,
      0,
      0,
      0,
      0,
      0,
      0,
      0,
      0,
      0,
      0,
      0,
      0,
      0,
      0,
      0,
      0,
      0,
      0,
      0,
      0,
      0,
      0,
      0,
      0,
      0,
      0,
      0,
      0,
      0,
      0,
      0,
      0,
      0,
      0,
      0,
      0,
      0,
      0
    ]
  },
  "amplitude_damping": {
    "icoh_max_ent": [
      0.9999999999999997,
      0.9189183058568984,
      0.857404993453381,
      0.8030097307361632,
      0.7530862497378108,
      0.706377496871852,
      0.6621426020675794,
      0.6198913862786963,
      0.5792747048313803,
      0.540030651693721,
      0.5019550008653872,
      0.4648835903405591,
      0.42868115693893494,
      0.3932339076590765,
      0.35844437761263637,
      0.3242277506590907,
      0.29050915033246383,
      0.25722159403550793,
      0.22430441199621398,
      0.19170199849395908,
      0.15936280434333017,
      0.12723850640813072,
      0.09528330759816495,
      0.063453332661638,
      0.03170609310809569,
      0.0,
      -0.03170609310809569,
      -0.06345333266163788,
      -0.09528330759816495,
      -0.1272385064081306,
      -0.15936280434333017,
      -0.1917019984939592,
      -0.22430441199621398,
      -0.25722159403550804,
      -0.29050915033246394,
      -0.3242277506590907,
      -0.35844437761263614,
      -0.3932339076590766,
      -0.42868115693893494,
      -0.46488359034055915,
      -0.5019550008653872,
      -0.540030651693721,
      -0.5792747048313803,
      -0.6198913862786963,
      -0.6621426020675794,
      -0.7063774968718521,
      -0.753086249737811,
      -0.8030097307361634,
      -0.857404993453381,
      -0.9189183058568984,
      -0.9999999999999997
    ],
    "icoh_optimized": [
      0.999258830145971,
      0.9194318490728919,
      0.8585581838950809,
      0.8045858459508644,
      0.7550646029452937,
      0.7091431804678214,
      0.6654826500380908,
      0.6236383692293967,
      0.5832932391828372,
      0.5442090703169739,
      0.5061998581169667,
      0.4691158549868555,
      0.4328334737638607,
      0.3972485691650737,
      0.36227178643145064,
      0.32782523238074135,
      0.29384002372557216,
      0.2602544350972211,
      0.22701246731591973,
      0.1940627161233276,
      0.16135745909140664,
      0.12885190263525326,
      0.09650354704052255,
      0.06427469370269212,
      0.0321192737451621,
      1.6653345369377348e-16,
      0.0,
      0.0,
      0.0,
      0.0,
      0.0,
      0.0,
      0.0,
      0.0,
      0.0,
      0.0,
      0.0,
      0.0,
      0.0,
      0.0,
      0.0,
      0.0,
      0.0,
      0.0,
      1.1102230246251565e-16,
      0.0,
      0.0,
      0.0,
      0.0,
      0.0,
      0.0
    ],
    "opt_theta": [
      0.7693696294505615,
      0.7693696294505615,
      0.7693696294505615,
      0.7693696294505615,
      0.7373125615567881,
      0.7373125615567881,
      0.7373125615567881,
      0.7373125615567881,
      0.7373125615567881,
      0.7373125615567881,
      0.7373125615567881,
      0.7373125615567881,
      0.7373125615567881,
      0.7373125615567881,
      0.7373125615567881,
      0.7373125615567881,
      0.7373125615567881,
      0.7373125615567881,
      0.7373125615567881,
      0.7373125615567881,
      0.7373125615567881,
      0.7373125615567881,
      0.7373125615567881,
      0.7052554936630148,
      0.7052554936630148,
      0.3526277468315074,
      0.0,
      0.0,
      0.0,
      0.0,
      0.0,
      0.0,
      0.0,
      0.0,
      0.0,
      0.0,
      0.0,
      0.0,
      0.0,
      0.0,
      0.0,
      0.0,
      0.0,
      0.0,
      1.5707963267948966,
      0.0,
      0.0,
      0.0,
      0.0,
      0.0,
      0.0
    ],
    "zero_crossing": 0.52
  },