{
  "p_values": [
    0.0,
    0.02,
    0.05,
    0.08,
    0.1,
    0.15,
    0.2,
    0.25,
    0.3,
    0.35,
    0.4,
    0.45,
    0.5
  ],
  "uncoded": {
    "zero": [
      1.0,
      0.98012,
      0.95107,
      0.91996,
      0.89991,
      0.84764,
      0.79871,
      0.75196,
      0.70147,
      0.65138,
      0.60064,
      0.54819,
      0.50074
    ],
    "one": [
      1.0,
      0.98045,
      0.95047,
      0.9217,
      0.89824,
      0.85029,
      0.79989,
      0.75067,
      0.69996,
      0.64912,
      0.6004,
      0.54933,
      0.49779
    ]
  },
  "level1_3qubit": {
    "zero": [
      1.0,
      0.99865,
      0.99274,
      0.98212,
      0.97251,
      0.93907,
      0.89453,
      0.84464,
      0.78359,
      0.71686,
      0.64999,
      0.57697,
      0.50304
    ],
    "one": [
      1.0,
      0.99893,
      0.99259,
      0.98169,
      0.97244,
      0.93936,
      0.89717,
      0.84249,
      0.78382,
      0.71982,
      0.64839,
      0.57735,
      0.49912
    ]
  },
  "level2_9qubit": {
    "zero": [
      1.0,
      1.0,
      0.99991,
      0.9991,
      0.99771,
      0.98947,
      0.97005,
      0.93466,
      0.88124,
      0.80568,
      0.71687,
      0.61053,
      0.50173
    ],
    "one": [
      1.0,
      0.99999,
      0.99985,
      0.9992,
      0.99784,
      0.98995,
      0.9702,
      0.9342,
      0.88071,
      0.80496,
      0.71595,
      0.61096,
      0.49855
    ]
  },
  "theory": {
    "uncoded": [
      1.0,
      0.98,
      0.95,
      0.92,
      0.9,
      0.85,
      0.8,
      0.75,
      0.7,
      0.65,
      0.6,
      0.55,
      0.5
    ],
    "level1": [
      1.0,
      0.998816,
      0.99275,
      0.981824,
      0.972,
      0.93925,
      0.896,
      0.84375,
      0.784,
      0.71825,
      0.6479999999999999,
      0.57475,
      0.5
    ],
    "level2": [
      1.0,
      0.9999957977515951,
      0.99984307465625,
      0.9990209085723115,
      0.997691904,
      0.98937671584375,
      0.969801728,
      0.93438720703125,
      0.880187392,
      0.8065831682187501,
      0.7155164159999998,
      0.61128965940625,
      0.5
    ]
  },
  "theory_threshold": 0.5
}