{
  "five_qubit_zero": {
    "n": 5,
    "p_values": [
      0.0,
      0.02,
      0.04,
      0.06,
      0.08,
      0.1,
      0.12,
      0.14,
      0.16,
      0.18,
      0.2,
      0.22,
      0.24,
      0.26,
      0.28,
      0.3
    ],
    "fid_uncoded": [
      1.0,
      0.986667,
      0.973333,
      0.96,
      0.946667,
      0.933333,
      0.92,
      0.906667,
      0.893333,
      0.88,
      0.866667,
      0.853333,
      0.84,
      0.826667,
      0.813333,
      0.8
    ],
    "fid_coded": [
      1.0,
      0.99745,
      0.990251,
      0.979049,
      0.964443,
      0.946995,
      0.927221,
      0.905602,
      0.882579,
      0.858556,
      0.8339,
      0.808947,
      0.783995,
      0.759314,
      0.735139,
      0.71168
    ]
  },
  "five_qubit_plus": {
    "n": 5,
    "p_values": [
      0.0,
      0.02,
      0.04,
      0.06,
      0.08,
      0.1,
      0.12,
      0.14,
      0.16,
      0.18,
      0.2,
      0.22,
      0.24,
      0.26,
      0.28,
      0.3
    ],
    "fid_uncoded": [
      1.0,
      0.986667,
      0.973333,
      0.96,
      0.946667,
      0.933333,
      0.92,
      0.906667,
      0.893333,
      0.88,
      0.866667,
      0.853333,
      0.84,
      0.826667,
      0.813333,
      0.8
    ],
    "fid_coded": [
      1.0,
      0.99745,
      0.990251,
      0.979049,
      0.964443,
      0.946995,
      0.927221,
      0.905602,
      0.882579,
      0.858556,
      0.8339,
      0.808947,
      0.783995,
      0.759314,
      0.735139,
      0.71168
    ]
  },
  "steane_zero": {
    "n": 7,
    "p_values": [
      0.0,
      0.02,
      0.04,
      0.06,
      0.08,
      0.1,
      0.12,
      0.14,
      0.16,
      0.18,
      0.2,
      0.22,
      0.24,
      0.26,
      0.28,
      0.3
    ],
    "fid_uncoded": [
      1.0,
      0.986667,
      0.973333,
      0.96,
      0.946667,
      0.933333,
      0.92,
      0.906667,
      0.893333,
      0.88,
      0.866667,
      0.853333,
      0.84,
      0.826667,
      0.813333,
      0.8
    ],
    "fid_coded": [
      1.0,
      0.998276,
      0.993571,
      0.986411,
      0.977154,
      0.966048,
      0.953264,
      0.938924,
      0.923118,
      0.905919,
      0.887391,
      0.867606,
      0.846649,
      0.824628,
      0.801687,
      0.778003
    ]
  },
  "steane_plus": {
    "n": 7,
    "p_values": [
      0.0,
      0.02,
      0.04,
      0.06,
      0.08,
      0.1,
      0.12,
      0.14,
      0.16,
      0.18,
      0.2,
      0.22,
      0.24,
      0.26,
      0.28,
      0.3
    ],
    "fid_uncoded": [
      1.0,
      0.986667,
      0.973333,
      0.96,
      0.946667,
      0.933333,
      0.92,
      0.906667,
      0.893333,
      0.88,
      0.866667,
      0.853333,
      0.84,
      0.826667,
      0.813333,
      0.8
    ],
    "fid_coded": [
      1.0,
      0.998276,
      0.993571,
      0.986411,
      0.977154,
      0.966048,
      0.953264,
      0.938924,
      0.923118,
      0.905919,
      0.887391,
      0.867606,
      0.846649,
      0.824628,
      0.801687,
      0.778003
    ]
  },
  "shor_zero": {
    "n": 9,
    "p_values": [
      0.0,
      0.02,
      0.04,
      0.06,
      0.08,
      0.1,
      0.12,
      0.14,
      0.16,
      0.18,
      0.2,
      0.22,
      0.24,
      0.26,
      0.28,
      0.3
    ],
    "fid_uncoded": [
      1.0,
      0.986667,
      0.973333,
      0.96,
      0.946667,
      0.933333,
      0.92,
      0.906667,
      0.893333,
      0.88,
      0.866667,
      0.853333,
      0.84,
      0.826667,
      0.813333,
      0.8
    ],
    "fid_coded": [
      1.0,
      0.998897,
      0.995887,
      0.991266,
      0.985203,
      0.977785,
      0.969054,
      0.95902,
      0.947676,
      0.935008,
      0.921,
      0.905643,
      0.888943,
      0.870922,
      0.85163,
      0.831146
    ]
  },
  "shor_plus": {
    "n": 9,
    "p_values": [
      0.0,
      0.02,
      0.04,
      0.06,
      0.08,
      0.1,
      0.12,
      0.14,
      0.16,
      0.18,
      0.2,
      0.22,
      0.24,
      0.26,
      0.28,
      0.3
    ],
    "fid_uncoded": [
      1.0,
      0.986667,
      0.973333,
      0.96,
      0.946667,
      0.933333,
      0.92,
      0.906667,
      0.893333,
      0.88,
      0.866667,
      0.853333,
      0.84,
      0.826667,
      0.813333,
      0.8
    ],
    "fid_coded": [
      1.0,
      0.998581,
      0.994891,
      0.989525,
      0.982851,
      0.975101,
      0.966417,
      0.956881,
      0.94653,
      0.93537,
      0.923384,
      0.910536,
      0.896782,
      0.88207,
      0.866351,
      0.849583
    ]
  }
}