{
  "data": {
    "q": [
      2.0,
      3.0,
      4.0,
      5.0,
      7.0
    ],
    "gc": [
      0.25,
      0.333,
      0.392,
      0.441,
      0.524
    ],
    "gc_err": [
      0.001,
      0.001,
      0.012,
      0.013,
      0.016
    ]
  },
  "fits": {
    "power_law": {
      "params": [
        0.15749883759855754,
        0.6760518415344018
      ],
      "param_err": [
        0.0016754757455323859,
        0.010741344364628237
      ],
      "chi2": 27.03828826450948,
      "chi2_red": 9.012762754836492,
      "rms": 0.030906782488635945,
      "residuals": [
        -0.0016455389296167744,
        0.001993855450560744,
        -0.010069489710044954,
        -0.026538427143055876,
        -0.06295855797923477
      ],
      "gc_10": 0.7470147796811244,
      "gc_20": 1.1935512648060784,
      "gc_100": 3.5430806320258816
    },
    "logarithmic": {
      "params": [
        0.2056508567614625,
        0.10730050742960708
      ],
      "param_err": [
        0.003312735950524905,
        0.003068955773923418
      ],
      "chi2": 1.1878541437773584,
      "chi2_red": 0.3959513812591195,
      "rms": 0.007490946349980832,
      "residuals": [
        0.00015318102644801268,
        -0.0002310658428749668,
        -0.00039313051749684247,
        0.002717206973940567,
        0.016521403236342547
      ],
      "gc_10": 0.5808291045700045,
      "gc_20": 0.7233754161139492,
      "gc_100": 1.0543577017104018
    },
    "sqrt": {
      "params": [
        0.25565742494265503,
        -0.11085209309380592
      ],
      "param_err": [
        0.004123597553520899,
        0.006547587218284066
      ],
      "chi2": 11.141187423072322,
      "chi2_red": 3.7137291410241073,
      "rms": 0.020940696366903235,
      "residuals": [
        -0.0007021045814784577,
        0.0010404437609006778,
        -0.0084627567915041,
        -0.01981528803052096,
        -0.041553874131620816
      ],
      "gc_10": 0.6976076704585263,
      "gc_20": 1.0324826691548479,
      "gc_100": 2.4457221563327445
    },
    "rational": {
      "params": [
        0.5099569980143829,
        -0.005627189593659239
      ],
      "param_err": [
        0.00826295236855396,
        0.004885446830302407
      ],
      "chi2": 46.10606803145317,
      "chi2_red": 15.368689343817723,
      "rms": 0.045358407475907705,
      "residuals": [
        0.0006486905864677983,
        -0.0013441424159292836,
        0.01515944108287215,
        0.038661591182152955,
        0.09252119129561687
      ],
      "gc_10": 0.45333410861928536,
      "gc_20": 0.4788319585200045,
      "gc_100": 0.4992302384405798
    },
    "inverse": {
      "params": [
        0.5043298115332594,
        0.5099570057765433
      ],
      "param_err": [
        0.0035000881222436095,
        0.008262961322152002
      ],
      "chi2": 46.10606803145216,
      "chi2_red": 15.368689343817387,
      "rms": 0.04535840631952193,
      "residuals": [
        0.0006486913550122764,
        -0.0013441429410782635,
        0.015159439910876427,
        0.0386615896220493,
        0.09252118929196107
      ],
      "gc_10": 0.45333411095560505,
      "gc_20": 0.4788319612444322,
      "gc_100": 0.49923024147549394
    },
    "power_offset": {
      "params": [
        0.25808121528606315,
        0.40218269943604595,
        -0.008075157307978706
      ],
      "param_err": [
        0.06287912044368806,
        0.08345448759945026,
        0.0631037575677509
      ],
      "chi2": 0.03880820486113447,
      "chi2_red": 0.019404102430567234,
      "rms": 0.0011797654196370178,
      "residuals": [
        -6.0579780844505215e-06,
        1.9348017390563577e-05,
        -0.0013885671276429035,
        -0.0016320548458672035,
        0.0015385381029054956
      ],
      "gc_10": 0.6164302793200717,
      "gc_20": 0.8353546987119078,
      "gc_100": 1.6301226668273077
    }
  },
  "ranking": [
    "power_offset",
    "logarithmic",
    "sqrt",
    "power_law",
    "inverse",
    "rational"
  ],
  "best_fit": "power_offset",
  "gc10_prediction": {
    "mean": 0.6604704585074317,
    "std": 0.06548162848990001,
    "range": [
      0.5808291045700045,
      0.7470147796811244
    ]
  }
}