{
  "experiment": "093c_residual_profile",
  "timestamp": "2026-04-02 10:00:51",
  "data": {
    "q2_nA4": {
      "q": 2,
      "n": 8,
      "nA": 4,
      "alpha": 6.54931265299237,
      "residual_fraction": 0.0005254662659136662,
      "site_weights": [
        0.06301502877796233,
        0.23949811453081885,
        0.23949810499741286,
        0.06301490345165416
      ],
      "site_fractions": [
        0.10415257025647226,
        0.3958475411930194,
        0.3958475254360047,
        0.10415236311450357
      ],
      "boundary_fraction": 0.20830493337097583,
      "boundary_enrichment": 0.41660986674195166,
      "time": 0.017522335052490234
    },
    "q2_nA5": {
      "q": 2,
      "n": 10,
      "nA": 5,
      "alpha": 6.352689078329102,
      "residual_fraction": 0.010231540888243077,
      "site_weights": [
        9.98951206389545,
        13.145481199549208,
        16.133401511836,
        13.382051226175966,
        10.699439120629291
      ],
      "site_fractions": [
        0.15768792705217974,
        0.20750599901192635,
        0.2546713617671794,
        0.21124033927427802,
        0.16889437289443646
      ],
      "boundary_fraction": 0.3265822999466162,
      "boundary_enrichment": 0.8164557498665405,
      "time": 0.07213425636291504
    },
    "q2_nA6": {
      "q": 2,
      "n": 12,
      "nA": 6,
      "alpha": 6.871101774332814,
      "residual_fraction": 0.1889970774418689,
      "site_weights": [
        1390.7823411626784,
        1854.8638505869671,
        2080.567174222948,
        2050.297745402498,
        1683.5329622875008,
        1726.7338237916235
      ],
      "site_fractions": [
        0.12893399255869692,
        0.17195717462809101,
        0.19288124720858318,
        0.19007508682332175,
        0.1560737579184634,
        0.1600787408628437
      ],
      "boundary_fraction": 0.28901273342154066,
      "boundary_enrichment": 0.867038200264622,
      "time": 0.29294824600219727
    },
    "q3_nA4": {
      "q": 3,
      "n": 8,
      "nA": 4,
      "alpha": 7.664010610958134,
      "residual_fraction": 0.0008427428887147354,
      "site_weights": [
        0.6879185391493012,
        2.2504660140196906,
        2.2518336044003093,
        0.6838260741087908
      ],
      "site_fractions": [
        0.11711156947702744,
        0.383120372482585,
        0.38335319169992144,
        0.11641486634046606
      ],
      "boundary_fraction": 0.2335264358174935,
      "boundary_enrichment": 0.467052871634987,
      "time": 0.4489932060241699
    },
    "q3_nA5": {
      "q": 3,
      "n": 10,
      "nA": 5,
      "alpha": 9.136218359755981,
      "residual_fraction": 0.2245910624901663,
      "site_weights": [
        9456.08285474183,
        10350.344561991997,
        10497.905571922885,
        10294.689314959134,
        9303.663265096178
      ],
      "site_fractions": [
        0.18949046022225713,
        0.20741057207713595,
        0.2103675474031975,
        0.20629529648828554,
        0.18643612380912397
      ],
      "boundary_fraction": 0.37592658403138113,
      "boundary_enrichment": 0.9398164600784528,
      "time": 4.105745553970337
    },
    "q5_nA4": {
      "q": 5,
      "n": 8,
      "nA": 4,
      "alpha": 9.361184391462235,
      "residual_fraction": 0.01971674013473477,
      "site_weights": [
        839.5230311734387,
        870.9690947966444,
        869.1995131974548,
        824.3972850360495
      ],
      "site_fractions": [
        0.24662194492168016,
        0.25585967763765577,
        0.2553398376338863,
        0.24217853980677767
      ],
      "boundary_fraction": 0.48880048472845783,
      "boundary_enrichment": 0.9776009694569157,
      "time": 38.850735664367676
    }
  }
}