{
  "n_qubits": 8,
  "max_layers": 12,
  "n_instances": 10,
  "geometries": {
    "1D_brickwall": [
      {
        "layer": 0,
        "spread_mean": 2.0,
        "spread_std": 0.0,
        "MI_R_Bprime_D2_mean": 1.999999999999997,
        "MI_R_Bprime_D2_std": 0.0,
        "per_qubit": {
          "0": {
            "mean": 2.0000000000000013,
            "std": 4.440892098500626e-16
          },
          "1": {
            "mean": 1.7763568394002505e-15,
            "std": 0.0
          },
          "2": {
            "mean": 1.7763568394002505e-15,
            "std": 0.0
          },
          "3": {
            "mean": 1.7763568394002505e-15,
            "std": 0.0
          }
        }
      },
      {
        "layer": 1,
        "spread_mean": 1.743700021759695,
        "spread_std": 0.07979542948637006,
        "MI_R_Bprime_D2_mean": 1.9999999999999964,
        "MI_R_Bprime_D2_std": 8.308148362110449e-16,
        "per_qubit": {
          "0": {
            "mean": 1.6176675271206142,
            "std": 0.18704457447161935
          },
          "1": {
            "mean": 1.5015124551976125,
            "std": 0.21270138438844002
          },
          "2": {
            "mean": -1.3322676295501878e-16,
            "std": 1.0886980803209722e-15
          },
          "3": {
            "mean": 1.5543122344752192e-15,
            "std": 2.458586318650619e-15
          }
        }
      },
      {
        "layer": 2,
        "spread_mean": 1.6324860189883985,
        "spread_std": 0.12037449512850522,
        "MI_R_Bprime_D2_mean": 1.900344231301045,
        "MI_R_Bprime_D2_std": 0.10836813195467121,
        "per_qubit": {
          "0": {
            "mean": 1.4891252485312307,
            "std": 0.2019449122979761
          },
          "1": {
            "mean": 1.3756652639761033,
            "std": 0.22488971020499537
          },
          "2": {
            "mean": 1.1963274156003214,
            "std": 0.24085504859489126
          },
          "3": {
            "mean": 5.329070518200751e-16,
            "std": 2.3815771892884503e-15
          }
        }
      },
      {
        "layer": 3,
        "spread_mean": 0.8504976395372349,
        "spread_std": 0.3123644489076205,
        "MI_R_Bprime_D2_mean": 1.9367266849124967,
        "MI_R_Bprime_D2_std": 0.0528777027359045,
        "per_qubit": {
          "0": {
            "mean": 1.4123132607805882,
            "std": 0.1847228931654178
          },
          "1": {
            "mean": 1.5566400476184943,
            "std": 0.18776842631466392
          },
          "2": {
            "mean": 0.9018489218938452,
            "std": 0.27171819414762804
          },
          "3": {
            "mean": 0.9003683457691896,
            "std": 0.22076623837412995
          }
        }
      },
      {
        "layer": 4,
        "spread_mean": 0.549606355178107,
        "spread_std": 0.18816026086815596,
        "MI_R_Bprime_D2_mean": 1.8781859040038618,
        "MI_R_Bprime_D2_std": 0.0412525112689772,
        "per_qubit": {
          "0": {
            "mean": 1.486232376601162,
            "std": 0.19225724331725205
          },
          "1": {
            "mean": 1.4211111000007144,
            "std": 0.1026706694646465
          },
          "2": {
            "mean": 1.3899218217537281,
            "std": 0.10065190596122565
          },
          "3": {
            "mean": 1.0419424386138012,
            "std": 0.21954262675731065
          }
        }
      },
      {
        "layer": 5,
        "spread_mean": 0.24203367679376836,
        "spread_std": 0.12405672488518327,
        "MI_R_Bprime_D2_mean": 1.853337118076866,
        "MI_R_Bprime_D2_std": 0.07448809304952447,
        "per_qubit": {
          "0": {
            "mean": 1.405287456402776,
            "std": 0.08869911206250862
          },
          "1": {
            "mean": 1.4431887503699645,
            "std": 0.07069976258921101
          },
          "2": {
            "mean": 1.33937294838317,
            "std": 0.10538040276835735
          },
          "3": {
            "mean": 1.3229786302045443,
            "std": 0.12488235067185391
          }
        }
      },
      {
        "layer": 6,
        "spread_mean": 0.2718749056377369,
        "spread_std": 0.133948787343658,
        "MI_R_Bprime_D2_mean": 1.8452478237956818,
        "MI_R_Bprime_D2_std": 0.06485738034737853,
        "per_qubit": {
          "0": {
            "mean": 1.3785238495388816,
            "std": 0.09206683640362734
          },
          "1": {
            "mean": 1.4159830157694593,
            "std": 0.06721026007026204
          },
          "2": {
            "mean": 1.3918366414718826,
            "std": 0.0858766406658236
          },
          "3": {
            "mean": 1.3270372083417947,
            "std": 0.17778782048521655
          }
        }
      },
      {
        "layer": 7,
        "spread_mean": 0.19723638634940827,
        "spread_std": 0.11969703411183588,
        "MI_R_Bprime_D2_mean": 1.8794138134308327,
        "MI_R_Bprime_D2_std": 0.03905541370481391,
        "per_qubit": {
          "0": {
            "mean": 1.386810575345472,
            "std": 0.07403050573852943
          },
          "1": {
            "mean": 1.4783602937144154,
            "std": 0.08520420693589081
          },
          "2": {
            "mean": 1.3467714669547228,
            "std": 0.08186500971173416
          },
          "3": {
            "mean": 1.3652704857564515,
            "std": 0.08426969032841639
          }
        }
      },
      {
        "layer": 8,
        "spread_mean": 0.11520016114777483,
        "spread_std": 0.04785170652224767,
        "MI_R_Bprime_D2_mean": 1.8762409032024876,
        "MI_R_Bprime_D2_std": 0.025016688450185922,
        "per_qubit": {
          "0": {
            "mean": 1.444301668494018,
            "std": 0.045524654659469
          },
          "1": {
            "mean": 1.3848794049357127,
            "std": 0.045391128962978096
          },
          "2": {
            "mean": 1.409313201589963,
            "std": 0.03007728869131992
          },
          "3": {
            "mean": 1.3720515152088424,
            "std": 0.050961488543037704
          }
        }
      },
      {
        "layer": 9,
        "spread_mean": 0.09158091617262523,
        "spread_std": 0.03824030098918571,
        "MI_R_Bprime_D2_mean": 1.8640265629082322,
        "MI_R_Bprime_D2_std": 0.02611266812823077,
        "per_qubit": {
          "0": {
            "mean": 1.4051461209479998,
            "std": 0.04866349837490301
          },
          "1": {
            "mean": 1.404762508269169,
            "std": 0.04559217605774298
          },
          "2": {
            "mean": 1.3938926738153596,
            "std": 0.038846307143985764
          },
          "3": {
            "mean": 1.3906490996460108,
            "std": 0.03152567162891376
          }
        }
      },
      {
        "layer": 10,
        "spread_mean": 0.11809039725043306,
        "spread_std": 0.0439022987943843,
        "MI_R_Bprime_D2_mean": 1.875135509683694,
        "MI_R_Bprime_D2_std": 0.02489637725414759,
        "per_qubit": {
          "0": {
            "mean": 1.407127059331245,
            "std": 0.05845688406179688
          },
          "1": {
            "mean": 1.4236085106429162,
            "std": 0.035170260511787454
          },
          "2": {
            "mean": 1.394644140631431,
            "std": 0.05549359211791782
          },
          "3": {
            "mean": 1.4106836851626312,
            "std": 0.04619680299162053
          }
        }
      },
      {
        "layer": 11,
        "spread_mean": 0.10526335741492514,
        "spread_std": 0.05075944754057761,
        "MI_R_Bprime_D2_mean": 1.8736964007362171,
        "MI_R_Bprime_D2_std": 0.03185604884537705,
        "per_qubit": {
          "0": {
            "mean": 1.4109099149655528,
            "std": 0.03385992480824204
          },