{
  "experiment": "033c",
  "description": "BW locality for 3-state Potts model",
  "parameters": {
    "n": 8,
    "local_dim": 3,
    "n_A": 4
  },
  "sweep": [
    {
      "h_J": 0.05,
      "entropy_bits": 1.5849849026029101,
      "potts_locality": 0.5114102909478055,
      "coefficients": {
        "delta_0_1": -8.698359814137657,
        "delta_1_2": -7.358531965684553,
        "delta_2_3": -2.554873949032681,
        "PPd_0": -0.3146652608248875,
        "PPd_1": -0.19444433132493263,
        "PPd_2": -0.25748502628541564,
        "PPd_3": -0.07743737117254429
      },
      "envelope_results": {
        "sin_inv": {
          "fidelity": 0.7016369969090792,
          "variance_captured": 0.492294475431591,
          "alpha": 8.119522005222686
        },
        "linear": {
          "fidelity": 0.7065901212415269,
          "variance_captured": 0.4992695994361157,
          "alpha": 2.5096093743150636
        },
        "uniform": {
          "fidelity": 0.6571777913466209,
          "variance_captured": 0.4318826494392225,
          "alpha": 6.146142435009195
        }
      },
      "best_envelope": "linear",
      "time_s": 0.24362516403198242
    },
    {
      "h_J": 0.1,
      "entropy_bits": 1.585280257623931,
      "potts_locality": 0.5648563110448219,
      "coefficients": {
        "delta_0_1": -10.116901324331316,
        "delta_1_2": -7.344681402601321,
        "delta_2_3": -3.4673054347219923,
        "PPd_0": -0.7977366032051272,
        "PPd_1": -0.5824426299102712,
        "PPd_2": -0.5373885384899355,
        "PPd_3": -0.16033896607968862
      },
      "envelope_results": {
        "sin_inv": {
          "fidelity": 0.7409036576985174,
          "variance_captured": 0.5489382299910422,
          "alpha": 8.941806951721082
        },
        "linear": {
          "fidelity": 0.7466102167367913,
          "variance_captured": 0.5574268157357587,
          "alpha": 2.7517214330403297
        },
        "uniform": {
          "fidelity": 0.6968900741666676,
          "variance_captured": 0.4856557754720233,
          "alpha": 6.785417924277134
        }
      },
      "best_envelope": "linear",
      "time_s": 0.16772794723510742
    },
    {
      "h_J": 0.15,
      "entropy_bits": 1.5855574210450976,
      "potts_locality": 0.658412987720069,
      "coefficients": {
        "delta_0_1": -11.185084110039337,
        "delta_1_2": -7.238566164796684,
        "delta_2_3": -3.7344036708790123,
        "PPd_0": -1.4497816721962802,
        "PPd_1": -1.1790702498777956,
        "PPd_2": -0.8137734347485893,
        "PPd_3": -0.29961769462773175
      },
      "envelope_results": {
        "sin_inv": {
          "fidelity": 0.798311537548872,
          "variance_captured": 0.6373013109836441,
          "alpha": 9.489924914145396
        },
        "linear": {
          "fidelity": 0.8069227943853257,
          "variance_captured": 0.6511243960986222,
          "alpha": 2.9096567756526213
        },
        "uniform": {
          "fidelity": 0.7464276520149589,
          "variance_captured": 0.5571542396925644,
          "alpha": 7.141753822880076
        }
      },
      "best_envelope": "linear",
      "time_s": 0.10164380073547363
    },
    {
      "h_J": 0.175,
      "entropy_bits": 1.5830467218069606,
      "potts_locality": 0.7040739310719171,
      "coefficients": {
        "delta_0_1": -11.454270112261325,
        "delta_1_2": -7.22047722170129,
        "delta_2_3": -3.797975655698859,
        "PPd_0": -1.773956619854665,
        "PPd_1": -1.5001290083232854,
        "PPd_2": -0.919496019276916,
        "PPd_3": -0.34975945842853934
      },
      "envelope_results": {
        "sin_inv": {
          "fidelity": 0.8247971270365145,
          "variance_captured": 0.680290300767688,
          "alpha": 9.641451448745848
        },
        "linear": {
          "fidelity": 0.8344059639627212,
          "variance_captured": 0.6962333126965575,
          "alpha": 2.948073980025857
        },
        "uniform": {
          "fidelity": 0.7685724717237613,
          "variance_captured": 0.5907036442915722,
          "alpha": 7.222056119787409
        }
      },
      "best_envelope": "linear",
      "time_s": 0.09554934501647949
    },
    {
      "h_J": 0.19999999999999998,
      "entropy_bits": 1.5709439666423548,
      "potts_locality": 0.7361689485723236,
      "coefficients": {
        "delta_0_1": -11.498797062009604,
        "delta_1_2": -7.166934761569007,
        "delta_2_3": -3.817796939800124,
        "PPd_0": -2.073913760818231,
        "PPd_1": -1.7933471242959274,
        "PPd_2": -1.0244634329580693,
        "PPd_3": -0.39443564165781864
      },
      "envelope_results": {
        "sin_inv": {
          "fidelity": 0.843065665081446,
          "variance_captured": 0.7107597156392205,
          "alpha": 9.660920579350497
        },
        "linear": {
          "fidelity": 0.8531943602976209,
          "variance_captured": 0.7279406164436661,
          "alpha": 2.9446633310104198
        },
        "uniform": {
          "fidelity": 0.7833437180988487,
          "variance_captured": 0.6136273806849284,
          "alpha": 7.206895651101988
        }
      },
      "best_envelope": "linear",
      "time_s": 0.09147977828979492
    },
    {
      "h_J": 0.22499999999999998,
      "entropy_bits": 1.5301153348527667,
      "potts_locality": 0.7554397528997335,
      "coefficients": {
        "delta_0_1": -11.341445318829042,
        "delta_1_2": -7.035437962904187,
        "delta_2_3": -3.770931718439886,
        "PPd_0": -2.3456634816404645,
        "PPd_1": -2.0433186704581554,
        "PPd_2": -1.1273681088488816,
        "PPd_3": -0.4343655466722631
      },
      "envelope_results": {
        "sin_inv": {
          "fidelity": 0.8538876957055309,
          "variance_captured": 0.7291241968773015,
          "alpha": 9.54268560562396
        },
        "linear": {
          "fidelity": 0.864381851919344,
          "variance_captured": 0.7471559859275149,
          "alpha": 2.89953927141434
        },
        "uniform": {
          "fidelity": 0.7913049310597285,
          "variance_captured": 0.6261634939194414,
          "alpha": 7.091345673530981
        }
      },
      "best_envelope": "linear",
      "time_s": 0.08757400512695312
    },
    {
      "h_J": 0.25,
      "entropy_bits": 1.425683151871959,
      "potts_locality": 0.7652986627008885,
      "coefficients": {
        "delta_0_1": -10.972515776828462,
        "delta_1_2": -6.818282038700118,
        "delta_2_3": -3.6566985465919144,
        "PPd_0": -2.5805510407123453,
        "PPd_1": -2.234742499397995,
        "PPd_2": -1.228548218652122,
        "PPd_3": -0.46755427681296713
      },
      "envelope_results": {
        "sin_inv": {
          "fidelity": 0.8596169819093104,
          "variance_captured": 0.7389413555868714,
          "alpha": 9.284299639710644
        },
        "linear": {
          "fidelity": 0.8703731924786229,
          "variance_captured": 0.7575494941854299,
          "alpha": 2.812611122382701
        },
        "uniform": {
          "fidelity": 0.7948088689908873,
          "variance_captured": 0.6317211382265737,
          "alpha": 6.875835703269566
        }
      },
      "best_envelope": "linear",
      "time_s": 0.08705830574035645
    },
    {
      "h_J": 0.27499999999999997,
      "entropy_bits": 1.237108097572417,
      "potts_locality": 0.7648088854930982,
      "coefficients": {
        "delta_0_1": -10.391635560458772,
        "delta_1_2": -6.4992642424691915,
        "delta_2_3": -3.493794263484533,
        "PPd_0": -2.763968977161324,
        "PPd_1": -2.3582624429523458,
        "PPd_2": -1.3121609087892547,
        "PPd_3": -0.489406513857759
      },
      "envelope_results": {
        "sin_inv": {
          "fidelity": 0.8597179304868952,
          "variance_captured": 0.7391149200006704,
          "alpha": 8.879513665996916
        },
        "linear": {
          "fidelity": 0.8706807642077783,