{
  "c_x1_measured": {
    "2": 4.012570456044459,
    "3": 5.984366345975313,
    "4": 8.535975327337747,
    "5": 10.840074458450005,
    "7": 15.109264557798369,
    "10": 16.85600414635648
  },
  "x1_measured": {
    "2": 0.12460840388405132,
    "3": 0.1336816554584809,
    "4": 0.11715122896353149,
    "5": 0.10147531774032541,
    "7": 0.08603992570432747,
    "10": 0.08305645797450861
  },
  "coulomb_gas_cx1": {
    "2": 4,
    "3": 6,
    "4": 8
  },
  "conclusions": {
    "cx1_exact_2q_for": "q=2,3",
    "cx1_q4_finite_size": "8.54 \u00b1 0.10, may converge to 8.0 with log corrections",
    "cx1_sublinear": true,
    "x1_peak_at_q3": true,
    "novel_for_q_geq": 5
  }
}