{
  "sprint": "045e",
  "q": 5,
  "chi": 20,
  "results": {
    "n12_g030": {
      "cv": 0.35275857777859176,
      "E0": -12.340104589197495,
      "mi_mean": 0.9436952686404282
    },
    "n16_g0.38": {
      "cv": 0.34582133615669436,
      "E0": -17.901093833512995,
      "mi_mean": 0.5567394389761805
    },
    "n16_g0.42": {
      "cv": 0.25048235912307915,
      "E0": -18.702236259873022,
      "mi_mean": 0.2876841929651104
    },
    "n16_g0.50": {
      "cv": 0.12270646741346182,
      "E0": -20.69676535041696,
      "mi_mean": 0.08784697498053372
    }
  },
  "consolidated": {
    "n8": {
      "0.3": 0.3732,
      "0.35": 0.3554,
      "0.38": 0.3141,
      "0.4": 0.2755,
      "0.42": 0.2325,
      "0.45": 0.17,
      "0.5": 0.1072,
      "0.55": 0.1324
    },
    "n12": {
      "0.35": 0.3671,
      "0.38": 0.3399,
      "0.4": 0.2993,
      "0.42": 0.2456,
      "0.45": 0.1677,
      "0.5": 0.1212,
      "0.3": 0.12270646741346182
    },
    "n16": {
      "0.3": 0.4818,
      "0.35": 0.3559,
      "0.4": 0.31,
      "0.45": 0.1604,
      "0.38": 0.34582133615669436,
      "0.42": 0.25048235912307915,
      "0.5": 0.12270646741346182
    }
  }
}