{
  "experiment": "038b2",
  "model": "q=3 Potts (clock)",
  "sizes": {
    "8": {
      "0.3": {
        "cv": 0.020445806524380012,
        "time": 6.07026743888855
      },
      "0.5": {
        "cv": 0.0693874088955126,
        "time": 6.44058632850647
      },
      "0.7": {
        "cv": 0.19200648567831882,
        "time": 6.212903738021851
      },
      "0.8": {
        "cv": 0.3411761063191532,
        "time": 7.151100397109985
      },
      "0.9": {
        "cv": 0.5767127191144593,
        "time": 5.595860481262207
      },
      "0.95": {
        "cv": 0.7054310988909472,
        "time": 5.982792854309082
      },
      "1.0": {
        "cv": 0.8260845251743624,
        "time": 6.03106427192688
      },
      "1.05": {
        "cv": 0.9325447746191216,
        "time": 6.1708173751831055
      },
      "1.1": {
        "cv": 1.0232529713185199,
        "time": 3.636549234390259
      },
      "1.2": {
        "cv": 1.162704700331057,
        "time": 3.547348976135254
      },
      "1.3": {
        "cv": 1.2603323935929625,
        "time": 3.5776729583740234
      },
      "1.5": {
        "cv": 1.3822647234303276,
        "time": 3.3217413425445557
      },
      "2.0": {
        "cv": 1.5144130028292928,
        "time": 3.0499324798583984
      }
    },
    "12": {
      "0.5": {
        "cv": 0.06315643713152015,
        "time": 13.175952911376953
      },
      "0.8": {
        "cv": 0.27087854907366093,
        "time": 10.172169208526611
      },
      "0.95": {
        "cv": 0.7479865151876585,
        "time": 10.198431730270386
      },
      "1.0": {
        "cv": 0.9610900547583064,
        "time": 9.998383045196533
      }
    }
  },
  "total_runtime": 60.685608863830566
}