{
  "experiment": "082c_corr_systematic",
  "timestamp": "2026-04-02 06:32:28",
  "data": [
    {
      "q": 2,
      "n": 14,
      "gc": 0.5,
      "dim": 16384,
      "E0": -15.931404270380531,
      "gap": 0.056158795410732765,
      "gap_N": 0.7862231357502587,
      "first_excited_degen": 0.3916991090025874,
      "G_conn": {
        "1": 0.3189787239421611,
        "2": 0.27247953013530546,
        "3": 0.24936410349745286,
        "4": 0.23581416003813416,
        "5": 0.22766965965930752,
        "6": 0.22325424112933612,
        "7": 0.22185046532067132
      },
      "conformal_fit": {
        "eta": 0.24627797962141051,
        "x_sigma": 0.12313898981070526,
        "R2": 0.9999896187981312,
        "oscillation_amplitude": 0.00023152451364514046,
        "max_abs_resid": 0.0003670530093185621,
        "n_fit_points": 6,
        "r_vals": [
          2,
          3,
          4,
          5,
          6,
          7
        ],
        "G_vals": [
          0.27247953013530546,
          0.24936410349745286,
          0.23581416003813416,
          0.22766965965930752,
          0.22325424112933612,
          0.22185046532067132
        ],
        "G_pred": [
          0.2725539602886111,
          0.2492726072368259,
          0.23575961869546752,
          0.2276667074747546,
          0.22328593813649994,
          0.22189399232123244
        ],
        "frac_resid": [
          -0.0002730841013164698,
          0.0003670530093185621,
          0.00023134302205115039,
          1.2967133340110193e-05,
          -0.00014195702348459205,
          -0.00019616123945396762
        ]
      },
      "time_total": 0.9046521186828613
    },
    {
      "q": 3,
      "n": 10,
      "gc": 0.3333333333333333,
      "dim": 59049,
      "E0": -11.489711044151976,
      "gap": 0.07329498553263214,
      "gap_N": 0.7329498553263214,
      "first_excited_degen": 7.105427357601002e-15,
      "G_conn": {
        "1": 0.40781888554093454,
        "2": 0.3461819329730988,
        "3": 0.31833474883988117,
        "4": 0.30501410337200024,
        "5": 0.3009883540893847
      },
      "conformal_fit": {
        "eta": 0.2632102491453545,
        "x_sigma": 0.13160512457267726,
        "R2": 0.9999969663059183,
        "oscillation_amplitude": 9.69254046743176e-05,
        "max_abs_resid": 0.0001606092050043215,
        "n_fit_points": 4,
        "r_vals": [
          2,
          3,
          4,
          5
        ],
        "G_vals": [
          0.3461819329730988,
          0.31833474883988117,
          0.30501410337200024,
          0.3009883540893847
        ],
        "G_pred": [
          0.34620379002406854,
          0.3182836295591718,
          0.30501705888544955,
          0.3010147733337522
        ],
        "frac_resid": [
          -6.313348264680439e-05,
          0.0001606092050043215,
          -9.689666080019912e-06,
          -8.776726828032936e-05
        ]
      },
      "time_total": 4.328247308731079
    },
    {
      "q": 4,
      "n": 8,
      "gc": 0.25,
      "dim": 65536,
      "E0": -9.142296360616776,
      "gap": 0.08577661057034014,
      "gap_N": 0.6862128845627211,
      "first_excited_degen": 2.4868995751603507e-14,
      "G_conn": {
        "1": 0.4463935225385478,
        "2": 0.3795114211801991,
        "3": 0.35309991747471514,
        "4": 0.3456215403093994
      },
      "conformal_fit": {
        "eta": 0.26986445252950664,
        "x_sigma": 0.13493222626475332,
        "R2": 0.9999998318359965,
        "oscillation_amplitude": 1.6970337499025694e-05,
        "max_abs_resid": 2.290045401416009e-05,
        "n_fit_points": 3,
        "r_vals": [
          2,
          3,
          4
        ],
        "G_vals": [
          0.3795114211801991,
          0.35309991747471514,
          0.3456215403093994
        ],
        "G_pred": [
          0.3795134065892114,
          0.35309183151146484,
          0.34562764705309573
        ],
        "frac_resid": [
          -5.231459489533063e-06,
          2.290045401416009e-05,
          -1.7668562536591108e-05
        ]
      },
      "time_total": 5.433619499206543
    },
    {
      "q": 5,
      "n": 8,
      "gc": 0.2,
      "dim": 390625,
      "E0": -9.051273445788102,
      "gap": 0.07991833586750019,
      "gap_N": 0.6393466869400015,
      "first_excited_degen": 4.618527782440651e-14,
      "G_conn": {
        "1": 0.46570459036175743,
        "2": 0.39478463773681166,
        "3": 0.36716544057496675,
        "4": 0.3593869659018922
      },
      "conformal_fit": {
        "eta": 0.271100814463005,
        "x_sigma": 0.1355504072315025,
        "R2": 0.9999997347478934,
        "oscillation_amplitude": 2.14149112442539e-05,
        "max_abs_resid": 2.889763185915891e-05,
        "n_fit_points": 3,
        "r_vals": [
          2,
          3,
          4
        ],
        "G_vals": [
          0.39478463773681166,
          0.36716544057496675,
          0.3593869659018922
        ],
        "G_pred": [
          0.3947820315099104,
          0.36717605109331874,
          0.35937895296089645
        ],
        "frac_resid": [
          6.601685723304519e-06,
          -2.889763185915891e-05,
          2.2296634039666054e-05
        ]
      },
      "time_total": 42.568984031677246
    },
    {
      "q": 6,
      "n": 7,
      "gc": 0.16666666666666666,
      "dim": 279936,
      "E0": -7.857338988435737,
      "gap": 0.08591185624913411,
      "gap_N": 0.6013829937439388,
      "first_excited_degen": 9.769962616701378e-15,
      "G_conn": {
        "1": 0.47790516584064724,
        "2": 0.40760788812457815,
        "3": 0.3841076585592662
      },
      "conformal_fit": {
        "eta": 0.2690359732989519,
        "x_sigma": 0.13451798664947595,
        "R2": 1.0,
        "oscillation_amplitude": 4.16607224398119e-18,
        "max_abs_resid": 1.4451977198130425e-16,
        "n_fit_points": 2,
        "r_vals": [
          2,
          3
        ],
        "G_vals": [
          0.40760788812457815,
          0.3841076585592662
        ],
        "G_pred": [
          0.4076078881245782,
          0.38410765855926626
        ],
        "frac_resid": [
          -1.3618762749334187e-16,
          -1.4451977198130425e-16
        ]
      },
      "time_total": 34.12314772605896
    },
    {
      "q": 7,
      "n": 7,
      "gc": 0.14285714285714285,
      "dim": 823543,
      "E0": -7.786781278425432,
      "gap": 0.08000479347735823,
      "gap_N": 0.5600335543415076,
      "first_excited_degen": 3.8191672047105385e-14,
      "G_conn": {
        "1": 0.48477009131610344,
        "2": 0.4137030609534193,
        "3": 0.39029252996442004
      },
      "conformal_fit": {
        "eta": 0.26391264988283963,
        "x_sigma": 0.13195632494141982,
        "R2": 1.0,
        "oscillation_amplitude": 1.3418114698819716e-16,
        "max_abs_resid": 2.683622939763943e-16,
        "n_fit_points": 2,
        "r_vals": [
          2,
          3
        ],
        "G_vals": [
          0.4137030609534193,
          0.39029252996442004
        ],
        "G_pred": [
          0.4137030609534192,
          0.39029252996442004
        ],
        "frac_resid": [
          2.683622939763943e-16,
          0.0
        ]
      },
      "time_total": 112.30835008621216
    },
    {
      "q": 8,
      "n": 6,
      "gc": 0.125,
      "dim": 262144,
      "E0": -6.641675607494576,
      "gap": 0.08938821530978824,
      "gap_N": 0.5363292918587295,
      "first_excited_degen": 7.993605777301127e-15,
      "G_conn": {
        "1": 0.49097296729121986,
        "2": 0.42392052508244804,
        "3": 0.40834185260814426
      },
      "conformal_fit": {
        "eta": 0.26029636728575717,
        "x_sigma": 0.13014818364287858,
        "R2": 1.0,
        "oscillation_amplitude": 1.2844918685884977e-16,
        "max_abs_resid": 3.928412139548667e-16,
        "n_fit_points": 2,
        "r_vals": [
          2,
          3
        ],