{
  "experiment": "037a",
  "sizes": {
    "8": {
      "0.8": {
        "cv": 0.3719319423173643,
        "time": 0.6753058433532715
      },
      "0.85": {
        "cv": 0.4567807160988055,
        "time": 0.681415319442749
      },
      "0.9": {
        "cv": 0.5471489814359473,
        "time": 0.6902432441711426
      },
      "0.92": {
        "cv": 0.5838362453186151,
        "time": 0.6766629219055176
      },
      "0.94": {
        "cv": 0.6204200614411649,
        "time": 0.6937432289123535
      },
      "0.96": {
        "cv": 0.6566557147540454,
        "time": 0.6835412979125977
      },
      "0.98": {
        "cv": 0.6923277404245815,
        "time": 0.6741435527801514
      },
      "1.0": {
        "cv": 0.7272527525003569,
        "time": 0.6758482456207275
      },
      "1.02": {
        "cv": 0.7612802355928387,
        "time": 0.6874887943267822
      },
      "1.05": {
        "cv": 0.8103876403548016,
        "time": 0.6764864921569824
      },
      "1.1": {
        "cv": 0.8864764014004015,
        "time": 0.6800858974456787
      },
      "1.2": {
        "cv": 1.0160195298488517,
        "time": 0.68977952003479
      }
    },
    "12": {
      "0.8": {
        "cv": 0.32232467253598335,
        "time": 1.533949375152588
      },
      "0.85": {
        "cv": 0.42430478042888964,
        "time": 1.5025744438171387
      },
      "0.9": {
        "cv": 0.5508383879870025,
        "time": 1.4983274936676025
      },
      "0.92": {
        "cv": 0.6064721156672146,
        "time": 1.4931154251098633
      },
      "0.94": {
        "cv": 0.6638040490091434,
        "time": 1.5377771854400635
      },
      "0.96": {
        "cv": 0.7219910472539415,
        "time": 1.5635490417480469
      },
      "0.98": {
        "cv": 0.7802268549847523,
        "time": 1.4826579093933105
      },
      "1.0": {
        "cv": 0.8377906028002253,
        "time": 1.4700872898101807
      },
      "1.02": {
        "cv": 0.8940775839038545,
        "time": 1.5192320346832275
      },
      "1.05": {
        "cv": 0.9751097759378733,
        "time": 1.5402531623840332
      },
      "1.1": {
        "cv": 1.0988027841449057,
        "time": 1.5654494762420654
      },
      "1.2": {
        "cv": 1.3002829598993226,
        "time": 1.5418360233306885
      }
    },
    "16": {
      "0.8": {
        "cv": 0.27963978458571526,
        "time": 2.589378595352173
      },
      "0.85": {
        "cv": 0.37841367684221955,
        "time": 2.661346673965454
      },
      "0.9": {
        "cv": 0.5231750460161004,
        "time": 2.6151716709136963
      },
      "0.92": {
        "cv": 0.5934971035646011,
        "time": 2.5880579948425293
      },
      "0.94": {
        "cv": 0.6691919393478873,
        "time": 2.586063861846924
      },
      "0.96": {
        "cv": 0.7485086403452986,
        "time": 2.5395796298980713
      },
      "0.98": {
        "cv": 0.8295529318867437,
        "time": 2.581745147705078
      }
    }
  },
  "crossings": {
    "8_12": {
      "crossings": [
        0.8948992511552735
      ],
      "n_eff": 9.797958971132712
    },
    "12_16": {
      "crossings": [
        0.9341317660909538
      ],
      "n_eff": 13.856406460551018
    }
  },
  "nu_estimates": [
    {
      "n1": 9.797958971132712,
      "n2": 13.856406460551018,
      "h1": 0.8948992511552735,
      "h2": 0.9341317660909538,
      "inv_nu": 1.3482363500939285,
      "nu": 0.7417097157559447
    }
  ],
  "total_runtime": 53.76182436943054
}