{
  "experiment": "085b_renyi_calpha",
  "timestamp": "2026-04-02 07:22:20",
  "data": {
    "2": {
      "q": 2,
      "Re_c": 0.5,
      "pairs": {
        "10_12": {
          "n1": 10,
          "n2": 12,
          "c_alpha": {
            "0.5": 0.9999527587036764,
            "1": 0.9951567309326317,
            "2": 1.0585720681085256,
            "3": 1.119327315874559,
            "5": 1.1364032844765053,
            "10": 1.1146873600072018,
            "inf": 1.1035950201896187
          },
          "c_over_Rec": {
            "0.5": 1.9999055174073528,
            "1": 1.9903134618652634,
            "2": 2.117144136217051,
            "3": 2.238654631749118,
            "5": 2.2728065689530106,
            "10": 2.2293747200144036,
            "inf": 2.2071900403792375
          }
        },
        "12_14": {
          "n1": 12,
          "n2": 14,
          "c_alpha": {
            "0.5": 0.9999770388962957,
            "1": 0.9965499600445777,
            "2": 1.0504550903719012,
            "3": 1.1085690783211102,
            "5": 1.1293903127620581,
            "10": 1.109542255101592,
            "inf": 1.0985221601209738
          },
          "c_over_Rec": {
            "0.5": 1.9999540777925915,
            "1": 1.9930999200891555,
            "2": 2.1009101807438024,
            "3": 2.2171381566422204,
            "5": 2.2587806255241163,
            "10": 2.219084510203184,
            "inf": 2.1970443202419476
          }
        },
        "10_14": {
          "n1": 10,
          "n2": 14,
          "c_alpha": {
            "0.5": 0.9999638823798414,
            "1": 0.9957950219753587,
            "2": 1.0548533730720255,
            "3": 1.1143985596441477,
            "5": 1.1331903764272497,
            "10": 1.1123301925126512,
            "inf": 1.101270950792088
          },
          "c_over_Rec": {
            "0.5": 1.9999277647596827,
            "1": 1.9915900439507175,
            "2": 2.109706746144051,
            "3": 2.2287971192882954,
            "5": 2.2663807528544995,
            "10": 2.2246603850253024,
            "inf": 2.202541901584176
          }
        }
      }
    },
    "3": {
      "q": 3,
      "Re_c": 0.7999999999999999,
      "pairs": {
        "6_8": {
          "n1": 6,
          "n2": 8,
          "c_alpha": {
            "0.5": 1.6020528984990672,
            "1": 1.582331329897943,
            "2": 1.7538279136033286,
            "3": 1.8289020005289482,
            "5": 1.7984023632634887,
            "10": 1.7502870805073791,
            "inf": 1.732789315955395
          },
          "c_over_Rec": {
            "0.5": 2.002566123123834,
            "1": 1.9779141623724288,
            "2": 2.192284892004161,
            "3": 2.2861275006611854,
            "5": 2.248002954079361,
            "10": 2.1878588506342243,
            "inf": 2.165986644944244
          }
        },
        "8_10": {
          "n1": 8,
          "n2": 10,
          "c_alpha": {
            "0.5": 1.6016286822285721,
            "1": 1.5897268326091405,
            "2": 1.7301196703233552,
            "3": 1.8092303724725292,
            "5": 1.7914842943223306,
            "10": 1.745618712112114,
            "inf": 1.7281724867003525
          },
          "c_over_Rec": {
            "0.5": 2.002035852785715,
            "1": 1.9871585407614258,
            "2": 2.1626495879041943,
            "3": 2.261537965590662,
            "5": 2.2393553679029132,
            "10": 2.182023390140143,
            "inf": 2.1602156083754407
          }
        },
        "6_10": {
          "n1": 6,
          "n2": 10,
          "c_alpha": {
            "0.5": 1.60186758844272,
            "1": 1.585561901470614,
            "2": 1.7434714605305317,
            "3": 1.8203088588766558,
            "5": 1.7953803487052018,
            "10": 1.7482478008508835,
            "inf": 1.7307725501005684
          },
          "c_over_Rec": {
            "0.5": 2.0023344855534004,
            "1": 1.9819523768382676,
            "2": 2.179339325663165,
            "3": 2.27538607359582,
            "5": 2.2442254358815026,
            "10": 2.1853097510636044,
            "inf": 2.1634656876257106
          }
        }
      }
    },
    "5": {
      "q": 5,
      "Re_c": 1.137547336647226,
      "pairs": {
        "4_6": {
          "n1": 4,
          "n2": 6,
          "c_alpha": {
            "0.5": 2.324987580243819,
            "1": 2.2664228882905997,
            "2": 2.5808961398561454,
            "3": 2.583686789860751,
            "5": 2.464863179553622,
            "10": 2.3919203714513433,
            "inf": 2.368001327418904
          },
          "c_over_Rec": {
            "0.5": 2.0438600709983814,
            "1": 1.9923767699818002,
            "2": 2.2688252670548232,
            "3": 2.271278483650478,
            "5": 2.166822513794009,
            "10": 2.1026996366597106,
            "inf": 2.081672780667117
          }
        },
        "6_8": {
          "n1": 6,
          "n2": 8,
          "c_alpha": {
            "0.5": 2.3147968511088504,
            "1": 2.2840201430788287,
            "2": 2.535179320699486,
            "3": 2.56303520005215,
            "5": 2.462219129735132,
            "10": 2.3904171212775305,
            "inf": 2.366513424779967
          },
          "c_over_Rec": {
            "0.5": 2.0349015610474863,
            "1": 2.0078462403249815,
            "2": 2.228636329255185,
            "3": 2.2531239953550997,
            "5": 2.164498171119811,
            "10": 2.101378153038428,
            "inf": 2.0803647888227315
          }
        },
        "4_8": {
          "n1": 4,
          "n2": 8,
          "c_alpha": {
            "0.5": 2.320758045507813,
            "1": 2.273726408912079,
            "2": 2.561921945558382,
            "3": 2.5751156056704567,
            "5": 2.463765799728987,
            "10": 2.3912964662584133,
            "inf": 2.367383792028469
          },
          "c_over_Rec": {
            "0.5": 2.040141953431097,
            "1": 1.9987971802682023,
            "2": 2.252145350811788,
            "3": 2.263743690227677,
            "5": 2.165857824423042,
            "10": 2.102151171402195,
            "inf": 2.081129915002946
          }
        }
      }
    },
    "6": {
      "q": 6,
      "Re_c": 1.2525009147089168,
      "pairs": {
        "4_6": {
          "n1": 4,
          "n2": 6,
          "c_alpha": {
            "0.5": 2.5561093040440017,
            "1": 2.4900043682393167,
            "2": 2.8190432103518357,
            "3": 2.7841518309149795,
            "5": 2.640714603763994,
            "10": 2.5618645309670396,
            "inf": 2.5362459429655675
          },
          "c_over_Rec": {
            "0.5": 2.04080434115934,
            "1": 1.9880259878436877,
            "2": 2.2507314583534543,
            "3": 2.222874089925931,
            "5": 2.108353433320805,
            "10": 2.04539932935891,
            "inf": 2.024945381820336
          }
        },
        "6_8": {
          "n1": 6,
          "n2": 8,
          "c_alpha": {
            "0.5": 2.5345738847460293,
            "1": 2.4978447515833513,
            "2": 2.7602691231181264,
            "3": 2.7514601642647807,
            "5": 2.6241602377162487,
            "10": 2.5465010023477714,
            "inf": 2.5210361602163247
          },
          "c_over_Rec": {
            "0.5": 2.0236104061728915,
            "1": 1.9942857703731534,
            "2": 2.2038060736742993,
            "3": 2.1967729779297005,
            "5": 2.0951363842525477,
            "10": 2.03313304800227,
            "inf": 2.0128018515676835
          }
        },
        "4_8": {
          "n1": 4,
          "n2": 8,
          "c_alpha": {
            "0.5": 2.5471712974726497,
            "1": 2.493258421335812,
            "2": 2.7946497601639604,
            "3": 2.7705835633412232,
            "5": 2.633843921077391,