{
  "XX": {
    "v_use": 1.0,
    "pw_ceff": [
      0.9701038954895166,
      0.9803610057882077,
      0.986073879821749,
      0.9895992760046962,
      0.9919323067558256,
      0.9935577157375227
    ],
    "pw_ccas": [
      1.0301164803648568,
      1.019774652370869,
      1.0140035001468668,
      1.0104464426909243,
      1.0080960935471395,
      1.0064607618332575
    ]
  },
  "Heisenberg": {
    "v_use": 1.5707963267948966,
    "pw_ceff": [
      0.9805763361148443,
      0.9892648612494784,
      0.9938684561836933,
      0.9965569551262099,
      0.9982418924291363,
      0.9993474375228024
    ],
    "pw_ccas": [
      1.0466160890035843,
      1.0327479294123028,
      1.0247681767929753,
      1.019699256290609,
      1.0162492140075454,
      1.013777843913716
    ]
  },
  "BKT": {
    "v_use": 1.1770629431386186,
    "pw_ceff": [
      0.9832143734075887,
      0.9882717180951172,
      0.9921013904710981,
      0.9939168088188347,
      0.9954050868629895,
      0.9962770219863926
    ],
    "pw_ccas": [
      1.0082948378056549,
      1.0053022405014531,
      1.0032449698727797,
      1.0018578051704463,
      1.0008949494878918,
      1.0002042334620054
    ]
  }
}