{
  "experiment": "103a_fidelity_q5_gpu",
  "timestamp": "2026-04-02 15:35:36",
  "method": "chi_F at g_c=1/q, dg=1e-4, S_q Potts periodic",
  "data": {
    "6": {
      "q": 5,
      "n": 6,
      "dim": 15625,
      "g_c": 0.2,
      "dg": 0.0001,
      "chi_F": 36.29421123640952,
      "overlap": 0.9999989111736629,
      "time_build_s": 0.9495863914489746,
      "time_eig1_s": 0.030693769454956055,
      "time_eig2_s": 0.031798601150512695,
      "time_total_s": 1.0318214893341064
    },
    "8": {
      "q": 5,
      "n": 8,
      "dim": 390625,
      "g_c": 0.2,
      "dg": 0.0001,
      "chi_F": 66.17905705108562,
      "overlap": 0.999997352837718,
      "time_build_s": 0.6652071475982666,
      "time_eig1_s": 1.541205644607544,
      "time_eig2_s": 1.9581327438354492,
      "time_total_s": 4.263085126876831
    },
    "9": {
      "q": 5,
      "n": 9,
      "dim": 1953125,
      "g_c": 0.2,
      "dg": 0.0001,
      "chi_F": 84.68535007565158,
      "overlap": 0.9999961891592466,
      "time_build_s": 3.8409011363983154,
      "time_eig1_s": 10.75502610206604,
      "time_eig2_s": 10.415377616882324,
      "time_total_s": 25.85927724838257
    },
    "10": {
      "q": 5,
      "n": 10,
      "dim": 9765625,
      "g_c": 0.2,
      "dg": 0.0001,
      "chi_F": 105.65278625307428,
      "overlap": 0.9999947173606873,
      "time_build_s": 23.898000717163086,
      "time_eig1_s": 68.06697416305542,
      "time_eig2_s": 59.757829904556274,
      "time_total_s": 156.28650569915771
    }
  },
  "fss": {
    "alpha_full": 2.0912104746519127,
    "nu_eff": 0.6469957372363042,
    "pairwise_alpha": [
      2.0880890857875616,
      2.0934981737481806,
      2.099605251808612
    ],
    "sizes": [
      6,
      8,
      9,
      10
    ],
    "chi_F_values": [
      36.29421123640952,
      66.17905705108562,
      84.68535007565158,
      105.65278625307428
    ]
  }
}