{
  "experiment": "036a2",
  "data": {
    "32": {
      "0.5": {
        "h_J": 0.5,
        "mi_cv": 0.05608091157791871,
        "mean_mi": 0.868545503650073,
        "n_pairs": 496,
        "time": 10.175384521484375
      },
      "0.8": {
        "h_J": 0.8,
        "mi_cv": 0.20493372730465534,
        "mean_mi": 0.5567327809799587,
        "n_pairs": 496,
        "time": 9.272106885910034
      },
      "0.9": {
        "h_J": 0.9,
        "mi_cv": 0.3826897987482454,
        "mean_mi": 0.33254313107178335,
        "n_pairs": 496,
        "time": 9.407804489135742
      },
      "0.95": {
        "h_J": 0.95,
        "mi_cv": 0.6454903530149683,
        "mean_mi": 0.2004646067811813,
        "n_pairs": 496,
        "time": 9.618221044540405
      },
      "1.0": {
        "h_J": 1.0,
        "mi_cv": 1.0718136713455386,
        "mean_mi": 0.11543855854178973,
        "n_pairs": 496,
        "time": 9.441778421401978
      },
      "1.1": {
        "h_J": 1.1,
        "mi_cv": 1.8225770421223295,
        "mean_mi": 0.05701617632126454,
        "n_pairs": 496,
        "time": 9.44200086593628
      }
    }
  },
  "total_runtime": 57.382362842559814
}