{
  "experiment": "039b",
  "model": "q=3 Potts (clock)",
  "n12_complete": {
    "0.5": {
      "cv": 0.06315643713152015,
      "time": 13.175952911376953
    },
    "0.8": {
      "cv": 0.27087854907366093,
      "time": 10.172169208526611
    },
    "0.95": {
      "cv": 0.7479865151876585,
      "time": 10.198431730270386
    },
    "1.0": {
      "cv": 0.9610900547583064,
      "time": 9.998383045196533
    },
    "0.9": {
      "cv": 0.5391990174721951,
      "time": 10.560692548751831
    },
    "1.05": {
      "cv": 1.1463313644556705,
      "time": 10.390358686447144
    },
    "1.1": {
      "cv": 1.295511395301706,
      "time": 10.253718376159668
    }
  },
  "total_runtime": 31.20634365081787
}