{
  "experiment": "122a_log_corrections_q4",
  "sprint": 122,
  "sq_q4": {
    "pure_power": {
      "alpha": 1.777366830222226,
      "alpha_err": 0.0029060397675236055,
      "A": 0.5461957361744085,
      "r2": 0.9999898807025767,
      "log_r2": 0.9999414602163127,
      "aic": -50.13410866310049,
      "residuals": [
        -0.07844411126912565,
        -0.015768901011664838,
        0.016026362668936756,
        0.029082434176494587,
        0.027577845055720474,
        0.015904287150462437,
        -0.002605461265900999,
        -0.02619693240800558
      ]
    },
    "log_fixed_alpha2": {
      "p": 0.4481393305293784,
      "p_err": 0.02025205262678814,
      "A": 0.47526649589123926,
      "r2": 0.9998789807561282,
      "log_r2": 0.9994860154729445,
      "aic": -30.282065972427475
    },
    "log_free": {
      "alpha": 1.6925771607787001,
      "alpha_err": 0.012773425012482496,
      "p": -0.17239663600221888,
      "p_err": 0.025901231602577176,
      "A": 0.5751170913293181,
      "r2": 0.9999989788063427,
      "log_r2": 0.99999639282545,
      "aic": -66.48188499502878
    },
    "power_corr": {
      "alpha": 1.7574061030280141,
      "alpha_err": 0.0021250156816138145,
      "B": -0.5420151356652266,
      "A": 0.5750450144977012,
      "r2": 0.9999995004293973,
      "log_r2": 0.9999984657985007,
      "aic": -72.20171331239368
    }
  },
  "hybrid_q4": {
    "pure_power": {
      "alpha": 1.525571066153409,
      "alpha_err": 0.009463992405924496,
      "A": 0.2578028493690532,
      "r2": 0.9998435713790366,
      "log_r2": 0.9994612582786132,
      "aic": -50.85188999696118,
      "residuals": [
        -0.06584497536623646,
        -0.019420410610107908,
        0.01145171115154131,
        0.02883622543992459,
        0.0320093409635982,
        0.02203941598755854,
        0.00013299549684830936,
        -0.03514419053038509
      ]
    },
    "log_fixed_alpha2": {
      "p": 0.9406317044958907,
      "p_err": 0.049820826751048576,
      "A": 0.18951387582932988,
      "r2": 0.9988927122776134,
      "log_r2": 0.996864277543495,
      "aic": -35.195337989739464
    },
    "log_free": {
      "alpha": 1.238593375247123,
      "alpha_err": 0.01037407423615149,
      "p": -0.5766753632825079,
      "p_err": 0.020805700149040516,
      "A": 0.30864785050655186,
      "r2": 0.9999990025085779,
      "log_r2": 0.9999974704481163,
      "aic": -89.29278231322708
    },
    "power_corr": {
      "alpha": 1.46022706739197,
      "alpha_err": 0.000854355749592111,
      "B": -1.6407483161565288,
      "A": 0.30463795940455085,
      "r2": 0.9999998719213935,
      "log_r2": 0.99999971753476,
      "aic": -105.71357719708924
    }
  }
}