{
  "experiment": "095a_bw_ratio_q2",
  "timestamp": "2026-04-02 10:36:34",
  "q": 2,
  "g_c": 0.5,
  "data": {
    "nA3": {
      "n7": {
        "nA": 3,
        "n": 7,
        "dim": 128,
        "dimA": 8,
        "ratio_nA_n": 0.42857142857142855,
        "E0": -7.993959207434913,
        "R2": 0.9998380509661152,
        "one_minus_R2": 0.00016194903388477844,
        "alpha": 6.40884023434266,
        "time": 0.020514726638793945
      },
      "n8": {
        "nA": 3,
        "n": 8,
        "dim": 256,
        "dimA": 8,
        "ratio_nA_n": 0.375,
        "E0": -9.125830895483011,
        "R2": 0.9998547267818946,
        "one_minus_R2": 0.00014527321810542393,
        "alpha": 6.408496205752145,
        "time": 0.010866165161132812
      },
      "n9": {
        "nA": 3,
        "n": 9,
        "dim": 512,
        "dimA": 8,
        "ratio_nA_n": 0.3333333333333333,
        "E0": -10.258770483143602,
        "R2": 0.999853446617321,
        "one_minus_R2": 0.00014655338267899332,
        "alpha": 6.41568944723733,
        "time": 0.03179168701171875
      },
      "n10": {
        "nA": 3,
        "n": 10,
        "dim": 1024,
        "dimA": 8,
        "ratio_nA_n": 0.3,
        "E0": -11.39245322149965,
        "R2": 0.9998482307330163,
        "one_minus_R2": 0.0001517692669836812,
        "alpha": 6.423308522442609,
        "time": 0.06717300415039062
      },
      "n12": {
        "nA": 3,
        "n": 12,
        "dim": 4096,
        "dimA": 8,
        "ratio_nA_n": 0.25,
        "E0": -13.661297575540422,
        "R2": 0.9998371432956398,
        "one_minus_R2": 0.0001628567043602258,
        "alpha": 6.435481542299211,
        "time": 0.21378493309020996
      },
      "n14": {
        "nA": 3,
        "n": 14,
        "dim": 16384,
        "dimA": 8,
        "ratio_nA_n": 0.21428571428571427,
        "E0": -15.93140427038051,
        "R2": 0.9998284241112472,
        "one_minus_R2": 0.00017157588875282848,
        "alpha": 6.443763649063911,
        "time": 0.8382670879364014
      },
      "n16": {
        "nA": 3,
        "n": 16,
        "dim": 65536,
        "dimA": 8,
        "ratio_nA_n": 0.1875,
        "E0": -18.202297237378342,
        "R2": 0.9998220230590469,
        "one_minus_R2": 0.00017797694095311734,
        "alpha": 6.449440671451152,
        "time": 3.8517019748687744
      },
      "fit": {
        "slope": -0.1928780774426443,
        "fit_R2": 0.5548846333446446
      }
    },
    "nA4": {
      "n9": {
        "nA": 4,
        "n": 9,
        "dim": 512,
        "dimA": 16,
        "ratio_nA_n": 0.4444444444444444,
        "E0": -10.258770483143625,
        "R2": 0.9997004419156049,
        "one_minus_R2": 0.0002995580843950796,
        "alpha": 6.4802906386696675,
        "time": 0.03184652328491211
      },
      "n10": {
        "nA": 4,
        "n": 10,
        "dim": 1024,
        "dimA": 16,
        "ratio_nA_n": 0.4,
        "E0": -11.392453221499682,
        "R2": 0.9997439052608575,
        "one_minus_R2": 0.00025609473914245395,
        "alpha": 6.466563183911618,
        "time": 0.06366634368896484
      },
      "n12": {
        "nA": 4,
        "n": 12,
        "dim": 4096,
        "dimA": 16,
        "ratio_nA_n": 0.3333333333333333,
        "E0": -13.66129757554036,
        "R2": 0.9997486525274843,
        "one_minus_R2": 0.0002513474725156506,
        "alpha": 6.469791308129374,
        "time": 0.19871997833251953
      },
      "n14": {
        "nA": 4,
        "n": 14,
        "dim": 16384,
        "dimA": 16,
        "ratio_nA_n": 0.2857142857142857,
        "E0": -15.93140427038047,
        "R2": 0.9997356122320407,
        "one_minus_R2": 0.0002643877679593398,
        "alpha": 6.478583166450582,
        "time": 1.0091168880462646
      },
      "n16": {
        "nA": 4,
        "n": 16,
        "dim": 65536,
        "dimA": 16,
        "ratio_nA_n": 0.25,
        "E0": -18.202297237378303,
        "R2": 0.9997226167668583,
        "one_minus_R2": 0.00027738323314174806,
        "alpha": 6.4861056844026095,
        "time": 3.8589212894439697
      },
      "n18": {
        "nA": 4,
        "n": 18,
        "dim": 262144,
        "dimA": 16,
        "ratio_nA_n": 0.2222222222222222,
        "E0": -20.473713245669806,
        "R2": 0.9997119487756897,
        "one_minus_R2": 0.00028805122431030394,
        "alpha": 6.491904834757237,
        "time": 17.7913236618042
      },
      "fit": {
        "slope": -0.02028048502451058,
        "fit_R2": 0.006316134630366066
      }
    },
    "nA5": {
      "n11": {
        "nA": 5,
        "n": 11,
        "dim": 2048,
        "dimA": 32,
        "ratio_nA_n": 0.45454545454545453,
        "E0": -12.526674183332286,
        "R2": 0.9992614365727134,
        "one_minus_R2": 0.0007385634272866204,
        "alpha": 6.509603740943112,
        "time": 0.12118816375732422
      },
      "n12": {
        "nA": 5,
        "n": 12,
        "dim": 4096,
        "dimA": 32,
        "ratio_nA_n": 0.4166666666666667,
        "E0": -13.661297575540361,
        "R2": 0.9989092405050136,
        "one_minus_R2": 0.001090759494986382,
        "alpha": 6.448897347163657,
        "time": 0.20239591598510742
      },
      "n14": {
        "nA": 5,
        "n": 14,
        "dim": 16384,
        "dimA": 32,
        "ratio_nA_n": 0.35714285714285715,
        "E0": -15.931404270380506,
        "R2": 0.999135901206724,
        "one_minus_R2": 0.0008640987932759803,
        "alpha": 6.462053829528018,
        "time": 0.8724031448364258
      },
      "n16": {
        "nA": 5,
        "n": 16,
        "dim": 65536,
        "dimA": 32,
        "ratio_nA_n": 0.3125,
        "E0": -18.20229723737831,
        "R2": 0.9994439588605109,
        "one_minus_R2": 0.0005560411394891496,
        "alpha": 6.489211997027295,
        "time": 3.8176887035369873
      },
      "n18": {
        "nA": 5,
        "n": 18,
        "dim": 262144,
        "dimA": 32,
        "ratio_nA_n": 0.2777777777777778,
        "E0": -20.473713245669813,
        "R2": 0.9994232704133349,
        "one_minus_R2": 0.0005767295866651034,
        "alpha": 6.493862158087127,
        "time": 18.025282621383667
      },
      "fit": {
        "slope": 0.9831053066969069,
        "fit_R2": 0.4944682957923515
      }
    },
    "nA6": {
      "n13": {
        "nA": 6,
        "n": 13,
        "dim": 8192,
        "dimA": 64,
        "ratio_nA_n": 0.46153846153846156,
        "E0": -14.796229810558732,
        "R2": 0.8086049883176991,
        "one_minus_R2": 0.1913950116823009,
        "alpha": 7.385926231088448,
        "time": 0.4677908420562744
      },
      "n14": {
        "nA": 6,
        "n": 14,
        "dim": 16384,
        "dimA": 64,
        "ratio_nA_n": 0.42857142857142855,
        "E0": -15.931404270380531,
        "R2": 0.7989544561646891,
        "one_minus_R2": 0.20104554383531092,
        "alpha": 7.227339717151262,
        "time": 0.8654236793518066
      },
      "n16": {
        "nA": 6,
        "n": 16,
        "dim": 65536,
        "dimA": 64,
        "ratio_nA_n": 0.375,
        "E0": -18.202297237378374,
        "R2": 0.8448115490483062,
        "one_minus_R2": 0.15518845095169376,
        "alpha": 7.389130013522326,
        "time": 3.869205951690674
      },
      "n18": {
        "nA": 6,
        "n": 18,
        "dim": 262144,
        "dimA": 64,
        "ratio_nA_n": 0.3333333333333333,
        "E0": -20.473713245669856,
        "R2": 0.8261939206610429,
        "one_minus_R2": 0.1738060793389571,
        "alpha": 7.306482138530795,
        "time": 18.125818490982056
      },
      "fit": {
        "slope": 0.5176330161107346,
        "fit_R2": 0.4262769571747145
      }
    }
  }
}