{
  "sprint": "054a",
  "q": 3,
  "g_c": 0.3333333333333333,
  "chi_max": 80,
  "data": [
    {
      "n": 8,
      "E": -8.640043961777545,
      "S_half": 0.5161166301906971,
      "chi_actual": 78,
      "time": 7.086503744125366
    },
    {
      "n": 12,
      "E": -13.218214662725034,
      "S_half": 0.5792297452681028,
      "chi_actual": 80,
      "time": 48.23513746261597
    },
    {
      "n": 16,
      "E": -17.797890208565725,
      "S_half": 0.6226969560778819,
      "chi_actual": 80,
      "time": 87.24021220207214
    },
    {
      "n": 24,
      "E": -26.958833694382083,
      "S_half": 0.6824158534050677,
      "chi_actual": 80,
      "time": 163.45114588737488
    }
  ],
  "analysis": {
    "c_full_fit": 0.9081256278659463,
    "c_pairwise": [
      0.9339365654206064,
      0.9065676656038018,
      0.8837095394840457
    ],
    "c_exact": 0.8
  }
}