{
  "experiment": "118a_q4_chif_extend",
  "sprint": 118,
  "timestamp": "2026-04-08 00:23:32",
  "data": {
    "q4_n4": {
      "n": 4,
      "dim": 256,
      "q": 4,
      "gap_multiplet": 0.9514652606618594,
      "gap_spectral": 0.17692183465402245,
      "me_sq": 22.959089625806975,
      "chi_F": 6.340285285058387,
      "dominant_fraction": 1.0,
      "E0": -4.651093408937177,
      "time_s": 0.0
    },
    "q4_n5": {
      "n": 5,
      "dim": 1024,
      "q": 4,
      "gap_multiplet": 0.7448489190835996,
      "gap_spectral": 0.13977356564910703,
      "me_sq": 26.4264085061007,
      "chi_F": 9.526464558529337,
      "dominant_fraction": 1.0,
      "E0": -5.7654463544920445,
      "time_s": 0.0
    },
    "q4_n6": {
      "n": 6,
      "dim": 4096,
      "q": 4,
      "gap_multiplet": 0.6100015837439479,
      "gap_spectral": 0.11553585473171335,
      "me_sq": 29.496221663358067,
      "chi_F": 13.211532966846846,
      "dominant_fraction": 1.0,
      "E0": -6.887390917445211,
      "time_s": 0.0
    },
    "q4_n7": {
      "n": 7,
      "dim": 16384,
      "q": 4,
      "gap_multiplet": 0.5154868608571688,
      "gap_spectral": 0.09846029867197537,
      "me_sq": 32.334309342248005,
      "chi_F": 17.383224885906973,
      "dominant_fraction": 1.0,
      "E0": -8.013549533547012,
      "time_s": 0.2
    },
    "q4_n8": {
      "n": 8,
      "dim": 65536,
      "q": 4,
      "gap_multiplet": 0.44574893402298166,
      "gap_spectral": 0.08577661057033303,
      "me_sq": 35.01766779329738,
      "chi_F": 22.03010691304613,
      "dominant_fraction": 1.0,
      "E0": -9.142296360616786,
      "time_s": 0.6
    },
    "q4_n9": {
      "n": 9,
      "dim": 262144,
      "q": 4,
      "gap_multiplet": 0.39226703022358755,
      "gap_spectral": 0.07598211382406106,
      "me_sq": 37.58780771220864,
      "chi_F": 27.14193911915862,
      "dominant_fraction": 1.0,
      "E0": -10.272749087033757,
      "time_s": 0.9
    },
    "q4_n10": {
      "n": 10,
      "dim": 1048576,
      "q": 4,
      "gap_multiplet": 0.350001957765258,
      "gap_spectral": 0.06819020519886898,
      "me_sq": 40.06973571670741,
      "chi_F": 32.70962240907529,
      "dominant_fraction": 1.0,
      "E0": -11.404386529876456,
      "time_s": 4.9
    },
    "q4_n11": {
      "n": 11,
      "dim": 4194304,
      "q": 4,
      "gap_multiplet": 0.3157904995645815,
      "gap_spectral": 0.0618436570222034,
      "me_sq": 42.47983621962582,
      "chi_F": 38.725053634151344,
      "dominant_fraction": 1.0,
      "E0": -12.536880651765701,
      "time_s": 19.4
    }
  },
  "global_alpha": 1.7859633040821181,
  "nu_eff": 0.7178845453813086
}