{
  "experiment": "034b",
  "description": "BW locality for Z\u2083 clock model",
  "parameters": {
    "n": 8,
    "local_dim": 3,
    "n_A": 4
  },
  "sweep": [
    {
      "h_J": 0.05,
      "entropy_bits": 1.5849620237377016,
      "clock_locality": 0.4299708886302363,
      "coefficients": {
        "ZZd_0_1": -2.28875630749348,
        "ZZd_1_2": -2.2891505550809192,
        "ZZd_2_3": -0.7128091351654432,
        "XXd_0": -0.07827910866504674,
        "XXd_1": -0.03872801530044345,
        "XXd_2": -0.06218652410515609,
        "XXd_3": -0.03801134511895449
      },
      "envelope_results": {
        "sin_inv": {
          "fidelity": 0.6416134043442614,
          "variance_captured": 0.41166776063423227,
          "alpha": 2.3131824656578166
        },
        "linear": {
          "fidelity": 0.6426088096074426,
          "variance_captured": 0.4129460821850941,
          "alpha": 0.7122363222267556
        },
        "uniform": {
          "fidelity": 0.6041597884802044,
          "variance_captured": 0.3650090500164451,
          "alpha": 1.761321012425024
        }
      },
      "best_envelope": "linear",
      "time_s": 0.6526639461517334
    },
    {
      "h_J": 0.1,
      "entropy_bits": 1.5849671576311244,
      "clock_locality": 0.46371396459053427,
      "coefficients": {
        "ZZd_0_1": -2.552956260923064,
        "ZZd_1_2": -2.458308847461738,
        "ZZd_2_3": -0.6735445999484833,
        "XXd_0": -0.17953426202431003,
        "XXd_1": -0.09383544062709295,
        "XXd_2": -0.15045486939046498,
        "XXd_3": -0.05455458965444891
      },
      "envelope_results": {
        "sin_inv": {
          "fidelity": 0.6627029269380273,
          "variance_captured": 0.439175169372228,
          "alpha": 2.497036705015508
        },
        "linear": {
          "fidelity": 0.6659051462018983,
          "variance_captured": 0.44342966373817116,
          "alpha": 0.77087632786932
        },
        "uniform": {
          "fidelity": 0.6190419309723268,
          "variance_captured": 0.38321291230194665,
          "alpha": 1.885739350165434
        }
      },
      "best_envelope": "linear",
      "time_s": 0.5180387496948242
    },
    {
      "h_J": 0.15,
      "entropy_bits": 1.5849849026047118,
      "clock_locality": 0.5114094504179778,
      "coefficients": {
        "ZZd_0_1": -2.8994529616338816,
        "ZZd_1_2": -2.4528418745117255,
        "ZZd_2_3": -0.8516166976315983,
        "XXd_0": -0.3146647153928805,
        "XXd_1": -0.194430453143046,
        "XXd_2": -0.2574905527047315,
        "XXd_3": -0.0774398560836669
      },
      "envelope_results": {
        "sin_inv": {
          "fidelity": 0.7016360687269041,
          "variance_captured": 0.492293172938545,
          "alpha": 2.7065034921469744
        },
        "linear": {
          "fidelity": 0.7065892893728367,
          "variance_captured": 0.49926842385641046,
          "alpha": 0.8365353921035877
        },
        "uniform": {
          "fidelity": 0.6571766781197309,
          "variance_captured": 0.4318811862644846,
          "alpha": 2.04871047584979
        }
      },
      "best_envelope": "linear",
      "time_s": 0.4049239158630371
    },
    {
      "h_J": 0.175,
      "entropy_bits": 1.5850032747182257,
      "clock_locality": 0.5265960990728044,
      "coefficients": {
        "ZZd_0_1": -3.0231864328729445,
        "ZZd_1_2": -2.4509047807743682,
        "ZZd_2_3": -0.9197406998525747,
        "XXd_0": -0.38832443918626114,
        "XXd_1": -0.25158784388548094,
        "XXd_2": -0.3069888755386113,
        "XXd_3": -0.08974014378922691
      },
      "envelope_results": {
        "sin_inv": {
          "fidelity": 0.7131657057224212,
          "variance_captured": 0.5086053238185592,
          "alpha": 2.7797669269201677
        },
        "linear": {
          "fidelity": 0.7185791404833534,
          "variance_captured": 0.5163559811377947,
          "alpha": 0.8590752523261368
        },
        "uniform": {
          "fidelity": 0.6686319537975082,
          "variance_captured": 0.4470686896390731,
          "alpha": 2.105762735442694
        }
      },
      "best_envelope": "linear",
      "time_s": 0.3281586170196533
    },
    {
      "h_J": 0.2,
      "entropy_bits": 1.5850309811638295,
      "clock_locality": 0.5382003464195181,
      "coefficients": {
        "ZZd_0_1": -3.124069055981217,
        "ZZd_1_2": -2.449586416696256,
        "ZZd_2_3": -0.9788675860359299,
        "XXd_0": -0.46525555196568114,
        "XXd_1": -0.312327648476783,
        "XXd_2": -0.3548325263071611,
        "XXd_3": -0.10259169103538934
      },
      "envelope_results": {
        "sin_inv": {
          "fidelity": 0.7217262971501874,
          "variance_captured": 0.5208888479981209,
          "alpha": 2.8387938687101024
        },
        "linear": {
          "fidelity": 0.7274140757493696,
          "variance_captured": 0.5291312375983097,
          "alpha": 0.8769276308026128
        },
        "uniform": {
          "fidelity": 0.6772292203563802,
          "variance_captured": 0.45863941690451016,
          "alpha": 2.1517482728703827
        }
      },
      "best_envelope": "linear",
      "time_s": 0.2930123805999756
    },
    {
      "h_J": 0.225,
      "entropy_bits": 1.5850704936567581,
      "clock_locality": 0.5471492535494091,
      "coefficients": {
        "ZZd_0_1": -3.2063377068907712,
        "ZZd_1_2": -2.448877476259117,
        "ZZd_2_3": -1.031047707972251,
        "XXd_0": -0.5449221421203383,
        "XXd_1": -0.3760479241820679,
        "XXd_2": -0.4014258689309406,
        "XXd_3": -0.11596277978451013
      },
      "envelope_results": {
        "sin_inv": {
          "fidelity": 0.7282117199717812,
          "variance_captured": 0.5302923091042601,
          "alpha": 2.886443790590948
        },
        "linear": {
          "fidelity": 0.7340292343559602,
          "variance_captured": 0.5387989168891976,
          "alpha": 0.8910218476531244
        },
        "uniform": {
          "fidelity": 0.6838233735018261,
          "variance_captured": 0.46761440614741856,
          "alpha": 2.1888816868075436
        }
      },
      "best_envelope": "linear",
      "time_s": 0.3589668273925781
    },
    {
      "h_J": 0.25,
      "entropy_bits": 1.585124188993491,
      "clock_locality": 0.5540723988058538,
      "coefficients": {
        "ZZd_0_1": -3.27292364865297,
        "ZZd_1_2": -2.448718144818706,
        "ZZd_2_3": -1.0776272358263346,
        "XXd_0": -0.6268290528511684,
        "XXd_1": -0.4421863022998946,
        "XXd_2": -0.44706240056033947,
        "XXd_3": -0.12981327329391473
      },
      "envelope_results": {
        "sin_inv": {
          "fidelity": 0.7331948034184722,
          "variance_captured": 0.5375746197598523,
          "alpha": 2.9246936799464907
        },
        "linear": {
          "fidelity": 0.739028278346549,
          "variance_captured": 0.5461627961958644,
          "alpha": 0.9020076147735423
        },
        "uniform": {
          "fidelity": 0.6889612915570998,
          "variance_captured": 0.4746676612640268,
          "alpha": 2.2186897804767196
        }
      },
      "best_envelope": "linear",
      "time_s": 0.5158920288085938
    },
    {
      "h_J": 0.275,
      "entropy_bits": 1.585193913569182,
      "clock_locality": 0.5594178777202431,
      "coefficients": {
        "ZZd_0_1": -3.3260010496732524,
        "ZZd_1_2": -2.448992071465364,
        "ZZd_2_3": -1.1195427620449216,
        "XXd_0": -0.7104997952906902,
        "XXd_1": -0.5102232664109351,
        "XXd_2": -0.4919461724419321,
        "XXd_3": -0.14411317261020412
      },
      "envelope_results": {
        "sin_inv": {
          "fidelity": 0.7370607480336427,
          "variance_captured": 0.5432585462919131,
          "alpha": 2.95498783075265
        },
        "linear": {
          "fidelity": 0.7428206529045506,
          "variance_captured": 0.5517825223815429,