{
  "experiment": "102b_fidelity_fss",
  "timestamp": "2026-04-02 14:50:47",
  "data": {
    "q2_n14": {
      "g_peak": 0.48750000000000004,
      "chi_peak": 1.6717195881556433,
      "fwhm": 0.16250000000000003,
      "time": 9.940244674682617
    },
    "fss_q2": {
      "alpha_chi": 0.9813093168648712,
      "nu_from_chi": 1.0094335008552344,
      "alpha_fwhm": -0.4620062457598946,
      "nu_from_fwhm": 2.164472903077812,
      "nu_exact": 1.0
    },
    "fss_q3": {
      "alpha_chi": 1.3794015507400532,
      "nu_from_chi": 0.840547489505481,
      "alpha_fwhm": -1.0708028665344906,
      "nu_from_fwhm": 0.93387871031422,
      "nu_exact": 0.8333333333333334
    },
    "fss_q5": {
      "alpha_chi": 2.088541966302733,
      "nu_from_chi": 0.647554743248052,
      "alpha_fwhm": -1.7756602606914667,
      "nu_from_fwhm": 0.5631707946263246,
      "nu_exact": 0.83
    },
    "chi_ratio_n6": {
      "2": 1.0,
      "3": 5.602739726027397,
      "5": 49.71232876712329,
      "7": 228.6027397260274
    }
  }
}