{
  "experiment": "076c_gap_scaling_comparison",
  "timestamp": "2026-04-02 03:36:37",
  "q3_sq_potts": {
    "q": 3,
    "model": "sq_potts",
    "gc": 0.333,
    "sizes": {
      "4": {
        "gap": 0.1863939884354533,
        "gap_N": 0.7455759537418132,
        "gap2": 0.1863939884354533,
        "ratio21": 1.0,
        "dim": 81,
        "time_s": 0.008028745651245117,
        "evals": [
          -4.672303746205873,
          -4.48590975777042,
          -4.48590975777042,
          -3.506595909418176,
          -3.25056389205399,
          -3.2505638920539877
        ]
      },
      "6": {
        "gap": 0.12244074838269015,
        "gap_N": 0.7346444902961409,
        "gap2": 0.12244074838270169,
        "ratio21": 1.0000000000000944,
        "dim": 729,
        "time_s": 0.014340877532958984,
        "evals": [
          -6.93056758690718,
          -6.8081268385244895,
          -6.808126838524478,
          -6.162584434919219,
          -5.936126505567583,
          -5.936126505567563
        ]
      },
      "8": {
        "gap": 0.09114689318525038,
        "gap_N": 0.729175145482003,
        "gap2": 0.09114689318528946,
        "ratio21": 1.0000000000004288,
        "dim": 6561,
        "time_s": 0.04610276222229004,
        "evals": [
          -9.20497338354159,
          -9.11382649035634,
          -9.1138264903563,
          -8.634176118195688,
          -8.446870266559081,
          -8.446870266559065
        ]
      },
      "10": {
        "gap": 0.07254266733988146,
        "gap_N": 0.7254266733988146,
        "gap2": 0.07254266733992054,
        "ratio21": 1.0000000000005387,
        "dim": 59049,
        "time_s": 0.4934978485107422,
        "evals": [
          -11.485637733020688,
          -11.413095065680807,
          -11.413095065680768,
          -11.031987512534933,
          -10.874638177758058,
          -10.874638177758031
        ]
      },
      "12": {
        "gap": 0.060200361739276786,
        "gap_N": 0.7224043408713214,
        "gap2": 0.06020036173931764,
        "ratio21": 1.0000000000006786,
        "dim": 531441,
        "time_s": 7.732080698013306,
        "evals": [
          -13.769390821057476,
          -13.709190459318199,
          -13.709190459318158,
          -13.393199894863512,
          -13.258182760907417,
          -13.25818276090737
        ]
      }
    },
    "fit_exp": {
      "alpha": 0.13919104508500071,
      "rms": 0.06496632836668326
    },
    "fit_pow": {
      "z": 1.0284708125259685,
      "rms": 0.0012437133497675478
    }
  },
  "q3_hybrid": {
    "q": 3,
    "model": "hybrid",
    "gc": 0.333,
    "sizes": {
      "4": {
        "gap": 0.1863939884354533,
        "gap_N": 0.7455759537418132,
        "gap2": 0.1863939884354533,
        "ratio21": 1.0,
        "dim": 81,
        "time_s": 0.005654335021972656,
        "evals": [
          -4.672303746205873,
          -4.48590975777042,
          -4.48590975777042,
          -3.506595909418176,
          -3.25056389205399,
          -3.2505638920539877
        ]
      },
      "6": {
        "gap": 0.12244074838271235,
        "gap_N": 0.7346444902962741,
        "gap2": 0.12244074838271413,
        "ratio21": 1.0000000000000144,
        "dim": 729,
        "time_s": 0.013649463653564453,
        "evals": [
          -6.930567586907192,
          -6.80812683852448,
          -6.808126838524478,
          -6.1625844349191965,
          -5.9361265055675725,
          -5.9361265055675565
        ]
      },
      "8": {
        "gap": 0.0911468931852859,
        "gap_N": 0.7291751454822872,
        "gap2": 0.09114689318534097,
        "ratio21": 1.0000000000006042,
        "dim": 6561,
        "time_s": 0.052490234375,
        "evals": [
          -9.204973383541654,
          -9.113826490356368,
          -9.113826490356313,
          -8.63417611819574,
          -8.446870266559099,
          -8.446870266559063
        ]
      },
      "10": {
        "gap": 0.07254266733979087,
        "gap_N": 0.7254266733979087,
        "gap2": 0.07254266733989745,
        "ratio21": 1.0000000000014693,
        "dim": 59049,
        "time_s": 0.4697418212890625,
        "evals": [
          -11.485637733020651,
          -11.41309506568086,
          -11.413095065680753,
          -11.031987512534897,
          -10.874638177758076,
          -10.874638177758035
        ]
      },
      "12": {
        "gap": 0.060200361739326524,
        "gap_N": 0.7224043408719183,
        "gap2": 0.06020036173934429,
        "ratio21": 1.000000000000295,
        "dim": 531441,
        "time_s": 7.581888675689697,
        "evals": [
          -13.769390821057486,
          -13.70919045931816,
          -13.709190459318142,
          -13.393199894863505,
          -13.258182760907404,
          -13.258182760907339
        ]
      }
    },
    "fit_exp": {
      "alpha": 0.13919104508498964,
      "rms": 0.06496632836682747
    },
    "fit_pow": {
      "z": 1.0284708125259492,
      "rms": 0.0012437133497752327
    }
  },
  "q5_sq_potts": {
    "q": 5,
    "model": "sq_potts",
    "gc": 0.2,
    "sizes": {
      "4": {
        "gap": 0.167826726941934,
        "gap_N": 0.671306907767736,
        "gap2": 0.1678267269419358,
        "ratio21": 1.0000000000000107,
        "dim": 625,
        "time_s": 0.010842084884643555,
        "evals": [
          -4.6112874928877075,
          -4.443460765945773,
          -4.443460765945772,
          -4.4434607659457654,
          -4.443460765945765,
          -3.8046246387060365
        ]
      },
      "6": {
        "gap": 0.10844903056416744,
        "gap_N": 0.6506941833850046,
        "gap2": 0.10844903056416921,
        "ratio21": 1.0000000000000164,
        "dim": 15625,
        "time_s": 0.13045287132263184,
        "evals": [
          -6.821221698513102,
          -6.712772667948935,
          -6.712772667948933,
          -6.7127726679489195,
          -6.7127726679489195,
          -6.318274861504915
        ]
      },
      "8": {
        "gap": 0.07991833586745933,
        "gap_N": 0.6393466869396747,
        "gap2": 0.07991833586748953,
        "ratio21": 1.000000000000378,
        "dim": 390625,
        "time_s": 5.660547256469727,
        "evals": [
          -9.051273445788071,
          -8.971355109920612,
          -8.971355109920582,
          -8.971355109920557,
          -8.971355109920546,
          -8.69079052745699
        ]
      }
    },
    "fit_exp": {
      "alpha": 0.18548168706569196,
      "rms": 0.03096580285668794
    },
    "fit_pow": {
      "z": 1.070803404192787,
      "rms": 0.0012443959537354395
    }
  },
  "q5_hybrid": {
    "q": 5,
    "model": "hybrid",
    "gc": 0.438,
    "sizes": {
      "4": {
        "gap": 0.11518261250882489,
        "gap_N": 0.46073045003529955,
        "gap2": 0.11518261250885331,
        "ratio21": 1.0000000000002467,
        "dim": 625,
        "time_s": 0.009283781051635742,
        "evals": [
          -4.988810940634882,
          -4.873628328126057,
          -4.873628328126029,
          -4.707691565777264,
          -4.707691565777257,
          -4.1642772790223015
        ]
      },
      "6": {
        "gap": 0.07648918855122044,
        "gap_N": 0.45893513130732266,
        "gap2": 0.0764891885512542,
        "ratio21": 1.0000000000004412,
        "dim": 15625,
        "time_s": 0.08212947845458984,
        "evals": [
          -7.3899707334444384,
          -7.313481544893218,
          -7.313481544893184,
          -7.205213844972986,
          -7.205213844972962,
          -6.82071477121127
        ]
      },
      "8": {
        "gap": 0.05732713977357484,
        "gap_N": 0.45861711818859874,
        "gap2": 0.05732713977363346,
        "ratio21": 1.0000000000010225,
        "dim": 390625,
        "time_s": 3.390371561050415,