{
  "experiment": "082b_periodic_corr_q5q7",
  "timestamp": "2026-04-02 06:27:45",
  "data": [
    {
      "q": 5,
      "n": 8,
      "gc": 0.2,
      "dim": 390625,
      "E0": -9.051273445788091,
      "gap": 0.07991833586752328,
      "gap_N": 0.6393466869401863,
      "G_conn": {
        "1": 0.4657045903617559,
        "2": 0.3947846377368098,
        "3": 0.36716544057496464,
        "4": 0.35938696590189007
      },
      "conformal_fit": {
        "eta": 0.2711008144630086,
        "x_sigma": 0.1355504072315043,
        "R2": 0.9999997347478934,
        "C": 0.46302382109785983,
        "oscillation_amplitude": 2.141491124436113e-05,
        "max_abs_resid": 2.8897631859461432e-05,
        "r_fit": [
          2,
          3,
          4
        ],
        "G_fit": [
          0.3947846377368098,
          0.36716544057496464,
          0.35938696590189007
        ],
        "G_pred": [
          0.39478203150990865,
          0.36717605109331675,
          0.35937895296089434
        ],
        "frac_resid": [
          6.6016857230233246e-06,
          -2.8897631859461432e-05,
          2.2296634039666183e-05
        ]
      },
      "time_build": 34.88324046134949,
      "time_eig": 6.341952562332153,
      "time_corr": 0.47917604446411133
    },
    {
      "q": 7,
      "n": 6,
      "gc": 0.14285714285714285,
      "dim": 117649,
      "E0": -6.695336177668152,
      "gap": 0.0954124133534533,
      "gap_N": 0.5724744801207198,
      "G_conn": {
        "1": 0.48651611004377665,
        "2": 0.41957236428155414,
        "3": 0.4038192266798217
      },
      "conformal_fit": {
        "eta": 0.26604850878111047,
        "x_sigma": 0.13302425439055524,
        "R2": 1.0,
        "C": 0.4796748962267889,
        "oscillation_amplitude": 1.2198165191059583e-16,
        "max_abs_resid": 7.93824702820613e-16,
        "r_fit": [
          2,
          3
        ],
        "G_fit": [
          0.41957236428155414,
          0.4038192266798217
        ],
        "G_pred": [
          0.4195723642815545,
          0.4038192266798219
        ],
        "frac_resid": [
          -7.93824702820613e-16,
          -5.498613989994213e-16
        ]
      },
      "time_build": 11.437621116638184,
      "time_eig": 2.0893170833587646,
      "time_corr": 0.1404132843017578
    },
    {
      "q": 7,
      "n": 7,
      "gc": 0.14285714285714285,
      "dim": 823543,
      "E0": -7.7867812784254,
      "gap": 0.08000479347732803,
      "gap_N": 0.5600335543412962,
      "G_conn": {
        "1": 0.4847700913161001,
        "2": 0.4137030609534161,
        "3": 0.3902925299644167
      },
      "conformal_fit": {
        "eta": 0.2639126498828434,
        "x_sigma": 0.1319563249414217,
        "R2": 1.0,
        "C": 0.4789695080478383,
        "oscillation_amplitude": 0.0,
        "max_abs_resid": 0.0,
        "r_fit": [
          2,
          3
        ],
        "G_fit": [
          0.4137030609534161,
          0.3902925299644167
        ],
        "G_pred": [
          0.4137030609534161,
          0.3902925299644167
        ],
        "frac_resid": [
          0.0,
          0.0
        ]
      },
      "time_build": 94.95527052879333,
      "time_eig": 33.89064836502075,
      "time_corr": 0.8572061061859131
    }
  ]
}