{
  "experiment": "041c2",
  "model": "q=5 clock",
  "n": 12,
  "chi_max": 15,
  "data": {
    "0.5": {
      "cv": 0.12055892008630241,
      "time": 34.4218316078186
    },
    "1.1": {
      "cv": 0.7017476334307282,
      "time": 36.76443290710449
    }
  },
  "total_runtime": 71.19083714485168
}