{
  "noise_params": [
    0.0,
    0.01,
    0.02,
    0.03,
    0.04,
    0.05,
    0.06,
    0.07,
    0.08,
    0.09,
    0.1,
    0.11,
    0.12,
    0.13,
    0.14,
    0.15,
    0.16,
    0.17,
    0.18,
    0.19,
    0.2,
    0.21,
    0.22,
    0.23,
    0.24,
    0.25,
    0.26,
    0.27,
    0.28,
    0.29,
    0.3
  ],
  "channel_capacity": [
    0.999818408429145,
    0.9031885845283248,
    0.8267027587049678,
    0.7579123321073301,
    0.6941724165783774,
    0.6342276947802166,
    0.5773394701005858,
    0.5230202066617886,
    0.4709238947572635,
    0.4207922753004285,
    0.37242530232214477,
    0.32566355024015026,
    0.28037707494941067,
    0.23645801496893426,
    0.19381548324771747,
    0.15237192632150642,
    0.1120604590514106,
    0.0728228686575606,
    0.03460809040830026,
    0,
    0,
    0,
    0,
    0,
    0,
    0,
    0,
    0,
    0,
    0,
    0
  ],
  "uncoded_fidelity": [
    1.0,
    0.9933333333333333,
    0.9866666666666667,
    0.98,
    0.9733333333333334,
    0.9666666666666667,
    0.96,
    0.9533333333333334,
    0.9466666666666667,
    0.94,
    0.9333333333333333,
    0.9266666666666666,
    0.92,
    0.9133333333333333,
    0.9066666666666666,
    0.9,
    0.8933333333333333,
    0.8866666666666667,
    0.88,
    0.8733333333333333,
    0.8666666666666667,
    0.86,
    0.8533333333333333,
    0.8466666666666667,
    0.84,
    0.8333333333333334,
    0.8266666666666667,
    0.82,
    0.8133333333333334,
    0.8066666666666666,
    0.8
  ],
  "three_qubit_fidelity": [
    1.0,
    0.9998672592592592,
    0.9994714074074075,
    0.9988159999999999,
    0.9979045925925925,
    0.9967407407407407,
    0.9953279999999999,
    0.9936699259259256,
    0.991770074074074,
    0.9896320000000001,
    0.9872592592592593,
    0.9846554074074073,
    0.981824,
    0.9787685925925924,
    0.9754927407407408,
    0.9719999999999999,
    0.9682939259259259,
    0.9643780740740739,
    0.9602560000000001,
    0.9559312592592594,
    0.9514074074074075,
    0.946688,
    0.9417765925925927,
    0.9366767407407408,
    0.9313919999999999,
    0.9259259259259257,
    0.9202820740740743,
    0.9144639999999999,
    0.9084752592592593,
    0.9023194074074072,
    0.8959999999999999
  ],
  "five_qubit_fidelity": [
    1.0,
    0.999348029945679,
    0.9974499656691352,
    0.9943904768000006,
    0.9902514643753084,
    0.985112098765432,
    0.9790488575999995,
    0.9721355636938266,
    0.9644434229728398,
    0.9560410623999999,
    0.9469945679012348,
    0.9373675222913577,
    0.9272210431999995,
    0.9166138209975311,
    0.9056021567209872,
    0.8942399999999999,
    0.8825789869827155,
    0.8706684782617282,
    0.8585555967999997,
    0.84628526585679,
    0.8339002469135802,
    0.8214411775999998,
    0.8089466096197535,
    0.796453046676543,
    0.7839949824000001,
    0.7716049382716046,
    0.7593135015506172,
    0.7471493632,
    0.7351393558123459,
    0.7233084915358019,
    0.7116799999999996
  ],
  "three_qubit_rate": 0.3333333333333333,
  "five_qubit_rate": 0.2,
  "uncoded_holevo": [
    1.0,
    0.942222039829866,
    0.8978419635913497,
    0.8585594574581793,
    0.8226105468140028,
    0.789157699681468,
    0.7577078109175851,
    0.7279352135955387,
    0.6996085826352181,
    0.6725550808455236,
    0.6466406649785786,
    0.6217583555946378,
    0.5978208097977273,
    0.5747553875136281,
    0.5525007449631365,
    0.5310044064107189,
    0.5102209863130625,
    0.4901108576568792,
    0.47063913471263563,
    0.45177488254967985,
    0.4334904934470947,
    0.4157611883571441,
    0.3985646135709226,
    0.38188051089996156,
    0.3656904453594339,
    0.34997757835164583,
    0.33472647723505855,
    0.3199229542717201,
    0.3055539295060195,
    0.29160731329695594,
    0.2780719051126377
  ],
  "three_qubit_holevo": [
    1.0,
    0.9980989268757398,
    0.9934835793168016,
    0.9867818762950946,
    0.9783340406385628,
    0.9683800303665376,
    0.9571060706038471,
    0.9446645111374944,
    0.9311842654774048,
    0.9167770106583323,
    0.9015411826826505,
    0.8855647077603724,
    0.8689269547675178,
    0.8517001809344416,
    0.8339506331289799,
    0.8157394066603442,
    0.7971231282821001,
    0.7781545085407469,
    0.7588827949425536,
    0.7393541484355455,
    0.7196119596416484,
    0.6996971170768732,
    0.6796482366274332,
    0.6595018594068065,
    0.6392926235457712,
    0.6190534142946091,
    0.5988154959299139,
    0.5786086282793026,
    0.5584611701511767,
    0.5384001715445499,
    0.5184514561881997
  ],
  "five_qubit_holevo": [
    1.0,
    0.9921599744802396,
    0.9743565446107705,
    0.9499824217688869,
    0.9208785573112568,
    0.8883166551765844,
    0.8532518588283702,
    0.8164336359659554,
    0.7784655780842092,
    0.7398417798994154,
    0.7009708289731275,
    0.6621925733888696,
    0.6237903716988573,
    0.5860003600839825,
    0.5490186643147382,
    0.5130071457410983,
    0.4780980711587395,
    0.4443979733728051,
    0.4119908903820298,
    0.38094111882015097,
    0.3512955816469449,
    0.32308588517450515,
    0.2963301227274502,
    0.27103446928466074,
    0.2471946018542044,
    0.22479697310939956,
    0.2038199602969148,
    0.1842349071570646,
    0.16600707324951425,
    0.14909650242387507,
    0.13345882004801313
  ],
  "[[5,1,3]]_break_even": 0.13755003329976628,
  "capacity_threshold": 0.19
}