{
  "experiment": "092c_nA4_q3_decomp",
  "timestamp": "2026-04-02 09:46:37",
  "data": {
    "q=2": {
      "q": 2,
      "n": 8,
      "nA": 4,
      "g": 0.5,
      "total_nonzero": 132,
      "body_weights": {
        "0": 0.736421239483321,
        "2": 0.13179319643240855,
        "1": 0.13174850748285222,
        "3": 3.698782732197355e-05,
        "4": 6.87740961688395e-08
      },
      "bw_weight": 0.999924677136177,
      "non_bw_weight": 7.532286382296367e-05,
      "non_bw_by_type": [
        [
          "MM",
          3.826626240457021e-05
        ],
        [
          "DFD",
          3.694891244517157e-05
        ],
        [
          "DFFD",
          6.875413880370006e-08
        ],
        [
          "MFM",
          3.891487655945675e-08
        ],
        [
          "MFFM",
          1.995726841857211e-11
        ],
        [
          "FF",
          1.6672758325157568e-16
        ],
        [
          "FFF",
          9.213009479832732e-17
        ],
        [
          "DDF",
          7.102928090943036e-17
        ],
        [
          "DD",
          6.99001931754246e-17
        ],
        [
          "FDD",
          3.0093189414748345e-17
        ],
        [
          "FFFF",
          2.2377118087805705e-17
        ],
        [
          "FMM",
          1.883747745835245e-17
        ],
        [
          "DDDD",
          1.599835104423314e-17
        ],
        [
          "DDFF",
          1.5856802570629317e-17
        ],
        [
          "MMF",
          1.3927985392963835e-17
        ]
      ],
      "non_bw_by_body_range": [
        [
          "2-body r=1",
          3.826626240467911e-05
        ],
        [
          "3-body r=2",
          3.698782732187279e-05
        ],
        [
          "4-body r=3",
          6.87740961688395e-08
        ],
        [
          "3-body r=3",
          1.007519619289403e-16
        ],
        [
          "2-body r=2",
          1.0022441151661635e-16
        ],
        [
          "2-body r=3",
          4.1968162862980015e-17
        ]
      ],
      "non_bw_top10": [
        {
          "coeff_abs": 0.09427264907170611,
          "weight": 3.366990286904045e-05,
          "body": 2,
          "range": 1,
          "type": "MM"
        },
        {
          "coeff_abs": 0.0698313807291554,
          "weight": 1.8474457738753822e-05,
          "body": 3,
          "range": 2,
          "type": "DFD"
        },
        {
          "coeff_abs": 0.06983137499819683,
          "weight": 1.8474454706410873e-05,
          "body": 3,
          "range": 2,
          "type": "DFD"
        },
        {
          "coeff_abs": 0.024629582759454587,
          "weight": 2.29818269924247e-06,
          "body": 2,
          "range": 1,
          "type": "MM"
        },
        {
          "coeff_abs": 0.024629551342839093,
          "weight": 2.2981768362867835e-06,
          "body": 2,
          "range": 1,
          "type": "MM"
        },
        {
          "coeff_abs": 0.004260045155000107,
          "weight": 6.875413880370006e-08,
          "body": 4,
          "range": 3,
          "type": "DFFD"
        },
        {
          "coeff_abs": 0.002266260587973642,
          "weight": 1.9457638652361722e-08,
          "body": 3,
          "range": 2,
          "type": "MFM"
        },
        {
          "coeff_abs": 0.0022662372501474565,
          "weight": 1.9457237907051928e-08,
          "body": 3,
          "range": 2,
          "type": "MFM"
        },
        {
          "coeff_abs": 7.257972668667833e-05,
          "weight": 1.995726841857211e-11,
          "body": 4,
          "range": 3,
          "type": "MFFM"
        },
        {
          "coeff_abs": 1.1864413347606462e-07,
          "weight": 5.3328943402987053e-17,
          "body": 2,
          "range": 1,
          "type": "FF"
        }
      ],
      "time": 0.20832347869873047
    },
    "q=3": {
      "q": 3,
      "n": 8,
      "nA": 4,
      "g": 0.3333333333333333,
      "total_nonzero": 6561,
      "body_weights": {
        "0": 0.8356199327255114,
        "2": 0.08221505519398457,
        "1": 0.08213790445598149,
        "3": 2.4198009125565335e-05,
        "4": 2.9096153971586555e-06
      },
      "bw_weight": 0.9999201961504794,
      "non_bw_weight": 7.980384952048351e-05,
      "non_bw_by_type": [
        [
          "MM",
          2.21667094333208e-05
        ],
        [
          "DMD",
          1.5900532804566573e-05
        ],
        [
          "DM",
          1.4495061667756072e-05
        ],
        [
          "MD",
          1.4491292744762863e-05
        ],
        [
          "DFD",
          4.629089805542501e-06
        ],
        [
          "FF",
          1.2928335408339836e-06
        ],
        [
          "DDD",
          1.0990022251917358e-06
        ],
        [
          "DFM",
          3.438476615849032e-07
        ],
        [
          "MFD",
          3.369014002116136e-07
        ],
        [
          "DMM",
          3.1015234732020296e-07
        ],
        [
          "MMD",
          3.0197150010298934e-07
        ],
        [
          "MFFM",
          1.9757324611779037e-07
        ],
        [
          "MMMM",
          1.6573120386429454e-07
        ],
        [
          "DD",
          1.6208922817851457e-07
        ],
        [
          "FMFM",
          1.4739914163625586e-07
        ]
      ],
      "non_bw_by_body_range": [
        [
          "2-body r=1",
          5.219785965076702e-05
        ],
        [
          "3-body r=2",
          2.354827606074321e-05
        ],
        [
          "4-body r=3",
          2.9096153971586555e-06
        ],
        [
          "3-body r=3",
          6.497330648221244e-07
        ],
        [
          "2-body r=2",
          3.2433019741787007e-07
        ],
        [
          "2-body r=3",
          1.740351495745997e-07
        ]
      ],
      "non_bw_top10": [
        {
          "coeff_abs": 0.046036102392404896,
          "weight": 4.1137103669614965e-06,
          "body": 2,
          "range": 1,
          "type": "MM"
        },
        {
          "coeff_abs": 0.046036102392404896,
          "weight": 4.1137103669614965e-06,
          "body": 2,
          "range": 1,
          "type": "MM"
        },
        {
          "coeff_abs": 0.04603610239240489,
          "weight": 4.113710366961495e-06,
          "body": 2,
          "range": 1,
          "type": "MM"
        },
        {
          "coeff_abs": 0.04603610239240488,
          "weight": 4.113710366961494e-06,
          "body": 2,
          "range": 1,
          "type": "MM"
        },
        {
          "coeff_abs": 0.03874352430799857,
          "weight": 2.913633112631398e-06,
          "body": 2,
          "range": 1,
          "type": "MD"
        },
        {
          "coeff_abs": 0.03874352430799849,
          "weight": 2.9136331126313858e-06,
          "body": 2,
          "range": 1,
          "type": "MD"
        },
        {
          "coeff_abs": 0.03874352430799845,
          "weight": 2.91363311263138e-06,
          "body": 2,
          "range": 1,
          "type": "MD"
        },
        {
          "coeff_abs": 0.03874352430799845,
          "weight": 2.91363311263138e-06,
          "body": 2,
          "range": 1,
          "type": "MD"
        },
        {
          "coeff_abs": 0.03868292332612028,
          "weight": 2.90452547775781e-06,
          "body": 2,
          "range": 1,
          "type": "DM"
        },
        {
          "coeff_abs": 0.038682923326120264,
          "weight": 2.904525477757808e-06,
          "body": 2,
          "range": 1,
          "type": "DM"
        }
      ],
      "time": 1.346984624862671
    }
  }
}