{
  "q4": {
    "n=4": {
      "q": 4,
      "n": 4,
      "dim": 256,
      "g_c": 0.392,
      "E0": -4.8196635049277265,
      "delta1": 0.14855367035179512,
      "me_0_Z_sigma": 0.6014929782864671,
      "R_epsilon": 6.436802745850367,
      "C_sigma_sigma_epsilon": 0.3964183460595699,
      "ope": {
        "I": {
          "idx": 0,
          "R": 0.0,
          "k": 0,
          "C": 1.0
        },
        "L3": {
          "idx": 3,
          "R": 1.7513853714709935,
          "k": 0,
          "C": 1.0423183696656182
        },
        "eps": {
          "idx": 4,
          "R": 6.436802745850367,
          "k": 0,
          "C": 0.3964183460595699
        },
        "L11": {
          "idx": 11,
          "R": 9.925453188809447,
          "k": 0,
          "C": 0.2698997878433297
        },
        "L12": {
          "idx": 12,
          "R": 10.0836709306127,
          "k": 1,
          "C": 0.0825984988303657
        },
        "L13": {
          "idx": 13,
          "R": 10.083670930612753,
          "k": -1,
          "C": 0.3093162377844813
        },
        "L16": {
          "idx": 16,
          "R": 11.067220661617457,
          "k": 1,
          "C": 0.14446076748995879
        },
        "L17": {
          "idx": 17,
          "R": 11.067220661617466,
          "k": -1,
          "C": 0.26971988251719964
        },
        "L18": {
          "idx": 18,
          "R": 11.91972215840578,
          "k": 1,
          "C": 0.19026749999042283
        },
        "L19": {
          "idx": 19,
          "R": 11.91972215840578,
          "k": -1,
          "C": 0.10843700380039385
        },
        "sigma2_eps": {
          "C": 0.6035513107327117,
          "R_sigma2": 1.7513853714709935
        },
        "sigma_sigma2_cross": {
          "C": 1.0423183696656182
        }
      },
      "time_s": 0.03
    },
    "n=6": {
      "q": 4,
      "n": 6,
      "dim": 4096,
      "g_c": 0.392,
      "E0": -7.141128450940757,
      "delta1": 0.09773856243689671,
      "me_0_Z_sigma": 0.5722769540468585,
      "R_epsilon": 6.526227485870137,
      "C_sigma_sigma_epsilon": 0.41949387006025746,
      "ope": {
        "I": {
          "idx": 0,
          "R": 0.0,
          "k": 0,
          "C": 1.0
        },
        "L3": {
          "idx": 3,
          "R": 1.7034252617060175,
          "k": 0,
          "C": 1.0515442735138714
        },
        "eps": {
          "idx": 4,
          "R": 6.526227485870137,
          "k": 0,
          "C": 0.41949387006025746
        },
        "L11": {
          "idx": 11,
          "R": 10.351917305327111,
          "k": 0,
          "C": 0.2636700875369575
        },
        "L12": {
          "idx": 12,
          "R": 10.471287097078394,
          "k": 1,
          "C": 0.2867814921302554
        },
        "L13": {
          "idx": 13,
          "R": 10.471287097078475,
          "k": -1,
          "C": 0.14504787147191112
        },
        "L14": {
          "idx": 14,
          "R": 11.753085718276813,
          "k": 1,
          "C": 0.16172249662434146
        },
        "L15": {
          "idx": 15,
          "R": 11.75308571827765,
          "k": -1,
          "C": 0.24139656920329647
        },
        "L16": {
          "idx": 16,
          "R": 13.217311670408138,
          "k": 0,
          "C": 0.05016221750802208
        },
        "L17": {
          "idx": 17,
          "R": 13.39669309900054,
          "k": 1,
          "C": 0.13175344920368265
        },
        "L18": {
          "idx": 18,
          "R": 13.396693099000759,
          "k": -1,
          "C": 0.206494109432465
        },
        "sigma2_eps": {
          "C": 0.6334272081567917,
          "R_sigma2": 1.7034252617060175
        },
        "sigma_sigma2_cross": {
          "C": 1.0515442735138714
        }
      },
      "time_s": 0.23
    },
    "n=8": {
      "q": 4,
      "n": 8,
      "dim": 65536,
      "g_c": 0.392,
      "E0": -9.481130389599898,
      "delta1": 0.07263508751406,
      "me_0_Z_sigma": 0.5526633688044883,
      "R_epsilon": 6.578138050868585,
      "C_sigma_sigma_epsilon": 0.43006830089553116,
      "ope": {
        "I": {
          "idx": 0,
          "R": 0.0,
          "k": 0,
          "C": 1.0
        },
        "L3": {
          "idx": 3,
          "R": 1.6768053625251247,
          "k": 0,
          "C": 1.056464943313291
        },
        "eps": {
          "idx": 4,
          "R": 6.578138050868585,
          "k": 0,
          "C": 0.43006830089553116
        },
        "L11": {
          "idx": 11,
          "R": 10.565068303885779,
          "k": 0,
          "C": 0.2579243703386272
        },
        "L12": {
          "idx": 12,
          "R": 10.589614526261627,
          "k": 1,
          "C": 0.1849248973556003
        },
        "L13": {
          "idx": 13,
          "R": 10.589614526261945,
          "k": -1,
          "C": 0.2631954026024676
        },
        "L14": {
          "idx": 14,
          "R": 12.068628615392038,
          "k": 1,
          "C": 0.23404768478039473
        },
        "L15": {
          "idx": 15,
          "R": 12.068628615392674,
          "k": -1,
          "C": 0.15712283527860238
        },
        "L16": {
          "idx": 16,
          "R": 13.84013727088429,
          "k": 0,
          "C": 0.06353302776533146
        },
        "L17": {
          "idx": 17,
          "R": 14.058482047792122,
          "k": 1,
          "C": 0.22169934817970433
        },
        "L18": {
          "idx": 18,
          "R": 14.058482047792513,
          "k": -1,
          "C": 0.12920581734794068
        },
        "L19": {
          "idx": 19,
          "R": 15.148865154509203,
          "k": 2,
          "C": 0.11360073778753141
        },
        "sigma2_eps": {
          "C": 0.6463211724744102,
          "R_sigma2": 1.6768053625251247
        },
        "sigma_sigma2_cross": {
          "C": 1.056464943313291
        }
      },
      "time_s": 3.77
    }
  },
  "q5": {
    "n=4": {
      "q": 5,
      "n": 4,
      "dim": 625,
      "g_c": 0.441,
      "E0": -5.004657287206286,
      "delta1": 0.11815324012961614,
      "me_0_Z_sigma": 0.6131537261096864,
      "R_epsilon": 6.976239037263607,
      "C_sigma_sigma_epsilon": 0.32243938575283565,
      "ope": {
        "I": {
          "idx": 0,
          "R": 0.0,
          "k": 0,
          "C": 1.0
        },
        "L3": {
          "idx": 3,
          "R": 2.436354582008107,
          "k": 0,
          "C": 0.7314665440104563
        },
        "L4": {
          "idx": 4,
          "R": 2.4363545820081747,
          "k": 0,
          "C": 0.7314665440104763
        },
        "eps": {
          "idx": 5,
          "R": 6.976239037263607,
          "k": 0,
          "C": 0.32243938575283565
        },
        "L14": {
          "idx": 14,
          "R": 11.325315807812245,
          "k": 1,
          "C": 0.14470632257411245
        },
        "L15": {
          "idx": 15,
          "R": 11.32531580781246,
          "k": -1,
          "C": 0.29830235004038397
        },
        "L16": {
          "idx": 16,
          "R": 11.438881482423671,
          "k": 0,
          "C": 0.12684886677659843
        },
        "L17": {
          "idx": 17,
          "R": 11.438881482423708,
          "k": 0,
          "C": 0.12684886677656523
        },
        "L18": {
          "idx": 18,
          "R": 11.899820449855474,
          "k": 1,
          "C": 0.1395470387107896
        },
        "L19": {
          "idx": 19,
          "R": 11.899820449855541,
          "k": -1,
          "C": 0.2267511033933152
        },
        "sigma2_eps": {
          "C": 0.5634256397180181,
          "R_sigma2": 2.436354582008107
        },
        "sigma_sigma2_cross": {
          "C": 0.7314665440104563
        }
      },
      "time_s": 0.16
    },
    "n=6": {
      "q": 5,
      "n": 6,
      "dim": 15625,
      "g_c": 0.441,
      "E0": -7.4136272545263955,
      "delta1": 0.07952975620767688,