{
  "experiment": "093b_global_bw_fit",
  "timestamp": "2026-04-02 09:56:57",
  "data": {
    "q2": {
      "q": 2,
      "n": 8,
      "nA": 4,
      "g_c": 0.5,
      "E0": -9.12583089548299,
      "R2_1param": 0.9994745314249812,
      "alpha_1param": 6.549311985740066,
      "R2_2param": 0.7224621082726702,
      "a_coup": 1.6732200466251999,
      "a_field": 3.2746416860726146,
      "ratio_field_coup": 1.957089680270925,
      "ratio_over_gc": 3.91417936054185,
      "bond_coeffs": [
        11.040977634275976,
        9.706005391466327,
        11.040977630275902
      ],
      "field_coeffs": [
        -1.5378908702373724,
        -3.8759143495692943,
        -3.875914347642974,
        -1.5378908507773557
      ],
      "bw_bond_envelope": [
        0.9003163161571061,
        1.2732395447351625,
        0.9003163161571062
      ],
      "bw_site_envelope": [
        0.4872476792022163,
        1.1763199553648056,
        1.1763199553648056,
        0.4872476792022163
      ],
      "bond_profile_deviation": 0.32663300454131317,
      "field_profile_deviation": 0.017649686718874902,
      "residual_1param": 0.0005254685750187664,
      "residual_2param": 0.2775378917273298,
      "time": 0.017674922943115234
    },
    "q3": {
      "q": 3,
      "n": 8,
      "nA": 4,
      "g_c": 0.3333333333333333,
      "E0": -9.208240738652712,
      "R2_1param": 0.9991600901055961,
      "alpha_1param": 7.664683145536852,
      "R2_2param": 0.8234505774648219,
      "a_coup": 3.119592929773669,
      "a_field": 2.554731116261737,
      "ratio_field_coup": 0.8189309226467205,
      "ratio_over_gc": 2.4567927679401618,
      "bond_coeffs": [
        16.235766892666177,
        14.12098777644566,
        16.235721926536172
      ],
      "field_coeffs": [
        -1.188647772380788,
        -3.028425114712748,
        -3.0284427474757174,
        -1.188651689359307
      ],
      "bw_bond_envelope": [
        0.9003163161571061,
        1.2732395447351625,
        0.9003163161571062
      ],
      "bw_site_envelope": [
        0.4872476792022163,
        1.1763199553648056,
        1.1763199553648056,
        0.4872476792022163
      ],
      "bond_profile_deviation": 0.33341742996162815,
      "field_profile_deviation": 0.02205993383024807,
      "residual_1param": 0.0008399098944038171,
      "residual_2param": 0.1765494225351781,
      "time": 0.4274485111236572
    },
    "q4": {
      "q": 4,
      "n": 8,
      "nA": 4,
      "g_c": 0.25,
      "E0": -9.142296360616779,
      "R2_1param": 0.9983957613545523,
      "alpha_1param": 8.533247908388738,
      "R2_2param": 0.8771483453632178,
      "a_coup": 4.329265058500222,
      "a_field": 2.1329407771868714,
      "ratio_field_coup": 0.49267964616742166,
      "ratio_over_gc": 1.9707185846696866,
      "bond_coeffs": [
        19.528820748637745,
        16.840461132220224,
        19.527851010072464
      ],
      "field_coeffs": [
        -0.9827349294736223,
        -2.5322350220910748,
        -2.5322685431206127,
        -0.9836368502106666
      ],
      "bw_bond_envelope": [
        0.9003163161571061,
        1.2732395447351625,
        0.9003163161571062
      ],
      "bw_site_envelope": [
        0.4872476792022163,
        1.1763199553648056,
        1.1763199553648056,
        0.4872476792022163
      ],
      "bond_profile_deviation": 0.33881287370995006,
      "field_profile_deviation": 0.02668966445652976,
      "residual_1param": 0.0016042386454476244,
      "residual_2param": 0.12285165463678217,
      "time": 4.945630073547363
    },
    "q5": {
      "q": 5,
      "n": 8,
      "nA": 4,
      "g_c": 0.2,
      "E0": -9.051273445788112,
      "R2_1param": 0.9654864888422647,
      "alpha_1param": 9.467143339844117,
      "R2_2param": 0.8796850800236297,
      "a_coup": 5.478312911166659,
      "a_field": 1.8929460644720395,
      "ratio_field_coup": 0.345534491214179,
      "ratio_over_gc": 1.727672456070895,
      "bond_coeffs": [
        21.940414141637785,
        18.772918560075738,
        21.942923607326456
      ],
      "field_coeffs": [
        -0.8749727111559398,
        -2.2464587632310558,
        -2.2461345976793847,
        -0.8751226940535638
      ],
      "bw_bond_envelope": [
        0.9003163161571061,
        1.2732395447351625,
        0.9003163161571062
      ],
      "bw_site_envelope": [
        0.4872476792022163,
        1.1763199553648056,
        1.1763199553648056,
        0.4872476792022163
      ],
      "bond_profile_deviation": 0.3437878191399768,
      "field_profile_deviation": 0.025203872898027946,
      "residual_1param": 0.03451351115773528,
      "residual_2param": 0.12031491997637034,
      "time": 38.602797746658325
    }
  }
}