{
  "experiment": "099b_oscillatory_fit",
  "timestamp": "2026-04-02 13:19:08",
  "data": {
    "2": {
      "n_points": 11,
      "omega": 0.0,
      "M1_rss": 5.79921587744054e-14,
      "M1_bic": -354.4463166399201,
      "M2_rss": 3.4123304560311855e-19,
      "M2_bic": -484.5242011086564,
      "M3_rss": 1.723720415695915e-15,
      "M3_bic": -388.32457712138665,
      "M3_C_amplitude": -0.0780409103386155,
      "pairwise_ratios": [
        1.005284060308819,
        0.997720371519394,
        0.9935889836845592,
        0.9910828625608253,
        0.989447190927225,
        0.9883202109759162,
        0.9875105819010865,
        0.9869092684369698,
        0.9864503934226446,
        0.9860922298917844
      ],
      "pairwise_monotonic": true,
      "M1_resid_signs": "-+------+++"
    },
    "5": {
      "n_points": 7,
      "omega": 0.9624236501192072,
      "M1_rss": 9.799455805034459e-12,
      "M1_bic": -185.22450042946804,
      "M2_rss": 2.465345934201575e-13,
      "M2_bic": -209.0566489571577,
      "M3_rss": 3.7879228871588356e-13,
      "M3_bic": -206.05024918377822,
      "M3_C_amplitude": -0.2081548114320805,
      "pairwise_ratios": [
        1.0050958428484449,
        1.0022694685669038,
        1.0025696024541284,
        1.0041230328709396,
        1.0061999953444936,
        1.0084814132939108
      ],
      "pairwise_monotonic": false,
      "M1_resid_signs": "+-+++--",
      "M4_rss": 3.927611548974745e-14,
      "M4_bic": -219.96893896210352,
      "M4_C_amplitude": 0.08366533978528204
    },
    "7": {
      "n_points": 5,
      "omega": 1.5667992369724113,
      "M1_rss": 3.905856634666769e-11,
      "M1_bic": -123.04867030000807,
      "M2_rss": 4.367743344866976e-13,
      "M2_bic": -143.90623656368203,
      "M3_rss": 7.033644999794092e-13,
      "M3_bic": -141.52394363905177,
      "M3_C_amplitude": -0.29451003609216786,
      "pairwise_ratios": [
        0.9806758088284036,
        0.9848442626806865,
        0.992018797366406,
        1.0003282722338966
      ],
      "pairwise_monotonic": true,
      "M1_resid_signs": "+-++-"
    }
  }
}