{
  "experiment": "039a2",
  "model": "q=3 Potts (clock)",
  "n": 16,
  "data": {
    "0.8": {
      "cv": 0.23634178035620154,
      "time": 16.50617790222168
    },
    "0.9": {
      "cv": 0.472370131582915,
      "time": 17.78558039665222
    },
    "0.95": {
      "cv": 0.7377626988118452,
      "time": 18.3671817779541
    },
    "1.0": {
      "cv": 1.0508400118088495,
      "time": 18.17933940887451
    },
    "1.05": {
      "cv": 1.3192101719168403,
      "time": 17.747809410095215
    },
    "1.1": {
      "cv": 1.5219434688701954,
      "time": 16.90245032310486
    }
  },
  "total_runtime": 52.84139966964722
}