{
  "experiment": "103c_alpha_q_analysis",
  "timestamp": "2026-04-02 15:42:29",
  "data": {
    "2": {
      "sizes": [
        6,
        8,
        10,
        12,
        14
      ],
      "chi_F": [
        0.73,
        0.95,
        1.19,
        1.43,
        1.67
      ],
      "alpha": 0.9804373620123659,
      "alpha_err": 0.01273751919853641,
      "nu_eff": 1.009877938258929,
      "pairwise_alpha": [
        0.9156547302623517,
        1.0094246514604275,
        1.007676439248515,
        1.0064774435682589
      ]
    },
    "3": {
      "sizes": [
        6,
        8,
        10
      ],
      "chi_F": [
        4.09,
        6.12,
        8.27
      ],
      "alpha": 1.3794015507400532,
      "alpha_err": 0.014602768135453522,
      "nu_eff": 0.840547489505481,
      "pairwise_alpha": [
        1.4009115098302667,
        1.3492319663202934
      ]
    },
    "4": {
      "sizes": [
        6,
        8
      ],
      "chi_F": [
        13.98,
        22.75
      ],
      "alpha": 1.6926234034722876,
      "alpha_err": NaN,
      "nu_eff": 0.7427700425617962,
      "pairwise_alpha": [
        1.6926234034722902
      ]
    },
    "5": {
      "sizes": [
        6,
        8,
        9,
        10
      ],
      "chi_F": [
        36.294,
        66.179,
        84.685,
        105.653
      ],
      "alpha": 2.0912225248814176,
      "alpha_err": 0.0017233518178800668,
      "nu_eff": 0.646993215112109,
      "pairwise_alpha": [
        2.0881063202919283,
        2.0934703957568126,
        2.0996636888175746
      ]
    },
    "6": {
      "sizes": [
        6,
        8
      ],
      "chi_F": [
        82.313,
        162.805
      ],
      "alpha": 2.370756390616783,
      "alpha_err": NaN,
      "nu_eff": 0.5933386362679383,
      "pairwise_alpha": [
        2.370756390616785
      ]
    },
    "7": {
      "sizes": [
        6,
        7,
        8
      ],
      "chi_F": [
        166.877,
        250.353,
        357.602
      ],
      "alpha": 2.648865056686714,
      "alpha_err": 0.01114135850506691,
      "nu_eff": 0.5481156384051276,
      "pairwise_alpha": [
        2.631288478784235,
        2.670148997845174
      ]
    }
  },
  "super_first_order_slope": 0.27882126590264816,
  "chi_n6_growth_rate": 2.8880056119429685,
  "summary": {
    "q_values": [
      2,
      3,
      4,
      5,
      6,
      7
    ],
    "alpha_values": {
      "2": 0.9804373620123659,
      "3": 1.3794015507400532,
      "4": 1.6926234034722876,
      "5": 2.0912225248814176,
      "6": 2.370756390616783,
      "7": 2.648865056686714
    },
    "nu_eff_values": {
      "2": 1.009877938258929,
      "3": 0.840547489505481,
      "4": 0.7427700425617962,
      "5": 0.646993215112109,
      "6": 0.5933386362679383,
      "7": 0.5481156384051276
    }
  }
}