{
  "experiment": "036a",
  "description": "TFIM MI-CV all-pairs via correlations",
  "data": {
    "8": {
      "0.5": {
        "h_J": 0.5,
        "mi_cv": 0.08797190685888025,
        "mean_mi": 0.7968950820403877,
        "n_pairs": 28,
        "time": 0.023450136184692383
      },
      "0.7": {
        "h_J": 0.7,
        "mi_cv": 0.23329449772362637,
        "mean_mi": 0.5377937902720793,
        "n_pairs": 28,
        "time": 0.023024559020996094
      },
      "0.8": {
        "h_J": 0.8,
        "mi_cv": 0.37193194231736487,
        "mean_mi": 0.397253942451585,
        "n_pairs": 28,
        "time": 0.023154020309448242
      },
      "0.9": {
        "h_J": 0.9,
        "mi_cv": 0.5471489814359538,
        "mean_mi": 0.287672124939128,
        "n_pairs": 28,
        "time": 0.023858308792114258
      },
      "0.95": {
        "h_J": 0.95,
        "mi_cv": 0.6385956044940209,
        "mean_mi": 0.24687426525573788,
        "n_pairs": 28,
        "time": 0.023329973220825195
      },
      "1.0": {
        "h_J": 1.0,
        "mi_cv": 0.7272527525003574,
        "mean_mi": 0.2140955638767936,
        "n_pairs": 28,
        "time": 0.022542715072631836
      },
      "1.05": {
        "h_J": 1.05,
        "mi_cv": 0.8103876403548131,
        "mean_mi": 0.18784189278442634,
        "n_pairs": 28,
        "time": 0.02305459976196289
      },
      "1.1": {
        "h_J": 1.1,
        "mi_cv": 0.8864764014004096,
        "mean_mi": 0.16670696996297976,
        "n_pairs": 28,
        "time": 0.023293256759643555
      },
      "1.2": {
        "h_J": 1.2,
        "mi_cv": 1.0160195298488697,
        "mean_mi": 0.13536663178049207,
        "n_pairs": 28,
        "time": 0.02339768409729004
      },
      "1.3": {
        "h_J": 1.3,
        "mi_cv": 1.1179206953140461,
        "mean_mi": 0.1135617036886478,
        "n_pairs": 28,
        "time": 0.023827075958251953
      },
      "1.5": {
        "h_J": 1.5,
        "mi_cv": 1.2604312756697882,
        "mean_mi": 0.08538809540416692,
        "n_pairs": 28,
        "time": 0.022992372512817383
      },
      "2.0": {
        "h_J": 2.0,
        "mi_cv": 1.4356982423452436,
        "mean_mi": 0.05114687127222823,
        "n_pairs": 28,
        "time": 0.0230715274810791
      }
    },
    "16": {
      "0.5": {
        "h_J": 0.5,
        "mi_cv": 0.07274968903124193,
        "mean_mi": 0.8460369208381654,
        "n_pairs": 120,
        "time": 3.1250715255737305
      },
      "0.7": {
        "h_J": 0.7,
        "mi_cv": 0.17149572810100996,
        "mean_mi": 0.6415244930223326,
        "n_pairs": 120,
        "time": 3.1372082233428955
      },
      "0.8": {
        "h_J": 0.8,
        "mi_cv": 0.27963978458570854,
        "mean_mi": 0.4704202225206624,
        "n_pairs": 120,
        "time": 3.144930839538574
      },
      "0.9": {
        "h_J": 0.9,
        "mi_cv": 0.5231750460161081,
        "mean_mi": 0.2785218609216527,
        "n_pairs": 120,
        "time": 3.245218276977539
      },
      "0.95": {
        "h_J": 0.95,
        "mi_cv": 0.7085155664555518,
        "mean_mi": 0.20613857991853882,
        "n_pairs": 120,
        "time": 3.070768356323242
      },
      "1.0": {
        "h_J": 1.0,
        "mi_cv": 0.9105244936870349,
        "mean_mi": 0.15600187089484735,
        "n_pairs": 120,
        "time": 3.1051340103149414
      },
      "1.05": {
        "h_J": 1.05,
        "mi_cv": 1.103479029692135,
        "mean_mi": 0.12297556260005545,
        "n_pairs": 120,
        "time": 3.2556111812591553
      },
      "1.1": {
        "h_J": 1.1,
        "mi_cv": 1.27323617512009,
        "mean_mi": 0.10102324722140452,
        "n_pairs": 120,
        "time": 3.175490379333496
      },
      "1.2": {
        "h_J": 1.2,
        "mi_cv": 1.5369136922074405,
        "mean_mi": 0.07486158605582424,
        "n_pairs": 120,
        "time": 3.3066823482513428
      },
      "1.3": {
        "h_J": 1.3,
        "mi_cv": 1.7223167338869154,
        "mean_mi": 0.06000873220980461,
        "n_pairs": 120,
        "time": 3.1124353408813477
      },
      "1.5": {
        "h_J": 1.5,
        "mi_cv": 1.957760546035453,
        "mean_mi": 0.043396990299062105,
        "n_pairs": 120,
        "time": 2.9415431022644043
      },
      "2.0": {
        "h_J": 2.0,
        "mi_cv": 2.213599166707677,
        "mean_mi": 0.02557616347182164,
        "n_pairs": 120,
        "time": 2.766535997390747
      }
    }
  },
  "timing_n32": 10.275850534439087,
  "slopes": {
    "8": 1.7179203586079212,
    "16": 3.949634632365829
  },
  "total_runtime": 47.95166063308716
}