{
  "sprint": "054i",
  "results": {
    "2": {
      "g_c": 1.0,
      "c_full": 0.5293904732598238,
      "c_pairwise": [
        0.5445302088511672,
        0.5320665229344657,
        0.5230733687284931,
        0.5164242551989447
      ],
      "c_exact": 0.5,
      "sizes": [
        16,
        24,
        32,
        48,
        64
      ],
      "S": [
        0.423409,
        0.460207,
        0.485718,
        0.521066,
        0.545827
      ]
    },
    "3": {
      "g_c": 0.3333333333333333,
      "c_full": 0.9081242048843764,
      "c_pairwise": [
        0.9339348625257815,
        0.906563268879792,
        0.8837110588179494
      ],
      "c_exact": 0.8,
      "sizes": [
        8,
        12,
        16,
        24
      ],
      "S": [
        0.516117,
        0.57923,
        0.622697,
        0.682416
      ]
    },
    "4": {
      "g_c": 0.392,
      "c_full": 1.2276009901514522,
      "c_pairwise": [
        1.2312526775221848,
        1.2218071046429726,
        1.2291365891514658
      ],
      "c_exact": 1.0,
      "sizes": [
        8,
        12,
        16,
        24
      ],
      "S": [
        0.646366,
        0.729571,
        0.788153,
        0.871215
      ]
    },
    "5": {
      "g_c": 0.441,
      "c_full": 1.37125745312182,
      "c_pairwise": [
        1.394531831945354,
        1.3345148577666381
      ],
      "c_exact": null,
      "sizes": [
        8,
        12,
        16
      ],
      "S": [
        0.760529,
        0.854768,
        0.918754
      ]
    }
  },
  "chi_convergence": "entropy converged at chi=20",
  "exact_diag_check": "DMRG matches to machine precision",
  "conclusion": "c(q) increases with q, overshoot increases with q"
}