{
  "0.0": {
    "mi_cv": 1.5821433311375146,
    "mean_mi": 0.10588327066439168,
    "time": 9.470265865325928
  },
  "0.5": {
    "mi_cv": 2.3007052133889236,
    "mean_mi": 0.07639387796565472,
    "time": 9.101161479949951
  },
  "1.0": {
    "mi_cv": 2.692091978599138,
    "mean_mi": 0.06677594815642579,
    "time": 9.03450632095337
  },
  "1.5": {
    "mi_cv": 2.023560804551667,
    "mean_mi": 0.08597018166772782,
    "time": 9.689265012741089
  },
  "2.0": {
    "mi_cv": 0.7833306257030714,
    "mean_mi": 0.1936485371175794,
    "time": 9.901814937591553
  }
}