{
  "experiment": "085c_renyi_analysis",
  "timestamp": "2026-04-02 07:23:58",
  "data": {
    "2": {
      "q": 2,
      "Re_c": 0.5,
      "pair": "(10,14)",
      "c_alpha": {
        "0.5": 0.4999819411899207,
        "1": 0.49789751098767937,
        "2": 0.5274266865360128,
        "3": 0.5571992798220738,
        "5": 0.5665951882136249,
        "10": 0.5561650962563256,
        "inf": 0.550635475396044
      },
      "c_over_Rec": {
        "0.5": 0.9999638823798414,
        "1": 0.9957950219753587,
        "2": 1.0548533730720255,
        "3": 1.1143985596441477,
        "5": 1.1331903764272497,
        "10": 1.1123301925126512,
        "inf": 1.101270950792088
      }
    },
    "3": {
      "q": 3,
      "Re_c": 0.7999999999999999,
      "pair": "(6,10)",
      "c_alpha": {
        "0.5": 0.80093379422136,
        "1": 0.792780950735307,
        "2": 0.8717357302652659,
        "3": 0.9101544294383279,
        "5": 0.8976901743526009,
        "10": 0.8741239004254417,
        "inf": 0.8653862750502842
      },
      "c_over_Rec": {
        "0.5": 1.0011672427767002,
        "1": 0.9909761884191338,
        "2": 1.0896696628315825,
        "3": 1.13769303679791,
        "5": 1.1221127179407513,
        "10": 1.0926548755318022,
        "inf": 1.0817328438128553
      }
    },
    "5": {
      "q": 5,
      "Re_c": 1.137547336647226,
      "pair": "(4,8)",
      "c_alpha": {
        "0.5": 1.1603790227539066,
        "1": 1.1368632044560394,
        "2": 1.280960972779191,
        "3": 1.2875578028352284,
        "5": 1.2318828998644935,
        "10": 1.1956482331292067,
        "inf": 1.1836918960142344
      },
      "c_over_Rec": {
        "0.5": 1.0200709767155485,
        "1": 0.9993985901341012,
        "2": 1.126072675405894,
        "3": 1.1318718451138385,
        "5": 1.082928912211521,
        "10": 1.0510755857010976,
        "inf": 1.040564957501473
      }
    },
    "6": {
      "q": 6,
      "Re_c": 1.2525009147089168,
      "pair": "(4,8)",
      "c_alpha": {
        "0.5": 1.2735856487363248,
        "1": 1.246629210667906,
        "2": 1.3973248800819802,
        "3": 1.3852917816706116,
        "5": 1.3169219605386955,
        "10": 1.2777440452343998,
        "inf": 1.2649666563843736
      },
      "c_over_Rec": {
        "0.5": 1.0168341066899007,
        "1": 0.9953120161653731,
        "2": 1.11562783202176,
        "3": 1.106020574837309,
        "5": 1.051433931163835,
        "10": 1.0201541813095998,
        "inf": 1.009952680695929
      }
    },
    "7": {
      "q": 7,
      "Re_c": 1.3512522747656739,
      "pair": "(4,7)",
      "c_alpha": {
        "0.5": 1.2902664220128077,
        "1": 1.2674273617791472,
        "2": 1.4194046790905341,
        "3": 1.3875969991140398,
        "5": 1.311518947197104,
        "10": 1.2721969456064115,
        "inf": 1.2594749900879552
      },
      "c_over_Rec": {
        "0.5": 0.9548671599731872,
        "1": 0.9379650161913229,
        "2": 1.050436477035111,
        "3": 1.0268970680213423,
        "5": 0.9705951817358012,
        "10": 0.9414947670130867,
        "inf": 0.9320798296575418
      }
    },
    "8": {
      "q": 8,
      "Re_c": 1.4377917398838593,
      "pair": "(4,7)",
      "c_alpha": {
        "0.5": 1.3521615396933495,
        "1": 1.3259606951302116,
        "2": 1.4726791103707024,
        "3": 1.4241254112918988,
        "5": 1.3413505525201392,
        "10": 1.300994955308285,
        "inf": 1.2879850115735008
      },
      "c_over_Rec": {
        "0.5": 0.9404432520961438,
        "1": 0.9222202759610505,
        "2": 1.0242645506432393,
        "3": 0.990494917857113,
        "5": 0.9329240913767454,
        "10": 0.9048563287847067,
        "inf": 0.8958077695435505
      }
    }
  },
  "analysis": {
    "factor_2_correction": "periodic chain has TWO entanglement cuts, use c/6 not c/12",
    "key_finding": "\u03b1=1 (von Neumann) is closest to Re(c) for walking q<=6, but \u03b1=2 is most robust across walking boundary. All \u03b1 see walking breakdown at q>=7."
  }
}