{
  "sprint": "054e",
  "results": {
    "3": {
      "g_c": 0.3333333333333333,
      "c_prediction": 0.8,
      "label": "3-state Potts CFT",
      "chi_max": 60,
      "data": [
        {
          "n": 8,
          "E": -8.640043961777534,
          "S_half": 0.5161166301904416,
          "chi_actual": 60,
          "time": 6.036949872970581
        },
        {
          "n": 12,
          "E": -13.218214662725051,
          "S_half": 0.5792297452681499,
          "chi_actual": 60,
          "time": 48.71390080451965
        },
        {
          "n": 16,
          "E": -17.797890208565654,
          "S_half": 0.6226969560887311,
          "chi_actual": 60,
          "time": 88.18846845626831
        }
      ],
      "c_full_fit": 0.9233229990816098,
      "c_pairwise": [
        0.9339365654250833,
        0.906567665829095
      ]
    },
    "4": {
      "g_c": 0.392,
      "c_prediction": 1.0,
      "label": "Ashkin-Teller/free boson",
      "chi_max": 60,
      "data": [
        {
          "n": 8,
          "E": -8.987406821281253,
          "S_half": 0.6463664981810405,
          "chi_actual": 60,
          "time": 20.52107548713684
        },
        {
          "n": 12,
          "E": -13.698320097958689,
          "S_half": 0.7295707032604106,
          "chi_actual": 60,
          "time": 80.62920761108398
        }
      ]
    }
  }
}