{
  "sprint": "048b",
  "q": 10,
  "n": 12,
  "chi_max": 20,
  "data": [
    {
      "g": 0.15,
      "cv": 0.4216378233526725,
      "E0": -11.318623998716639,
      "mi_mean": 0.15333599253329147,
      "mi_vals": [
        4.244512695628089e-05,
        0.09940548620760925,
        0.17574320139942345,
        0.2009610134471128,
        0.21074962442852754,
        0.21431273249841154,
        0.21537073799295917,
        0.21550436120291933,
        0.21495802632807576,
        0.21251478096138793,
        0.2016615024607619,
        1.804936817784153e-07,
        0.09360133893231293,
        0.16633625098532545,
        0.2013998567564076,
        0.21594518954508266,
        0.21982145843423428,
        0.22100480889712898,
        0.2209477836452821,
        0.21925752792485959,
        0.2125148312740339,
        1.134472960018229e-09,
        0.0925487558882041,
        0.1662031769309394,
        0.20152329605606106,
        0.21565448647173266,
        0.22062929462997866,
        0.2218719390017414,
        0.22094789702067297,
        0.21495810194388526,
        7.686740133294734e-12,
        0.09227228306631352,
        0.1662598044893422,
        0.20173444059324708,
        0.21581576870540592,
        0.2206274693750783,
        0.2210054653068722,
        0.2155044980326566,
        1.2256862191861728e-13,
        0.09220218896474908,
        0.1662820874059252,
        0.20173320392633487,
        0.21565098427417287,
        0.21982271849137075,
        0.2153711563260216,
        1.2390088954816747e-13,
        0.09220158400777001,
        0.16625941792157567,
        0.20152289806108697,
        0.21594523896400442,
        0.21431319213102895,
        1.5232259897857148e-13,
        0.09227151598074768,
        0.16620441493099375,
        0.2014008827522445,
        0.21074996980381405,
        7.668088386481031e-12,
        0.0925480831086789,
        0.16633578688702855,
        0.2009602876161753,
        1.135409322117198e-09,
        0.09360049663362202,
        0.17574169462979433,
        1.8050731731555913e-07,
        0.09940525966037095,
        4.244547214815597e-05
      ],
      "time_dmrg": 67.8938376903534,
      "time_mi": 18.130663871765137,
      "status": "ok"
    },
    {
      "g": 0.2,
      "cv": 0.4805556853369386,
      "E0": -11.571679102261863,
      "mi_mean": 0.8989059084545158,
      "mi_vals": [
        3.7841161143248314e-05,
        0.4954088587885632,
        0.9213949307768861,
        1.146432490159817,
        1.2398839834774966,
        1.2736595492615272,
        1.2859256168183926,
        1.2883853494586752,
        1.2829886553009495,
        1.2620708935012968,
        1.1880869815511348,
        5.081460665579129e-07,
        0.5104797646105652,
        0.9510663262923382,
        1.1758629449935327,
        1.2791084957035876,
        1.3237957426248501,
        1.3399145370067744,
        1.3398525877204917,
        1.3234804762107428,
        1.2620710118658647,
        1.1014893885885613e-08,
        0.5161940754258647,
        0.9619840452300297,
        1.188349714454199,
        1.2911888342385858,
        1.3340795918397972,
        1.3473021162596872,
        1.3398526174204282,
        1.2829888033543273,
        2.4321744618305274e-10,
        0.5183155532799772,
        0.9659316846926049,
        1.1925169519822716,
        1.2942313000879764,
        1.3340796678093028,
        1.3399146334371326,
        1.2883855447978299,
        3.3506530883187224e-12,
        0.5190420746864954,
        0.966944516278397,
        1.1925166948493773,
        1.2911886768149707,
        1.3237957105318605,
        1.2859257495340513,
        8.881784197001252e-16,
        0.5190408978605019,
        0.9659318042455678,
        1.1883501585883094,
        1.2791088892837483,
        1.2736598544149138,
        3.2929214910382143e-12,
        0.5183157048888987,
        0.9619840417457812,
        1.1758628784796612,
        1.2398841417076825,
        2.4331070491712126e-10,
        0.5161945321672619,
        0.9510663855007075,
        1.146432500610887,
        1.101525803903769e-08,
        0.510479585320101,
        0.9213952880494349,
        5.081401965867371e-07,
        0.49540882132673403,
        3.784070846979404e-05
      ],
      "time_dmrg": 77.49587178230286,
      "time_mi": 18.139206647872925,
      "status": "ok"
    },
    {
      "g": 0.24,
      "cv": 0.502551174746193,
      "E0": -11.831172790315168,
      "mi_mean": 0.7994221002254688,
      "mi_vals": [
        4.3951988682344734e-05,
        0.39945797856113696,
        0.7622370121059647,
        0.9863821231272354,
        1.1070663241528753,
        1.1605513759368207,
        1.1841813024822017,
        1.191137093137669,
        1.1848040355992986,
        1.1572866879323511,
        1.07047175435868,
        8.92502293403652e-07,
        0.41373197421527586,
        0.7961413791796641,
        1.0251166812252623,
        1.1510673753702945,
        1.2159633674535566,
        1.244918811914053,
        1.2494351238418369,
        1.2290909998537143,
        1.1572862155253545,
        3.40339645354959e-08,
        0.41983273261181875,
        0.8098903984328456,
        1.0420439909114316,
        1.1678731225337105,
        1.2302521770415233,
        1.254298482319975,
        1.2494345813425176,
        1.184803367190241,
        1.3761223272013012e-09,
        0.4225004413932383,
        0.8155830422256112,
        1.0481685016612676,
        1.1722983023109268,
        1.2302520973901403,
        1.2449176564750537,
        1.1911361927003024,
        2.9758862041262546e-11,
        0.4235538931076426,
        0.8171912902817311,
        1.0481712922037838,
        1.1678761708503769,
        1.2159650072430932,
        1.1841837442792336,
        8.881784197001252e-16,
        0.42355457727098145,
        0.815586209835244,
        1.0420476343965288,
        1.1510691180490487,
        1.1605548336502967,
        2.9750424346275395e-11,
        0.42250262930687255,
        0.8098941334634242,
        1.0251185344448936,
        1.1070697492615595,
        1.3753300720509287e-09,
        0.41983516542541777,
        0.7961456165320961,
        0.9863852477285384,
        3.4030828821585146e-08,
        0.4137422135802735,
        0.7622382838448578,
        8.925837851059271e-07,
        0.39947081599996803,
        4.3943660712031374e-05
      ],
      "time_dmrg": 72.27857208251953,
      "time_mi": 18.108042240142822,
      "status": "ok"
    },
    {
      "g": 0.25,
      "cv": 0.5077291038460574,
      "E0": -11.904373933256359,
      "mi_mean": 0.7709195067298963,