{
  "q=4_n=8": {
    "q": 4,
    "n": 8,
    "g_c": 0.392,
    "dim": 65536,
    "time_s": 4.37,
    "eigenvalues": [
      -9.48113039,
      -9.4084953,
      -9.4084953,
      -9.35933549,
      -9.00332676,
      -8.82613149,
      -8.82613149,
      -8.82613149,
      -8.82613149,
      -8.77318831,
      -8.77318831,
      -8.71373573,
      -8.71195281,
      -8.71195281,
      -8.60452449,
      -8.60452449,
      -8.47585081,
      -8.45999132,
      -8.45999132,
      -8.38079124
    ],
    "nonzero_gaps": [
      0.07263509,
      0.07263509,
      0.1217949,
      0.47780363,
      0.6549989,
      0.6549989,
      0.6549989,
      0.6549989,
      0.70794208,
      0.70794208,
      0.76739466,
      0.76917758,
      0.76917758,
      0.8766059,
      0.8766059
    ],
    "ratios": [
      1.0,
      1.0,
      1.676805,
      6.578138,
      9.017665,
      9.017665,
      9.017665,
      9.017665,
      9.746558,
      9.746558,
      10.565068,
      10.589615,
      10.589615,
      12.068629,
      12.068629
    ]
  },
  "q=7_n=4": {
    "q": 7,
    "n": 4,
    "g_c": 0.535,
    "dim": 2401,
    "time_s": 0.06,
    "eigenvalues": [
      -5.47635652,
      -5.39186856,
      -5.39186856,
      -5.20028218,
      -5.20028218,
      -4.99976139,
      -4.99976139,
      -4.81700702,
      -4.68436326,
      -4.68436326,
      -4.68436326,
      -4.68436326,
      -4.50544784,
      -4.50544784,
      -4.47497659,
      -4.47497659,
      -4.46990371,
      -4.46990371,
      -4.40672013,
      -4.40672013
    ],
    "nonzero_gaps": [
      0.08448796,
      0.08448796,
      0.27607434,
      0.27607434,
      0.47659512,
      0.47659512,
      0.65934949,
      0.79199325,
      0.79199325,
      0.79199325,
      0.79199325,
      0.97090868,
      0.97090868,
      1.00137993,
      1.00137993,
      1.0064528,
      1.0064528,
      1.06963639
    ],
    "ratios": [
      1.0,
      1.0,
      3.267618,
      3.267618,
      5.640983,
      5.640983,
      7.804065,
      9.374037,
      9.374037,
      9.374037,
      9.374037,
      11.491681,
      11.491681,
      11.852339,
      11.852339,
      11.912382,
      11.912382,
      12.660223
    ]
  },
  "q=7_n=6": {
    "q": 7,
    "n": 6,
    "g_c": 0.535,
    "dim": 117649,
    "time_s": 7.07,
    "eigenvalues": [
      -8.12341021,
      -8.06393956,
      -8.06393956,
      -7.92581486,
      -7.92581486,
      -7.76965752,
      -7.76965752,
      -7.64338605,
      -7.55329214,
      -7.55329214,
      -7.55329214,
      -7.55329214,
      -7.4643445,
      -7.4643445,
      -7.41081479,
      -7.41081479,
      -7.35063766,
      -7.35063766,
      -7.35063766,
      -7.30474099
    ],
    "nonzero_gaps": [
      0.05947065,
      0.05947065,
      0.19759536,
      0.19759536,
      0.35375269,
      0.35375269,
      0.48002416,
      0.57011807,
      0.57011807,
      0.57011807,
      0.57011807,
      0.65906571,
      0.65906571,
      0.71259542,
      0.71259542,
      0.77277255,
      0.77277255,
      0.77277255
    ],
    "ratios": [
      1.0,
      1.0,
      3.322569,
      3.322569,
      5.948358,
      5.948358,
      8.071614,
      9.586545,
      9.586545,
      9.586545,
      9.586545,
      11.082201,
      11.082201,
      11.982304,
      11.982304,
      12.994184,
      12.994184,
      12.994184
    ]
  }
}