{
  "experiment": "094b_bw_nA_q34",
  "timestamp": "2026-04-02 10:08:16",
  "data": {
    "q3_nA3": {
      "q": 3,
      "nA": 3,
      "n": 6,
      "dim": 729,
      "dimA": 27,
      "E0": -6.933031943717658,
      "R2": 0.999435750434962,
      "one_minus_R2": 0.0005642495650379775,
      "alpha": 7.544712956076027,
      "time": 0.07163310050964355
    },
    "q3_nA4": {
      "q": 3,
      "nA": 4,
      "n": 8,
      "dim": 6561,
      "dimA": 81,
      "E0": -9.208240738652716,
      "R2": 0.9991583869864824,
      "one_minus_R2": 0.0008416130135175948,
      "alpha": 7.664361741865134,
      "time": 0.45557498931884766
    },
    "q3_nA5": {
      "q": 3,
      "nA": 5,
      "n": 10,
      "dim": 59049,
      "dimA": 243,
      "E0": -11.489711044151989,
      "R2": 0.7807599772074566,
      "one_minus_R2": 0.2192400227925434,
      "alpha": 9.259640171423257,
      "time": 4.0911173820495605
    },
    "q3_nA6": {
      "q": 3,
      "nA": 6,
      "n": 12,
      "dim": 531441,
      "dimA": 729,
      "E0": -13.774271482272255,
      "R2": 0.5577433840408917,
      "one_minus_R2": 0.44225661595910826,
      "alpha": 5.887351530122243,
      "time": 44.88442826271057
    },
    "q4_nA3": {
      "q": 4,
      "nA": 3,
      "n": 6,
      "dim": 4096,
      "dimA": 64,
      "E0": -6.887390917445189,
      "R2": 0.9991945249490142,
      "one_minus_R2": 0.0008054750509858266,
      "alpha": 8.395843325291096,
      "time": 0.2805798053741455
    },
    "q4_nA4": {
      "q": 4,
      "nA": 4,
      "n": 8,
      "dim": 65536,
      "dimA": 256,
      "E0": -9.142296360616768,
      "R2": 0.9982462073642417,
      "one_minus_R2": 0.0017537926357582556,
      "alpha": 8.544646160896095,
      "time": 5.147921323776245
    },
    "q4_nA5": {
      "q": 4,
      "nA": 5,
      "n": 10,
      "dim": 1048576,
      "dimA": 1024,
      "E0": -11.40438652987645,
      "R2": 0.6883204378205801,
      "one_minus_R2": 0.31167956217941994,
      "alpha": 9.450965785583005,
      "time": 106.05201005935669
    }
  }
}