{
  "n_qubits": 6,
  "noise_levels": [
    0.0,
    0.02,
    0.04,
    0.06,
    0.08,
    0.1,
    0.12,
    0.14,
    0.16,
    0.18,
    0.2,
    0.22,
    0.24,
    0.26,
    0.28,
    0.3,
    0.32,
    0.34,
    0.36,
    0.38,
    0.4,
    0.42,
    0.44,
    0.46,
    0.48,
    0.5,
    0.52,
    0.54,
    0.56,
    0.58,
    0.6,
    0.62,
    0.64,
    0.66,
    0.68,
    0.7000000000000001,
    0.72,
    0.74,
    0.76,
    0.78,
    0.8,
    0.8200000000000001,
    0.84,
    0.86,
    0.88,
    0.9,
    0.92,
    0.9400000000000001,
    0.96,
    0.98,
    1.0
  ],
  "half_cut_negativity": {
    "GHZ": [
      0.4999999999999998,
      0.4896874999999997,
      0.47937499999999955,
      0.4690624999999994,
      0.45874999999999944,
      0.44843750000000004,
      0.4381250000000001,
      0.4278124999999998,
      0.41749999999999976,
      0.4071874999999998,
      0.39687499999999964,
      0.3865624999999996,
      0.3762499999999993,
      0.36593750000000025,
      0.3556250000000001,
      0.3453124999999999,
      0.33499999999999996,
      0.3246874999999998,
      0.31437499999999974,
      0.3040624999999997,
      0.2937499999999995,
      0.28343750000000034,
      0.2731250000000002,
      0.2628125000000001,
      0.25250000000000006,
      0.2421874999999999,
      0.23187499999999972,
      0.22156249999999977,
      0.21124999999999983,
      0.20093749999999977,
      0.19062499999999993,
      0.18031249999999965,
      0.17000000000000004,
      0.15968749999999987,
      0.1493749999999998,
      0.13906249999999976,
      0.12875000000000003,
      0.11843749999999997,
      0.1081249999999998,
      0.09781249999999986,
      0.08750000000000002,
      0.07718749999999996,
      0.06687500000000002,
      0.05656250000000007,
      0.0462499999999999,
      0.035937499999999956,
      0.025624999999999898,
      0.01531249999999984,
      0.0050000000000001155,
      -1.1102230246251565e-16,
      0.0
    ],
    "W": [
      0.5000000000000004,
      0.4896875000000004,
      0.4793750000000001,
      0.46906250000000005,
      0.4587499999999999,
      0.4484375000000007,
      0.43812500000000054,
      0.4278125000000005,
      0.4175000000000002,
      0.40718750000000004,
      0.3968750000000002,
      0.3865624999999999,
      0.37625,
      0.3659375000000008,
      0.3556250000000005,
      0.34531250000000036,
      0.3350000000000001,
      0.3246875,
      0.31437499999999996,
      0.3040624999999999,
      0.2937499999999996,
      0.28343750000000034,
      0.2731250000000004,
      0.26281250000000034,
      0.2525000000000003,
      0.24218750000000022,
      0.23187500000000005,
      0.2215625000000001,
      0.21124999999999983,
      0.2009375,
      0.19062500000000004,
      0.1803125000000001,
      0.17000000000000015,
      0.1596875000000001,
      0.14937500000000004,
      0.13906249999999998,
      0.12875000000000014,
      0.1184375000000002,
      0.10812500000000003,
      0.09781249999999986,
      0.08750000000000002,
      0.07718750000000019,
      0.06687500000000002,
      0.05656250000000007,
      0.0462499999999999,
      0.03593750000000018,
      0.02562500000000001,
      0.015312500000000062,
      0.0050000000000001155,
      1.1102230246251565e-16,
      0.0
    ],
    "Cluster": [
      0.49999999999999944,
      0.48968749999999883,
      0.47937499999999855,
      0.4690624999999987,
      0.4587499999999989,
      0.4484374999999997,
      0.43812499999999943,
      0.42781249999999915,
      0.4174999999999993,
      0.40718749999999904,
      0.3968749999999991,
      0.38656249999999903,
      0.37624999999999886,
      0.3659374999999996,
      0.35562499999999975,
      0.34531249999999936,
      0.3349999999999995,
      0.32468749999999935,
      0.3143749999999994,
      0.30406249999999924,
      0.29374999999999907,
      0.2834374999999998,
      0.27312499999999984,
      0.2628124999999998,
      0.2524999999999996,
      0.24218749999999956,
      0.2318749999999995,
      0.22156249999999944,
      0.2112499999999995,
      0.20093749999999955,
      0.1906249999999997,
      0.18031249999999965,
      0.16999999999999982,
      0.15968749999999965,
      0.1493749999999996,
      0.13906249999999964,
      0.12874999999999992,
      0.11843749999999975,
      0.1081249999999997,
      0.09781249999999964,
      0.08749999999999991,
      0.07718749999999974,
      0.0668749999999998,
      0.05656249999999985,
      0.0462499999999999,
      0.035937499999999845,
      0.025624999999999787,
      0.01531249999999984,
      0.0050000000000000044,
      0.0,
      0.0
    ]
  },
  "w_pairwise_concurrence": [
    0.3333333333333333,
    0.21192057014627644,
    0.1587548450340291,
    0.11711916462984795,
    0.0815740931182116,
    0.04999999999999993,
    0.021303923158624727,
    0.0,
    0.0,
    0.0,
    0.0,
    0.0,
    0.0,
    0.0,
    0.0,
    0.0,
    0.0,
    0.0,
    0.0,
    0.0,
    0.0,
    0.0,
    0.0,
    0.0,
    0.0,
    0.0,
    0.0,
    0.0,
    0.0,
    0.0,
    0.0,
    0.0,
    0.0,
    0.0,
    0.0,
    0.0,
    0.0,
    0.0,
    0.0,
    0.0,
    0.0,
    0.0,
    0.0,
    0.0,
    0.0,
    0.0,
    0.0,
    0.0,
    0.0,
    0.0,
    0.0
  ]
}