{
  "q10_n6": {
    "q": 10,
    "n": 6,
    "g_c": 0.684,
    "E0": -9.517004523520418,
    "E0_per_site": -1.5861674205867364,
    "eigenvalues": [
      -9.517004523520418,
      -9.474501041597927,
      -9.474501041597911,
      -9.360397105170598,
      -9.360397105170536,
      -9.182850632688856
    ],
    "nonzero_gaps": [
      0.042503481922491204,
      0.04250348192250719,
      0.15660741834981984,
      0.156607418349882,
      0.334153890831562
    ],
    "build_time_s": 0.43,
    "eigsh_time_s": 18.37
  },
  "cx1_best": {
    "2": {
      "cx1": 4.012570456044459,
      "x1": 0.12460840388405132
    },
    "3": {
      "cx1": 5.984366345975313,
      "x1": 0.1336816554584809
    },
    "4": {
      "cx1": 8.535975327337747,
      "x1": 0.11715122896353149
    },
    "5": {
      "cx1": 10.840074458450005,
      "x1": 0.10147531774032541
    },
    "7": {
      "cx1": 15.109264557798369,
      "x1": 0.08603992570432747
    },
    "10": {
      "cx1": 16.85600414635648,
      "x1": 0.08305645797450861
    }
  },
  "formulas": {
    "2q_rms": 1.4205969908031308,
    "linear_rms": 1.1182599107844082,
    "linear_coeffs": [
      1.6747024415088796,
      1.5704132675311864
    ]
  }
}