{
  "experiment": "095c_compile",
  "timestamp": "2026-04-02 11:00:17",
  "q2_trends": {
    "3": {
      "slope": -0.01545605818707832,
      "fit_R2": 0.05828176295954057,
      "range_ratio": 1.996238561945731,
      "n_range": [
        6,
        16
      ]
    },
    "4": {
      "slope": -0.032970002316347016,
      "fit_R2": 0.22526834342864976,
      "range_ratio": 2.108634690834214,
      "n_range": [
        8,
        18
      ]
    },
    "5": {
      "slope": -0.2410268003346406,
      "fit_R2": 0.46280073742740735,
      "range_ratio": 17.98428081991789,
      "n_range": [
        10,
        18
      ]
    },
    "6": {
      "slope": -0.05341509615489731,
      "fit_R2": 0.6203098522831791,
      "range_ratio": 1.546506834292108,
      "n_range": [
        12,
        18
      ]
    }
  },
  "walking_amplification": {
    "nA3_n8": {
      "q2": 0.000145,
      "q5": 0.00211,
      "ratio": 14.551724137931034
    },
    "nA3_n7": {
      "q2": 0.000162,
      "q5": 0.00166,
      "ratio": 10.246913580246913
    },
    "nA3_n6_s094": {
      "q2": 0.00029,
      "q5": 0.001,
      "ratio": 3.4482758620689657
    }
  }
}