{
  "experiment": "038a2",
  "n50_data": {
    "0.9": {
      "cv": 0.3001683978234752,
      "time": 22.028292179107666
    },
    "0.95": {
      "cv": 0.530386573461757,
      "time": 22.514983892440796
    },
    "0.97": {
      "cv": 0.7371964411212284,
      "time": 21.95321536064148
    }
  },
  "collapse_by_subset": {
    "all (8-50)": {
      "sizes": [
        8,
        12,
        16,
        24,
        32,
        50
      ],
      "nu_opt_hc1": 1.6756178040302032,
      "quality_opt_hc1": 0.034273579960524575,
      "quality_ising": 0.04368598581831568,
      "ratio_ising_to_opt": 1.27462569911378,
      "joint_nu": 0.7998725009018179,
      "joint_hc": 0.958323917575126,
      "joint_quality": 0.01324474411150897
    },
    "large (16-50)": {
      "sizes": [
        16,
        24,
        32,
        50
      ],
      "nu_opt_hc1": 1.7569863082710473,
      "quality_opt_hc1": 0.005357108382933958,
      "quality_ising": 0.013101087611954746,
      "ratio_ising_to_opt": 2.4455520918133073,
      "joint_nu": 1.0382339044901177,
      "joint_hc": 0.9707485242426643,
      "joint_quality": 0.0026484706651409445
    },
    "largest (24-50)": {
      "sizes": [
        24,
        32,
        50
      ],
      "nu_opt_hc1": 1.7266723053881523,
      "quality_opt_hc1": 0.000795409424194172,
      "quality_ising": 0.006506595653727729,
      "ratio_ising_to_opt": 8.180184262110735,
      "joint_nu": 1.1176210889039613,
      "joint_hc": 0.9802724127027416,
      "joint_quality": 0.0002602737426272783
    }
  },
  "pairwise_ising": {
    "8_12": 0.015193768365606266,
    "8_16": 0.10557385690513446,
    "8_24": 0.07197517794500607,
    "8_32": 0.13706142073858965,
    "8_50": 0.09977020970403265,
    "12_16": 0.006329777713451121,
    "12_24": 0.02584488867776455,
    "12_32": 0.05573859742386886,
    "12_50": 0.05919556412955294,
    "16_24": 0.00830679413050946,
    "16_32": 0.021244395624606754,
    "16_50": 0.02953554895542907,
    "24_32": 0.002708710521335845,
    "24_50": 0.01316769129563678,
    "32_50": 0.003643385144210563
  },
  "total_runtime": 66.63210487365723
}