{
  "experiment": "080b_sq_potts_c_q8_q9",
  "timestamp": "2026-04-02 05:41:42",
  "q8": {
    "gc": 0.125,
    "Re_c": 1.4377917398838593,
    "Im_c": -0.12282244030207312,
    "sizes": {
      "5": {
        "dim": 32768,
        "c": 1.5262005042591116,
        "R2": 0.0,
        "S_mid": 0.5113958541993993,
        "S": [
          0.42368276378379766,
          0.5113958541993993,
          0.5113958541993994,
          0.4236827637837989
        ],
        "E0": -5.231514884155791,
        "gaps": [
          0.392552060957029,
          0.3925520609570352,
          0.39255206095704676
        ],
        "gap_N": 1.962760304785145,
        "ratio_c_Re_c": 1.0614892699149834,
        "time": 0.42523837089538574
      },
      "6": {
        "dim": 262144,
        "c": 1.0724570860399403,
        "R2": 1.0,
        "S_mid": 0.5550343027968317,
        "S": [
          0.42911331585603696,
          0.5293237463695344,
          0.5550343027968317,
          0.5293237463695333,
          0.4291133158560396
        ],
        "E0": -6.324936479928837,
        "gaps": [
          0.34546534864598044,
          0.3454653486459831,
          0.3454653486459991
        ],
        "gap_N": 2.0727920918758826,
        "ratio_c_Re_c": 0.7459057221503931,
        "time": 3.861307382583618
      },
      "7": {
        "dim": 2097152,
        "c": 1.0615212688318585,
        "R2": 1.0,
        "S_mid": 0.5787671679278465,
        "S": [
          0.432359287738954,
          0.5397165762755666,
          0.5787671679278465,
          0.5787671679278472,
          0.539716576275564,
          0.4323592877389524
        ],
        "E0": -7.41865480013273,
        "gaps": [
          0.30961755623331744,
          0.309617556233329,
          0.30961755623334497
        ],
        "gap_N": 2.167322893633222,
        "ratio_c_Re_c": 0.7382997407660759,
        "time": 42.4275176525116
      }
    }
  },
  "q9": {
    "gc": 0.1111111111111111,
    "Re_c": 1.514785649099948,
    "Im_c": -0.15770404952711878,
    "sizes": {
      "5": {
        "dim": 59049,
        "c": 1.4868424630838049,
        "R2": -0.25,
        "S_mid": 0.4982078497201109,
        "S": [
          0.414040579863615,
          0.4982078497201109,
          0.49820784972011156,
          0.4140405798636153
        ],
        "E0": -5.218215999757033,
        "gaps": [
          0.4061380387323936,
          0.40613803873239807,
          0.40613803873240517
        ],
        "gap_N": 2.030690193661968,
        "ratio_c_Re_c": 0.9815530428131884,
        "time": 0.5860862731933594
      },
      "6": {
        "dim": 531441,
        "c": 1.0118953753539275,
        "R2": 1.0,
        "S_mid": 0.5388484835773462,
        "S": [
          0.41890645584847996,
          0.5145898036868303,
          0.5388484835773462,
          0.5145898036868201,
          0.4189064558484792
        ],
        "E0": -6.304300133858638,
        "gaps": [
          0.3593940017371615,
          0.35939400173718106,
          0.3593940017371846
        ],
        "gap_N": 2.156364010422969,
        "ratio_c_Re_c": 0.6680122537173317,
        "time": 8.152975797653198
      }
    }
  }
}