{
  "p_values": [
    0.0,
    0.01,
    0.02,
    0.03,
    0.05,
    0.08,
    0.1,
    0.12,
    0.15,
    0.18,
    0.2,
    0.25,
    0.3,
    0.35,
    0.4,
    0.5,
    0.6,
    0.75
  ],
  "uncoded": {
    "holevo": [
      1.0,
      0.942222,
      0.897842,
      0.858559,
      0.789158,
      0.699609,
      0.646641,
      0.597821,
      0.531004,
      0.470639,
      0.43349,
      0.349978,
      0.278072,
      0.216223,
      0.163359,
      0.081704,
      0.029049,
      0.0
    ],
    "fidelity_0": [
      1.0,
      0.993333,
      0.986667,
      0.98,
      0.966667,
      0.946667,
      0.933333,
      0.92,
      0.9,
      0.88,
      0.866667,
      0.833333,
      0.8,
      0.766667,
      0.733333,
      0.666667,
      0.6,
      0.5
    ],
    "fidelity_plus": [
      1.0,
      0.993333,
      0.986667,
      0.98,
      0.966667,
      0.946667,
      0.933333,
      0.92,
      0.9,
      0.88,
      0.866667,
      0.833333,
      0.8,
      0.766667,
      0.733333,
      0.666667,
      0.6,
      0.5
    ]
  },
  "three_qubit": {
    "holevo": [
      1.0,
      0.998099,
      0.993484,
      0.986782,
      0.96838,
      0.931184,
      0.901541,
      0.868927,
      0.815739,
      0.758883,
      0.719612,
      0.619053,
      0.518451,
      0.421219,
      0.330074,
      0.174373,
      0.064158,
      0.0
    ],
    "fidelity_0": [
      1.0,
      0.999867,
      0.999471,
      0.998816,
      0.996741,
      0.99177,
      0.987259,
      0.981824,
      0.972,
      0.960256,
      0.951407,
      0.925926,
      0.896,
      0.862074,
      0.824593,
      0.740741,
      0.648,
      0.5
    ],
    "fidelity_plus": [
      1.0,
      0.980265,
      0.961057,
      0.942368,
      0.906519,
      0.85646,
      0.825481,
      0.796352,
      0.756,
      0.719488,
      0.697185,
      0.648148,
      0.608,
      0.575852,
      0.550815,
      0.518519,
      0.504,
      0.5
    ]
  },
  "five_qubit": {
    "holevo": [
      1.0,
      0.99216,
      0.974357,
      0.949982,
      0.888317,
      0.778466,
      0.700971,
      0.62379,
      0.513007,
      0.411991,
      0.351296,
      0.224797,
      0.133459,
      0.072589,
      0.035483,
      0.005394,
      0.000275,
      0.0
    ],
    "fidelity_0": [
      1.0,
      0.999348,
      0.99745,
      0.99439,
      0.985112,
      0.964443,
      0.946995,
      0.927221,
      0.89424,
      0.858556,
      0.8339,
      0.771605,
      0.71168,
      0.657266,
      0.610438,
      0.54321,
      0.50976,
      0.5
    ],
    "fidelity_plus": [
      1.0,
      0.999348,
      0.99745,
      0.99439,
      0.985112,
      0.964443,
      0.946995,
      0.927221,
      0.89424,
      0.858556,
      0.8339,
      0.771605,
      0.71168,
      0.657266,
      0.610438,
      0.54321,
      0.50976,
      0.5
    ]
  },
  "description": "Holevo information for QEC codes under depolarizing noise"
}