{
  "n_qubits": 8,
  "scrambling_depths": [
    0,
    1,
    3,
    6,
    10
  ],
  "n_instances": 10,
  "per_qubit": {
    "0": {
      "per_qubit": {
        "0": {
          "mean": 2.0000000000000013,
          "std": 4.440892098500626e-16
        },
        "1": {
          "mean": 1.7763568394002505e-15,
          "std": 0.0
        },
        "2": {
          "mean": 1.7763568394002505e-15,
          "std": 0.0
        },
        "3": {
          "mean": 1.7763568394002505e-15,
          "std": 0.0
        }
      },
      "spread": 1.9999999999999996,
      "cumulative": {
        "0": {
          "mean": -4.440892098500626e-16,
          "std": 0.0
        },
        "1": {
          "mean": 2.0000000000000013,
          "std": 4.440892098500626e-16
        },
        "2": {
          "mean": 1.999999999999997,
          "std": 0.0
        },
        "3": {
          "mean": 2.000000000000001,
          "std": 0.0
        },
        "4": {
          "mean": 2.000000000000001,
          "std": 0.0
        }
      }
    },
    "1": {
      "per_qubit": {
        "0": {
          "mean": 1.6261264751065554,
          "std": 0.17479410087731942
        },
        "1": {
          "mean": 0.28513718654061404,
          "std": 0.5703045649370572
        },
        "2": {
          "mean": 0.9556444167147353,
          "std": 0.7967807896243759
        },
        "3": {
          "mean": 0.26066203652824294,
          "std": 0.531851017618573
        }
      },
      "spread": 1.3654644385783126,
      "cumulative": {
        "0": {
          "mean": 6.217248937900876e-16,
          "std": 8.926082647349966e-16
        },
        "1": {
          "mean": 1.6261264751065554,
          "std": 0.17479410087731942
        },
        "2": {
          "mean": 1.681686433584656,
          "std": 0.2313956334509242
        },
        "3": {
          "mean": 1.9555434526329325,
          "std": 0.10501351537697838
        },
        "4": {
          "mean": 2.000000000000016,
          "std": 2.059156955057807e-15
        }
      }
    },
    "3": {
      "per_qubit": {
        "0": {
          "mean": 1.3954967312515827,
          "std": 0.19897583523416296
        },
        "1": {
          "mean": 1.3054295675266234,
          "std": 0.2042814687674346
        },
        "2": {
          "mean": 1.103299253922992,
          "std": 0.35407474357318564
        },
        "3": {
          "mean": 1.3068105949877906,
          "std": 0.2057163629515587
        }
      },
      "spread": 0.2921974773285907,
      "cumulative": {
        "0": {
          "mean": 8.881784197001252e-16,
          "std": 8.426000324584082e-16
        },
        "1": {
          "mean": 1.3954967312515827,
          "std": 0.19897583523416296
        },
        "2": {
          "mean": 1.8360299575105121,
          "std": 0.08303054124469994
        },
        "3": {
          "mean": 1.9497174314858654,
          "std": 0.04979343394530888
        },
        "4": {
          "mean": 2.0000000000000173,
          "std": 2.2989928370877494e-15
        }
      }
    },
    "6": {
      "per_qubit": {
        "0": {
          "mean": 1.4334035266330118,
          "std": 0.06675850074858145
        },
        "1": {
          "mean": 1.357042527716632,
          "std": 0.11182243208742947
        },
        "2": {
          "mean": 1.39276098939511,
          "std": 0.12824970573315544
        },
        "3": {
          "mean": 1.4204305406452145,
          "std": 0.03824914720711207
        }
      },
      "spread": 0.07636099891637982,
      "cumulative": {
        "0": {
          "mean": 1.7763568394002505e-15,
          "std": 4.864753555590494e-16
        },
        "1": {
          "mean": 1.4334035266330118,
          "std": 0.06675850074858145
        },
        "2": {
          "mean": 1.8607772721387321,
          "std": 0.025368401977465215
        },
        "3": {
          "mean": 1.962986466442342,
          "std": 0.01614800052107948
        },
        "4": {
          "mean": 2.0000000000000173,
          "std": 1.1580429779916288e-15
        }
      }
    },
    "10": {
      "per_qubit": {
        "0": {
          "mean": 1.3875531663225473,
          "std": 0.04650383907306923
        },
        "1": {
          "mean": 1.405465359370504,
          "std": 0.06319305461682082
        },
        "2": {
          "mean": 1.4006999609498394,
          "std": 0.02468635169832543
        },
        "3": {
          "mean": 1.4054008941402223,
          "std": 0.0479390961582873
        }
      },
      "spread": 0.01791219304795666,
      "cumulative": {
        "0": {
          "mean": 2.3536728122053318e-15,
          "std": 1.0886980803209722e-15
        },
        "1": {
          "mean": 1.3875531663225473,
          "std": 0.04650383907306923
        },
        "2": {
          "mean": 1.854860634652416,
          "std": 0.03040709842470542
        },
        "3": {
          "mean": 1.971415895608843,
          "std": 0.011832341767668028
        },
        "4": {
          "mean": 2.0000000000000173,
          "std": 1.696862488257871e-15
        }
      }
    }
  },
  "cumulative": {}
}