{
  "experiment": "079a_sq_potts_c_q7",
  "timestamp": "2026-04-02 05:21:33",
  "q": 7,
  "gc": 0.14285714285714285,
  "complex_cft": {
    "Re_c": 0.3902311362190495,
    "Im_c": 3.296474735673427,
    "Re_g": 0.5,
    "Im_g": 0.24936384339676912
  },
  "q7": {
    "n8": {
      "n": 8,
      "chi_max": 56,
      "chi_actual": 56,
      "c_central": 1.1107575651675028,
      "c_full": 1.12971914837411,
      "R2_central": 0.999988548075827,
      "R2_full": 0.9999664182524758,
      "s0": 0.32201467449468607,
      "S_mid": 0.6232556383345671,
      "S_profile": [
        0.4427510110721897,
        0.5591791480274747,
        0.6087937475108544,
        0.6232556383345671,
        0.6087937475290722,
        0.5591791479688671,
        0.44275101100537495
      ],
      "E0": -8.551611207773558,
      "time_s": 49.47319436073303
    },
    "n12": {
      "n": 12,
      "chi_max": 64,
      "chi_actual": 64,
      "c_central": 1.059185055126439,
      "c_full": 1.1108476197680033,
      "R2_central": 0.9999537445507948,
      "R2_full": 0.9997736770752046,
      "s0": 0.33815721401481047,
      "S_mid": 0.6969418021696714,
      "S_profile": [
        0.4470149702725828,
        0.5720636269146632,
        0.6357736295571135,
        0.6718939072879109,
        0.6909503342639753,
        0.6969418021696714,
        0.6909503317697443,
        0.6718939023264608,
        0.6357736231718047,
        0.5720636223906573,
        0.4470149684805045
      ],
      "E0": -12.962677118444509,
      "time_s": 350.1667881011963
    }
  }
}