{
  "sprint": "046e",
  "description": "q=4 Potts data collapse \u2014 nu extraction",
  "data": {
    "n8": {
      "0.2": 0.3556,
      "0.3": 0.3951,
      "0.4": 0.1739,
      "0.5": 0.1599,
      "0.6": 0.3022,
      "0.7": 0.427,
      "0.75": 0.482,
      "0.8": 0.5329,
      "0.85": 0.58,
      "0.88": 0.6067,
      "0.9": 0.6238,
      "0.93": 0.6487,
      "0.95": 0.6646,
      "1.0": 0.7027,
      "1.05": 0.7383
    },
    "n12": {
      "0.2": 0.308,
      "0.3": 0.3982,
      "0.4": 0.1711,
      "0.5": 0.2043,
      "0.6": 0.3516,
      "0.7": 0.4856,
      "0.75": 0.5476,
      "0.8": 0.6065,
      "0.85": 0.6626,
      "0.88": 0.695,
      "0.9": 0.716,
      "0.93": 0.7468,
      "0.95": 0.7669,
      "1.0": 0.8153,
      "1.05": 0.8613
    },
    "n16": {
      "0.4": 0.1634,
      "0.5": 0.2085,
      "0.6": 0.3515,
      "0.7": 0.488,
      "0.8": 0.6164,
      "0.85": 0.6775,
      "0.9": 0.7365,
      "0.95": 0.7935,
      "1.0": 0.8485,
      "1.05": 0.9015
    }
  },
  "transition_region": {
    "g_range": [
      0.6,
      1.05
    ],
    "results": {
      "Ising (nu=1)": {
        "nu": 1.0,
        "g_c": 0.6596829352736341,
        "quality": 0.001373715987128246
      },
      "Potts q=3 (nu=5/6)": {
        "nu": 0.8333333333333334,
        "g_c": 0.6785280785476722,
        "quality": 0.0019089542090440811
      },
      "nu=2/3": {
        "nu": 0.6666666666666666,
        "g_c": 0.6976740829369461,
        "quality": 0.0027955558029011908
      },
      "nu=1/2": {
        "nu": 0.5,
        "g_c": 0.7179100234062931,
        "quality": 0.004295480748141086
      },
      "nu=3/2": {
        "nu": 1.5,
        "g_c": 0.6043893693928901,
        "quality": 0.0007145502948516041
      },
      "nu=2": {
        "nu": 2.0,
        "g_c": 0.5509472682975374,
        "quality": 0.0005426803433453082
      },
      "nu=3": {
        "nu": 3.0,
        "g_c": 0.5000057869254071,
        "quality": 0.0007059082261327128
      },
      "nu=4": {
        "nu": 4.0,
        "g_c": 0.5000057869254071,
        "quality": 0.0012393968265847243
      },
      "free_fit": {
        "nu": 2.1783311408129453,
        "g_c": 0.5328205646228528,
        "quality": 0.000535983837397333
      }
    },
    "ranking": [
      [
        "free_fit",
        0.000535983837397333,
        2.1783311408129453,
        0.5328205646228528
      ],
      [
        "nu=2",
        0.0005426803433453082,
        2.0,
        0.5509472682975374
      ],
      [
        "nu=3",
        0.0007059082261327128,
        3.0,
        0.5000057869254071
      ],
      [
        "nu=3/2",
        0.0007145502948516041,
        1.5,
        0.6043893693928901
      ],
      [
        "nu=4",
        0.0012393968265847243,
        4.0,
        0.5000057869254071
      ],
      [
        "Ising (nu=1)",
        0.001373715987128246,
        1.0,
        0.6596829352736341
      ],
      [
        "Potts q=3 (nu=5/6)",
        0.0019089542090440811,
        0.8333333333333334,
        0.6785280785476722
      ],
      [
        "nu=2/3",
        0.0027955558029011908,
        0.6666666666666666,
        0.6976740829369461
      ],
      [
        "nu=1/2",
        0.004295480748141086,
        0.5,
        0.7179100234062931
      ]
    ],
    "optimal_nu": 2.1783311408129453,
    "optimal_gc": 0.5328205646228528
  },
  "broad_region": {
    "optimal_nu": 2.9772736920953413,
    "optimal_gc": 0.42953987763259893,
    "quality": 0.0007301300307008216
  },
  "two_size": {
    "optimal_nu": 2.099049652783589,
    "optimal_gc": 0.4093226284523132,
    "quality": 5.738352801846093e-05
  },
  "crossing_points": {
    "8,12": [
      0.2938856015779093,
      0.3525423728813559,
      0.4059322033898305
    ],
    "8,16": [
      0.41776649746192895
    ],
    "12,16": [
      0.4647058823529413,
      0.5976744186046501,
      0.6040000000000016
    ]
  }
}