{
  "experiment": "081a_sq_dmrg_c_q6",
  "timestamp": "2026-04-02 06:00:55",
  "q": 6,
  "gc": 0.16666666666666666,
  "data": [
    {
      "n": 10,
      "chi_max": 40,
      "chi_used": 40,
      "E0": -10.818384549438449,
      "S_profile": [
        0.4493470519932035,
        0.5743880278935118,
        0.6356389357489406,
        0.6661476997692275,
        0.6755327187435984,
        0.6661477153093229,
        0.6356389580480526,
        0.5743879951792539,
        0.44934703774846735
      ],
      "S_mid": 0.6755327187435984,
      "c_eff": 1.1302120645438982,
      "R2": 0.9999963992837122,
      "s0": 0.32690273006512105,
      "ratio_c_Re_c": 0.9023642627890306,
      "time_s": 48.136422634124756
    },
    {
      "n": 12,
      "chi_max": 30,
      "chi_used": 30,
      "E0": -13.043924486151985,
      "S_profile": [
        0.4509396744361544,
        0.5791211556948755,
        0.6453753325094601,
        0.6832843238792133,
        0.7033961597823218,
        0.7097436570224719,
        0.7033984262209171,
        0.6832840340527635,
        0.6453739902230782,
        0.5791202123778301,
        0.45093944716937057
      ],
      "S_mid": 0.7097436570224719,
      "c_eff": 1.1144904085591048,
      "R2": 0.9999761173996594,
      "s0": 0.3321755021104826,
      "ratio_c_Re_c": 0.8898120516088518,
      "time_s": 204.60925936698914
    }
  ],
  "exact_diag_reference": {
    "n6": {
      "c_eff": 1.146,
      "source": "Sprint 080"
    },
    "n7": {
      "c_eff": 1.148,
      "source": "Sprint 080"
    },
    "n8": {
      "c_eff": 1.147,
      "source": "Sprint 080 exact + DMRG verified"
    }
  },
  "Re_c": 1.2525009147089168,
  "c_eff_drift_pct": -2.749528048943731,
  "all_c_vs_n": [
    [
      6,
      1.146
    ],
    [
      7,
      1.148
    ],
    [
      8,
      1.147
    ],
    [
      10,
      1.1302120645438982
    ],
    [
      12,
      1.1144904085591048
    ]
  ],
  "walking_status": "extends"
}