{
  "all_data": {
    "2": {
      "8": {
        "E0": -10.25166179,
        "gap1": 0.19698281
      },
      "10": {
        "E0": -12.78490644,
        "gap1": 0.15740341
      },
      "12": {
        "E0": -15.32259515,
        "gap1": 0.13108693
      }
    },
    "3": {
      "6": {
        "E0": -6.93303194,
        "gap1": 0.12315625
      },
      "8": {
        "E0": -9.20824074,
        "gap1": 0.09188059
      },
      "10": {
        "E0": -11.48971104,
        "gap1": 0.07329499
      }
    },
    "4": {
      "4": {
        "E0": -4.8196635,
        "gap1": 0.14855367
      },
      "6": {
        "E0": -7.14112845,
        "gap1": 0.09773856
      },
      "8": {
        "E0": -9.48113039,
        "gap1": 0.07263509
      },
      "10": {
        "E0": -11.828263640863677,
        "gap1": 0.057602836080988595
      }
    },
    "5": {
      "4": {
        "E0": -5.00465729,
        "gap1": 0.11815324
      },
      "6": {
        "E0": -7.41362725,
        "gap1": 0.07952976
      },
      "8": {
        "E0": -9.842652689412091,
        "gap1": 0.060431811531977075
      }
    },
    "7": {
      "4": {
        "E0": -5.47635652,
        "gap1": 0.08448796
      },
      "6": {
        "E0": -8.12341021,
        "gap1": 0.05947065
      }
    },
    "10": {
      "4": {
        "E0": -6.39315198,
        "gap1": 0.06049933
      }
    }
  },
  "pairwise": {
    "2": [
      {
        "n1": 8,
        "n2": 10,
        "vc": 1.0074142053554043,
        "vx1_avg": 0.25066080546762787,
        "cx1": 4.019033623848739,
        "x1": 0.12440801615418833
      },
      {
        "n1": 10,
        "n2": 12,
        "vc": 1.0048939048428112,
        "vx1_avg": 0.2504364511105489,
        "cx1": 4.012570456044459,
        "x1": 0.12460840388405132
      }
    ],
    "3": [
      {
        "n1": 6,
        "n2": 8,
        "vc": 0.7033010443798352,
        "vx1_avg": 0.11729577817128278,
        "cx1": 5.995962133887122,
        "x1": 0.13342312411859214
      },
      {
        "n1": 8,
        "n2": 10,
        "vc": 0.6990894880947146,
        "vx1_avg": 0.11681930010265426,
        "cx1": 5.984366345975313,
        "x1": 0.1336816554584809
      }
    ],
    "4": [
      {
        "n1": 4,
        "n2": 6,
        "vc": 0.8100871502522605,
        "vx1_avg": 0.09395282665393578,
        "cx1": 8.622275445060547,
        "x1": 0.11597866553577468
      },
      {
        "n1": 6,
        "n2": 8,
        "vc": 0.7931217717170935,
        "vx1_avg": 0.09290765932575018,
        "cx1": 8.536667240063304,
        "x1": 0.11714173363896804
      },
      {
        "n1": 8,
        "n2": 10,
        "vc": 0.7859910285906629,
        "vx1_avg": 0.09207981495370637,
        "cx1": 8.535975327337747,
        "x1": 0.11715122896353149
      }
    ],
    "5": [
      {
        "n1": 4,
        "n2": 6,
        "vc": 0.8558493810226018,
        "vx1_avg": 0.07558200765738239,
        "cx1": 11.323453921761597,
        "x1": 0.09714350476456678
      },
      {
        "n1": 6,
        "n2": 8,
        "vc": 0.8286667752582578,
        "vx1_avg": 0.07644474938198412,
        "cx1": 10.840074458450005,
        "x1": 0.10147531774032541
      }
    ],
    "7": [
      {
        "n1": 4,
        "n2": 6,
        "vc": 0.8353685233511206,
        "vx1_avg": 0.05528849668066474,
        "cx1": 15.109264557798369,
        "x1": 0.08603992570432747
      }
    ],
    "10": []
  },
  "summary": {
    "2": {
      "c": 0.5,
      "x1": 0.12460840388405132,
      "cx1": 4.012570456044459
    },
    "3": {
      "c": 0.8,
      "x1": 0.1336816554584809,
      "cx1": 5.984366345975313
    },
    "4": {
      "c": 1.0,
      "x1": 0.11715122896353149,
      "cx1": 8.535975327337747
    },
    "5": {
      "c": 1.1,
      "x1": 0.10147531774032541,
      "cx1": 10.840074458450005
    },
    "7": {
      "c": 1.3,
      "x1": 0.08603992570432747,
      "cx1": 15.109264557798369
    },
    "10": {
      "c": 1.4,
      "x1": null,
      "cx1": null
    }
  }
}