{
  "q": 5,
  "hybrid": {
    "gc": 0.441,
    "slopes": {
      "4": 3.9901540986264195,
      "6": 6.15787277928348,
      "8": 8.426699833680118
    },
    "gaps_at_gc": {
      "4": 0.4726129605185072,
      "6": 0.47717853724626913,
      "8": 0.4834544922567261
    },
    "nu_pairs": {
      "(4, 6)": 0.9344634027066004,
      "(4, 8)": 0.9271937156171068,
      "(6, 8)": 0.9171376377931976,
      "(4,6)_corr": 0.8196220742547733,
      "(4,8)_corr": 0.8249648302102007,
      "(6,8)_corr": 0.8326143873043412
    }
  },
  "clock": {
    "gc": 0.52,
    "slopes": {
      "4": 2.288442009064795,
      "6": 2.667865397923208,
      "8": 2.9486918647833704
    },
    "gaps_at_gc": {
      "4": 0.5951460743863244,
      "6": 0.5949395199755152,
      "8": 0.5964749970458172
    },
    "nu_pairs": {
      "(4, 6)": 2.6430603350826622,
      "(4, 8)": 2.7344120026688232,
      "(6, 8)": 2.8744360891413248,
      "(4,6)_corr": 1.892896393559399,
      "(4,8)_corr": 2.0025674844089694,
      "(6,8)_corr": 2.180636914072988
    }
  }
}