{
  "sprint": "048d",
  "q": 10,
  "data": [
    {
      "g": 0.2,
      "n": 8,
      "chi": 20,
      "cv": 0.6009680744842619,
      "E0": -7.409390725955826,
      "mi_mean": 1.2639582689126472,
      "time": 127.70811080932617,
      "status": "ok"
    },
    {
      "g": 0.2,
      "n": 8,
      "chi": 30,
      "cv": 0.588331374130455,
      "E0": -7.409414812231535,
      "mi_mean": 1.5118713681236675,
      "time": 190.50612139701843,
      "status": "ok"
    },
    {
      "g": 0.2,
      "n": 8,
      "chi": 40,
      "cv": 0.3696122046320555,
      "E0": -7.409442189657474,
      "mi_mean": 1.8244473439045044,
      "time": 262.847128868103,
      "status": "ok"
    },
    {
      "g": 0.2,
      "n": 12,
      "chi": 20,
      "cv": 0.4805556853369386,
      "E0": -11.571679102261863,
      "mi_mean": 0.8989059084545158,
      "time": 95.717529296875,
      "status": "ok"
    }
  ]
}