{
  "experiment": "081c_walking_comparison",
  "timestamp": "2026-04-02 06:12:28",
  "drift_8_12": {
    "q5": 0.9992111490928282,
    "q6": -2.8588860803625855,
    "q7": -4.645300684191582
  },
  "q6_classification": "marginal_breaking",
  "q6_ratio_n12": 0.8898197094403014,
  "q6_breakdown_n_extrapolated": 37.76692077677124,
  "data": {
    "5": {
      "Re_c": 1.137547336647226,
      "c_eff": {
        "6": 1.1331,
        "8": 1.1409,
        "10": 1.1336,
        "12": 1.1523,
        "16": 1.1507,
        "20": 1.147
      },
      "gapN": {
        "8": 1.8844,
        "12": 2.0027
      },
      "dc_dlnn": 0.013889725232549126,
      "xi_star": ">20"
    },
    "6": {
      "Re_c": 1.2525009147089168,
      "c_eff": {
        "6": 1.1459,
        "7": 1.148,
        "8": 1.1473,
        "10": 1.1302,
        "12": 1.1145
      },
      "gapN": {
        "10": 2.1007
      },
      "dc_dlnn": -0.048032834666174765,
      "xi_star": ">12"
    },
    "7": {
      "Re_c": 1.3512522747656739,
      "c_eff": {
        "6": 1.1206,
        "8": 1.1108,
        "12": 1.0592
      },
      "gapN": {},
      "dc_dlnn": -0.0911202145130526,
      "xi_star": 6
    },
    "8": {
      "Re_c": 1.4377917398838593,
      "c_eff": {
        "7": 1.062
      },
      "gapN": {},
      "dc_dlnn": null,
      "xi_star": null
    },
    "9": {
      "Re_c": 1.514785649099948,
      "c_eff": {
        "6": 1.012
      },
      "gapN": {},
      "dc_dlnn": null,
      "xi_star": null
    },
    "10": {
      "Re_c": 1.5841074666315276,
      "c_eff": {
        "6": 0.946
      },
      "gapN": {},
      "dc_dlnn": null,
      "xi_star": null
    }
  }
}