{
  "experiment": "128d_q4_log_corrections_exact",
  "sprint": 128,
  "timestamp": "2026-04-10 00:26:05",
  "models": {
    "pure_power": {
      "params": {
        "A": {
          "value": 1.0879185052572637,
          "stderr": 0.01711577003466814
        },
        "alpha": {
          "value": 1.7944688017776287,
          "stderr": 0.006937104977600803
        }
      },
      "r_squared": 0.999969560925166,
      "log_r_squared": 0.9998330415026834,
      "aic": -20.762462565766345,
      "bic": -21.178943627310236,
      "n_params": 2,
      "residuals": [
        -0.25172206061924207,
        0.038328101453103613,
        0.1165710304718175,
        0.08477279042530483,
        0.009881239929697472,
        -0.10523226105004824
      ]
    },
    "log_corrected_alpha2": {
      "params": {
        "A": {
          "value": 0.9561920908447684,
          "stderr": 0.025565714610792326
        },
        "p": {
          "value": 0.41312685773075053,
          "stderr": 0.03272086223951161
        }
      },
      "r_squared": 0.9998342308782106,
      "log_r_squared": 0.9992654860966598,
      "aic": -10.59324947641564,
      "bic": -11.00973053795953,
      "n_params": 2,
      "residuals": [
        -0.5285069215192362,
        0.08530576669393497,
        0.30339327177801323,
        0.23468713070570146,
        0.035009115968918536,
        -0.3034930570873371
      ]
    },
    "log_corrected_free": {
      "params": {
        "A": {
          "value": 1.1916877188271067,
          "stderr": 0.010737322557817631
        },
        "alpha": {
          "value": 1.6428417320480977,
          "stderr": 0.014288731564181995
        },
        "p": {
          "value": -0.3098096880641812,
          "stderr": 0.029107778063601243
        }
      },
      "r_squared": 0.9999992229216721,
      "log_r_squared": 0.999998199602039,
      "aic": -40.77011015621403,
      "bic": -41.39483174852987,
      "n_params": 3,
      "residuals": [
        -0.01946455786870871,
        0.03546924094158754,
        -0.0023875411495311027,
        -0.01777023235534614,
        -0.014617662479068372,
        0.017279864320158822
      ]
    },
    "power_plus_correction": {
      "params": {
        "A": {
          "value": 1.188808539389099,
          "stderr": 0.00394468844675295
        },
        "alpha": {
          "value": 1.7601231980320264,
          "stderr": 0.0013089517834910557
        },
        "B": {
          "value": -0.93212913047844,
          "stderr": 0.03219886137911463
        }
      },
      "r_squared": 0.999999881347508,
      "log_r_squared": 0.9999997845087139,
      "aic": -52.04616315856538,
      "bic": -52.670884750881214,
      "n_params": 3,
      "residuals": [
        -0.005959632359768818,
        0.013583238112627072,
        -0.0013803699395396052,
        -0.007632985197034259,
        -0.0061597342864843085,
        0.00768887138467278
      ]
    }
  },
  "data": {
    "sizes": [
      4,
      6,
      8,
      9,
      10,
      11
    ],
    "chi_F_exact": [
      12.839320515101171,
      27.1380295235879,
      45.52779116484551,
      56.1837284634375,
      67.78420076902769,
      80.31087533383834
    ]
  },
  "aic_ranking": [
    {
      "model": "Power+1/N^2",
      "aic": -52.04616315856538,
      "daic": 0.0
    },
    {
      "model": "Log free",
      "aic": -40.77011015621403,
      "daic": 11.276053002351347
    },
    {
      "model": "Pure power",
      "aic": -20.762462565766345,
      "daic": 31.283700592799033
    },
    {
      "model": "Log alpha=2",
      "aic": -10.59324947641564,
      "daic": 41.45291368214974
    }
  ]
}