{
  "experiment": "102a_fidelity_suscept",
  "timestamp": "2026-04-02 14:35:34",
  "data": {
    "2": {
      "g_c": 0.5,
      "sizes": {
        "6": {
          "dim": 64,
          "g_vals": [
            0.35,
            0.3625,
            0.375,
            0.38749999999999996,
            0.39999999999999997,
            0.4125,
            0.425,
            0.4375,
            0.45,
            0.4625,
            0.475,
            0.48750000000000004,
            0.5,
            0.5125,
            0.525,
            0.5375,
            0.55,
            0.5625,
            0.575,
            0.5875,
            0.6000000000000001,
            0.6125,
            0.625,
            0.6375,
            0.65
          ],
          "chi_F": [
            0.6217213817845864,
            0.6491303901808483,
            0.6737255753286319,
            0.6945187795241262,
            0.7105833551198277,
            0.7211269618482654,
            0.7255598566402454,
            0.7235492501441361,
            0.7150510628051164,
            0.7003140585955709,
            0.679855397904087,
            0.654411950555082,
            0.6248749702860341,
            0.5922178858419612,
            0.5574264198375071,
            0.5214387995463217,
            0.4851004116919928,
            0.4491348367293331,
            0.4141301671959733,
            0.38053796780346255,
            0.34868212761551826,
            0.3187730820049713,
            0.29092574275561367,
            0.26517790555994714,
            0.24150784335337977
          ],
          "g_peak": 0.425,
          "chi_peak": 0.7255598566402454,
          "width_FWHM": 0.23750000000000004,
          "time_s": 0.16714978218078613
        },
        "8": {
          "dim": 256,
          "g_vals": [
            0.35,
            0.3625,
            0.375,
            0.38749999999999996,
            0.39999999999999997,
            0.4125,
            0.425,
            0.4375,
            0.45,
            0.4625,
            0.475,
            0.48750000000000004,
            0.5,
            0.5125,
            0.525,
            0.5375,
            0.55,
            0.5625,
            0.575,
            0.5875,
            0.6000000000000001,
            0.6125,
            0.625,
            0.6375,
            0.65
          ],
          "chi_F": [
            0.619490814202095,
            0.6694409054874839,
            0.7213084768364908,
            0.7733775397866793,
            0.8234393195083456,
            0.8688915753563009,
            0.906938399380941,
            0.9348814000720296,
            0.9504635883894608,
            0.9521976096493745,
            0.9396016992235801,
            0.9132798822752974,
            0.8748248930823266,
            0.8265706785692828,
            0.771259142662295,
            0.7116989747535385,
            0.650482342989811,
            0.5897950572375521,
            0.5313262468886748,
            0.47626168286907244,
            0.4253340346593859,
            0.37890276749497076,
            0.3370433043770049,
            0.2996301845525906,
            0.2664079012948406
          ],
          "g_peak": 0.4625,
          "chi_peak": 0.9521976096493745,
          "width_FWHM": 0.23750000000000004,
          "time_s": 1.0005652904510498
        },
        "10": {
          "dim": 1024,
          "g_vals": [
            0.35,
            0.3625,
            0.375,
            0.38749999999999996,
            0.39999999999999997,
            0.4125,
            0.425,
            0.4375,
            0.45,
            0.4625,
            0.475,
            0.48750000000000004,
            0.5,
            0.5125,
            0.525,
            0.5375,
            0.55,
            0.5625,
            0.575,
            0.5875,
            0.6000000000000001,
            0.6125,
            0.625,
            0.6375,
            0.65
          ],
          "chi_F": [
            0.585776949169059,
            0.6446467182286142,
            0.7113971434158373,
            0.7852304007016642,
            0.8642557292048991,
            0.9452268390219842,
            1.0234523672991713,
            1.093024770693063,
            1.1474711691938921,
            1.180795581312566,
            1.188689724429537,
            1.1695283075319196,
            1.1247747289111487,
            1.0586309606708255,
            0.9770744657799924,
            0.8866494050074891,
            0.7933998458220515,
            0.7021850567667798,
            0.6164199306546436,
            0.5381442713670026,
            0.4682758758534078,
            0.40692214264836934,
            0.35366926498525686,
            0.30781270643487346,
            0.26852177814618017
          ],
          "g_peak": 0.475,
          "chi_peak": 1.188689724429537,
          "width_FWHM": 0.21249999999999997,
          "time_s": 3.3059234619140625
        },
        "12": {
          "dim": 4096,
          "g_vals": [
            0.35,
            0.3625,
            0.375,
            0.38749999999999996,
            0.39999999999999997,
            0.4125,
            0.425,
            0.4375,
            0.45,
            0.4625,
            0.475,
            0.48750000000000004,
            0.5,
            0.5125,
            0.525,
            0.5375,
            0.55,
            0.5625,
            0.575,
            0.5875,
            0.6000000000000001,
            0.6125,
            0.625,
            0.6375,
            0.65
          ],
          "chi_F": [
            0.5525029933561852,
            0.6111189184328698,
            0.681726125550952,
            0.7654710828160678,
            0.8624621442946769,
            0.9709777297010427,
            1.0865861876929725,
            1.2014974922388195,
            1.3046691874999774,
            1.3831933709518294,
            1.4250589782290506,
            1.4225394473488249,
            1.3747245675155282,
            1.2878569544128025,
            1.1732838922640096,
            1.0441350210369884,
            0.9122781844765151,
            0.7865435266059724,
            0.6723166764051787,
            0.5720406555849895,
            0.4860732705225245,
            0.41352025322479347,
            0.352874290898697,
            0.30243546926082365,
            0.2605529939951149
          ],
          "g_peak": 0.475,
          "chi_peak": 1.4250589782290506,
          "width_FWHM": 0.17500000000000004,
          "time_s": 10.90426778793335
        },
        "14": {
          "dim": 16384,
          "g_vals": [
            0.35,
            0.3625,
            0.375,
            0.38749999999999996,
            0.39999999999999997,
            0.4125,
            0.425,
            0.4375,
            0.45,
            0.4625,
            0.475,
            0.48750000000000004,
            0.5,
            0.5125,
            0.525,
            0.5375,
            0.55,
            0.5625,
            0.575,
            0.5875,
            0.6000000000000001,
            0.6125,
            0.625,
            0.6375,
            0.65
          ],
          "chi_F": [
            0.5281431450906585,
            0.5826846449785705,
            0.6509653022972778,
            0.7360355309365169,
            0.840617502590695,
            0.9660687599095346,
            1.110729310114879,
            1.2678197285660124,
            1.4236786051645212,
            1.5578959424088012,
            1.6470018476028818,
            1.6717195722953142,
            1.6246742554467832,
            1.5137271880405478,
            1.358544787777305,
            1.1828536182280556,
            1.007214093081846,
            0.8453794933923777,
            0.7041958286332519,
            0.5853742236970406,
            0.4875888296293088,
            0.4081224517068652,
            0.3438981353655533,
            0.29201693127082046,
            0.24997951169376212
          ],