{
  "experiment": "096a_spectrum_vs_nA_q2",
  "timestamp": "2026-04-02 11:06:18",
  "q": 2,
  "n": 14,
  "g_c": 0.5,
  "data": {
    "nA3": {
      "nA": 3,
      "dimA": 8,
      "ratio_nA_n": 0.21428571428571427,
      "S_vN": 0.6489419795878923,
      "lev0_weight": 0.7447149717410083,
      "lev1_weight": 0.23597852192891836,
      "tail_weight": 0.019306506330073244,
      "pct_S_lev0": 0.33825444602184546,
      "pct_S_lev1": 0.525095332055466,
      "pct_S_tail": 0.1366502219226886,
      "ent_gap": 1.1492607647986026,
      "n_significant": 8,
      "participation": 1.6379636387540253,
      "R2": 0.9998284241112342,
      "one_minus_R2": 0.00017157588876581809,
      "alpha": 6.443763649056167,
      "top_10_schmidt": [
        0.7447149717410083,
        0.23597852192891836,
        0.014389026017357285,
        0.004559463983428052,
        0.00026671560909175045,
        8.451442175482721e-05,
        5.153351260685753e-06,
        1.632947180648062e-06
      ],
      "time": 0.04697060585021973
    },
    "nA4": {
      "nA": 4,
      "dimA": 16,
      "ratio_nA_n": 0.2857142857142857,
      "S_vN": 0.6867689642259267,
      "lev0_weight": 0.7293676770984894,
      "lev1_weight": 0.2450373226284536,
      "tail_weight": 0.025595000273057007,
      "pct_S_lev0": 0.33515185728551067,
      "pct_S_lev1": 0.5017800285310848,
      "pct_S_tail": 0.16306811418340444,
      "ent_gap": 1.0907674268210452,
      "n_significant": 10,
      "participation": 1.6880376202640686,
      "R2": 0.9997356122701028,
      "one_minus_R2": 0.0002643877298972308,
      "alpha": 6.478583183191979,
      "top_10_schmidt": [
        0.7293676770984894,
        0.2450373226284536,
        0.01855089938133818,
        0.006232333649382509,
        0.0005864621407894493,
        0.00019702698284311272,
        1.4916208253193145e-05,
        6.090768714915102e-06,
        5.011228011448777e-06,
        2.046245954561435e-06
      ],
      "time": 0.0004928112030029297
    },
    "nA5": {
      "nA": 5,
      "dimA": 32,
      "ratio_nA_n": 0.35714285714285715,
      "S_vN": 0.7104519670372015,
      "lev0_weight": 0.7199496768366401,
      "lev1_weight": 0.25017953142563526,
      "tail_weight": 0.029870791737724625,
      "pct_S_lev0": 0.332966518830605,
      "pct_S_lev1": 0.4879188092832008,
      "pct_S_tail": 0.1791146718861942,
      "ent_gap": 1.0570025304491018,
      "n_significant": 10,
      "participation": 1.7199117155832349,
      "R2": 0.9991009984187188,
      "one_minus_R2": 0.0008990015812812002,
      "alpha": 6.459883101483643,
      "top_10_schmidt": [
        0.7199496768366401,
        0.25017953142563526,
        0.021269788457501413,
        0.007391163411866497,
        0.0008569423368117783,
        0.0002977839134873282,
        2.5317022579065325e-05,
        1.5028513960029019e-05,
        8.797560509688699e-06,
        5.222346368791724e-06
      ],
      "time": 0.0017206668853759766
    },
    "nA6": {
      "nA": 6,
      "dimA": 64,
      "ratio_nA_n": 0.42857142857142855,
      "S_vN": 0.7236201314693945,
      "lev0_weight": 0.7147774550244468,
      "lev1_weight": 0.25286789687636,
      "tail_weight": 0.03235464809919319,
      "pct_S_lev0": 0.33168073768892176,
      "pct_S_lev1": 0.48045243689331274,
      "pct_S_tail": 0.1878668254177655,
      "ent_gap": 1.0391040369033901,
      "n_significant": 10,
      "participation": 1.7378137631548614,
      "R2": 0.8094810778305828,
      "one_minus_R2": 0.19051892216941724,
      "alpha": 7.53020252262558,
      "top_10_schmidt": [
        0.7147774550244468,
        0.25286789687636,
        0.022811109367289587,
        0.008069920519423568,
        0.0010322032655494878,
        0.00036516410397901785,
        3.294130419783707e-05,
        2.2413043577144975e-05,
        1.165369480290381e-05,
        7.929096185245435e-06
      ],
      "time": 0.01069951057434082
    },
    "nA7": {
      "nA": 7,
      "dimA": 128,
      "ratio_nA_n": 0.5,
      "S_vN": 0.7278576537958655,
      "lev0_weight": 0.713122808761272,
      "lev1_weight": 0.25370760082946037,
      "tail_weight": 0.033169590409267806,
      "pct_S_lev0": 0.3312570576924049,
      "pct_S_lev1": 0.4780858675607998,
      "pct_S_tail": 0.19065707474679533,
      "ent_gap": 1.0334712218166147,
      "n_significant": 10,
      "participation": 1.743602506105564,
      "R2": 0.6044105998119934,
      "one_minus_R2": 0.3955894001880066,
      "alpha": 5.08556655167828,
      "top_10_schmidt": [
        0.713122808761272,
        0.25370760082946037,
        0.02331095326791409,
        0.008293334547696464,
        0.0010924710921144801,
        0.00038866828595396987,
        3.571130002007179e-05,
        2.522139703077597e-05,
        1.270500415819884e-05,
        8.973012855055804e-06
      ],
      "time": 0.7251346111297607
    }
  },
  "E0": -15.931404270380462,
  "correlation_tail_R2": {
    "slope": 13.454556925407134,
    "R2": 0.6502123989535982
  },
  "correlation_gap_R2": {
    "slope": -63.56580826143838,
    "R2": 0.6643294834383315
  }
}