{
  "sprint": "048a",
  "q": 10,
  "n": 8,
  "chi_max": 20,
  "data": [
    {
      "g": 0.15,
      "cv": 0.5969336983992327,
      "E0": -7.227808980661301,
      "mi_mean": 1.141538901230223,
      "mi_vals": [
        5.565872422508278e-06,
        0.9681289048760804,
        1.558350215894408,
        1.7844600947709943,
        1.8430992858917228,
        1.8464246002381786,
        1.788245589346534,
        3.21119317803209e-08,
        0.9855428229615946,
        1.5815164596589022,
        1.8025330181868702,
        1.868212061650787,
        1.8464260389384464,
        1.737925359179826e-10,
        0.9899745188487725,
        1.5868935712833925,
        1.8025004721553706,
        1.8430957113463102,
        0,
        0.9899647794795179,
        1.5814088299122528,
        1.7844554054411175,
        1.7532997276248352e-10,
        0.9854308912565468,
        1.5584040172769837,
        3.2123801396721774e-08,
        0.9680107488586183,
        5.565715565758467e-06
      ],
      "time_dmrg": 102.53205490112305,
      "time_mi": 5.842243909835815,
      "status": "ok"
    },
    {
      "g": 0.2,
      "cv": 0.6009733229306214,
      "E0": -7.409390692911529,
      "mi_mean": 1.2640869441904408,
      "mi_vals": [
        3.1916006504317807e-06,
        1.0577955357842699,
        1.6774151558090473,
        1.9659386907184326,
        2.079450850832499,
        2.095268370313721,
        2.011195113277269,
        5.305498973484646e-08,
        1.0854815122463752,
        1.7168978867516724,
        2.0009957387324606,
        2.1102772153185385,
        2.095268380803228,
        8.127285511250193e-10,
        1.0938685232122642,
        1.7267314345762084,
        2.0009956221866645,
        2.0794505784312842,
        0,
        1.0938684648428367,
        1.7168979584157742,
        1.9659385924950947,
        8.12862666066394e-10,
        1.0854816466166146,
        1.67741532968305,
        5.3037020997237505e-08,
        1.0577953454420315,
        3.1915247555858173e-06
      ],
      "time_dmrg": 109.00132203102112,
      "time_mi": 5.790528297424316,
      "status": "ok"
    },
    {
      "g": 0.22,
      "cv": 0.6067459279652564,
      "E0": -7.498186004860187,
      "mi_mean": 1.1973860235205331,
      "mi_vals": [
        3.6859522225540786e-06,
        0.9789124541633925,
        1.5712132185018652,
        1.8646219206190784,
        1.9944554458878692,
        2.0177920417089847,
        1.9298137572055385,
        9.082787144620852e-08,
        1.00799104911881,
        1.6148316677480414,
        1.9052052234058725,
        2.0265328202767687,
        2.0177925425574843,
        1.5403012199044497e-09,
        1.017229818261049,
        1.6259453901486554,
        1.9052038407239995,
        1.9944533441836176,
        0,
        1.017229316952021,
        1.6148310264585368,
        1.8646216603378942,
        1.5435412947795157e-09,
        1.0079916098555293,
        1.571215234322719,
        9.076162665877519e-08,
        0.9789177194588956,
        3.686052735041301e-06
      ],
      "time_dmrg": 69.3525812625885,
      "time_mi": 5.815810441970825,
      "status": "ok"
    },
    {
      "g": 0.24,
      "cv": 0.6107069469795419,
      "E0": -7.59683982355694,
      "mi_mean": 1.1392846578738298,
      "mi_vals": [
        4.1705741127273654e-06,
        0.917628860054506,
        1.4801069828637576,
        1.7718419545716597,
        1.9135254877875907,
        1.9453762014585307,
        1.8568034427920512,
        1.4617168186958907e-07,
        0.9477076798186861,
        1.527116357375276,
        1.8172510213536666,
        1.9475345148911583,
        1.9453759263790324,
        2.340504678954858e-09,
        0.9576029007225744,
        1.5393116190602445,
        1.8172503908035638,
        1.913525208884252,
        0,
        0.957603279232099,
        1.5271154775234712,
        1.7718417388073413,
        2.3416406591536543e-09,
        0.9477072953076515,
        1.4801063126905585,
        1.4714029994422617e-07,
        0.9176291288128606,
        4.170708458595129e-06
      ],
      "time_dmrg": 76.64486813545227,
      "time_mi": 5.821682929992676,
      "status": "ok"
    },
    {
      "g": 0.25,
      "cv": 0.6126794545843715,
      "E0": -7.650026006155077,
      "mi_mean": 1.1036907840076406,
      "mi_vals": [
        4.3505044855507435e-06,
        0.8824512209649447,
        1.4274409916034614,
        1.7153715775945053,
        1.8604603464756075,
        1.8963729121414632,
        1.8088923876416896,
        1.8848671068383283e-07,
        0.9125170066887076,
        1.4755058828448524,
        1.7626354276620373,
        1.895616076467372,
        1.8963718417087474,
        2.7891928766621277e-09,
        0.9225713317895683,
        1.4881247224359773,
        1.762631211508781,
        1.860449128424488,
        0,
        0.9225754425958788,
        1.4755121045232813,
        1.7153752970704046,
        2.784586783377563e-09,
        0.912527406134664,
        1.4274589652464207,
        1.905287723147353e-07,
        0.8824715846567575,
        4.3509405793784595e-06
      ],
      "time_dmrg": 62.25469088554382,
      "time_mi": 5.840482950210571,
      "status": "ok"
    },
    {
      "g": 0.26,
      "cv": 0.6139024937659714,
      "E0": -7.705890662021402,
      "mi_mean": 1.0716705966285525,
      "mi_vals": [
        4.525805799460159e-06,
        0.8531936922455117,
        1.380039078203657,
        1.6631078995763233,
        1.8104882537627462,
        1.8505296395158037,
        1.7650648239371982,
        1.8292616932313877e-07,
        0.8832942301687599,
        1.42928749472757,
        1.7118963309677597,
        1.846757546653699,
        1.8504811661966403,
        3.974100160064609e-09,
        0.8935415435119771,
        1.4424007282011901,
        1.7119735295463432,
        1.8104764890696252,
        1.3491430195244902e-12,
        0.893613776045334,
        1.4295942082774897,
        1.6633389179480753,
        3.6645122492018345e-09,
        0.8834813981650207,
        1.380757111859202,
        2.3115208325208414e-07,
        0.8534493459370571,
        4.553558470732355e-06
      ],
      "time_dmrg": 107.1951961517334,
      "time_mi": 5.881380558013916,
      "status": "ok"
    },
    {
      "g": 0.28,
      "cv": 0.6161114080185865,
      "E0": -7.825970935032417,
      "mi_mean": 0.9983556833173483,
      "mi_vals": [
        4.836759410764557e-06,
        0.7890659770936823,
        1.2780440673087474,
        1.5455718358372144,
        1.6921604803289427,
        1.7380578495303274,
        1.6583623295251755,
        3.3541840149808877e-07,
        0.8180265926842418,
        1.327263207906432,
        1.5960573561263933,
        1.730513418958116,
        1.7380576955539202,
        3.4778508961608168e-09,
        0.8280058108664243,
        1.340561545702263,
        1.5960580298672387,
        1.6921630299126922,
        8.881784197001252e-16,
        0.8280069481607475,
        1.3272621961988005,
        1.5455718804798297,
        3.4851854735507004e-09,
        0.8180275984888934,
        1.2780444902269696,
        3.313661309789495e-07,
        0.7890664447348419,
        4.836886874137747e-06
      ],
      "time_dmrg": 92.84745383262634,
      "time_mi": 5.780570030212402,
      "status": "ok"
    },
    {
      "g": 0.3,
      "cv": 0.6165280378112886,
      "E0": -7.957747825212808,
      "mi_mean": 0.9284177105309024,