{
  "experiment": "090b_q4_tail_scaling",
  "timestamp": "2026-04-02 09:10:02",
  "power_law": {
    "2": {
      "b": 1.975601033080044,
      "b_err": 0.1373697630390484,
      "R2": 0.985702798092786,
      "n_range": "8-24",
      "npts": 5
    },
    "3": {
      "b": 2.0128129304996047,
      "b_err": 0.13779866923788678,
      "R2": 0.9861343396772777,
      "n_range": "8-24",
      "npts": 5
    },
    "4": {
      "b": 2.0243595593788783,
      "b_err": 0.13769135382366846,
      "R2": 0.986310955654817,
      "n_range": "8-24",
      "npts": 5
    },
    "5": {
      "b": 2.012265391808894,
      "b_err": 0.1381613398831239,
      "R2": 0.9860547962546865,
      "n_range": "8-24",
      "npts": 5
    },
    "7": {
      "b": 2.0653379686754496,
      "b_err": 0.1406615903186922,
      "R2": 0.9862757571372472,
      "n_range": "8-16",
      "npts": 5
    },
    "mean_b": 2.018075376688574,
    "std_b": 0.028770688843238988
  },
  "c_eff": {
    "pairs": [
      {
        "n1": 8,
        "n2": 12,
        "c_eff": 1.2463010918516986,
        "ratio": 1.2463010918516986
      },
      {
        "n1": 12,
        "n2": 16,
        "c_eff": 1.159142986832761,
        "ratio": 1.159142986832761
      },
      {
        "n1": 16,
        "n2": 20,
        "c_eff": 1.1184326762048074,
        "ratio": 1.1184326762048074
      },
      {
        "n1": 20,
        "n2": 24,
        "c_eff": 1.0946118128562383,
        "ratio": 1.0946118128562383
      }
    ],
    "drift_rate": -0.18849969647607798
  },
  "M_at_16": {
    "2": {
      "M": 0.6760309085497495,
      "ratio": 1.352061817099499
    },
    "3": {
      "M": 0.7240305480762469,
      "ratio": 1.0860458221143705
    },
    "4": {
      "M": 0.7520738564198993,
      "ratio": 1.002765141893199
    },
    "5": {
      "M": 0.7711724903055982,
      "ratio": 0.9639656128819977
    },
    "7": {
      "M": 0.797032093558644,
      "ratio": 0.929870775818418
    }
  },
  "q_cross": 4.0712674087461425
}