{
  "experiment": "041b2",
  "model": "q=5 clock",
  "n": 8,
  "chi_max": 15,
  "data": {
    "1.05": {
      "cv": 0.5651456520110799,
      "time": 16.29414391517639
    },
    "1.1": {
      "cv": 0.6102624141866101,
      "time": 16.270230054855347
    },
    "1.3": {
      "cv": 0.7940972530549149,
      "time": 17.149136304855347
    }
  },
  "total_runtime": 49.722190618515015
}