{
  "experiment": "098a_casimir_gpu_extended",
  "timestamp": "2026-04-02 11:51:13",
  "data": {
    "2": {
      "q": 2,
      "gc": 0.5,
      "sizes": [
        6,
        8,
        10,
        12,
        14
      ],
      "E0_per_N": [
        -1.1439505508593808,
        -1.1407288619353766,
        -1.1392453221499639,
        -1.1384414646283656,
        -1.1379574478843224
      ],
      "E0_raw": [
        -6.863703305156284,
        -9.125830895483013,
        -11.392453221499638,
        -13.661297575540388,
        -15.931404270380513
      ],
      "gaps": [
        0.13165249758739783,
        0.09849140335715845,
        0.07870170682461364,
        0.06554346281525802,
        0.05615879541073099
      ],
      "gap_N": [
        0.789914985524387,
        0.7879312268572676,
        0.7870170682461364,
        0.7865215537830963,
        0.7862231357502338
      ],
      "fit_2param": {
        "eps_inf": -1.1366045969178264,
        "slope": -0.26433701565267026,
        "vc_casimir": 0.5048465121993861,
        "v_gap": 1.0173276294947966,
        "c_implied": 0.49624771564504955,
        "c_imp_over_rec": 0.9924954312900991,
        "R2": 0.9999968811098272,
        "rec": 0.5
      },
      "fit_3param": {
        "vc": 0.4999759694202947,
        "c_implied": 0.4914601303697827,
        "c_imp_over_rec": 0.9829202607395654,
        "R2": 0.9999999999971744,
        "coeff_N4": -0.07630314221133849
      },
      "pairwise": [
        {
          "pair": "(6,8)",
          "vc": 0.5063017460557288,
          "v_pair": 1.019537801388583,
          "c_implied": 0.4965992878009618,
          "c_imp_over_rec": 0.9931985756019236
        },
        {
          "pair": "(8,10)",
          "vc": 0.5037070722601023,
          "v_pair": 1.0183549325940175,
          "c_implied": 0.4946282049000617,
          "c_imp_over_rec": 0.9892564098001234
        },
        {
          "pair": "(10,12)",
          "vc": 0.502447018008306,
          "v_pair": 1.017713765308112,
          "c_implied": 0.49370170192813556,
          "c_imp_over_rec": 0.9874034038562711
        },
        {
          "pair": "(12,14)",
          "vc": 0.5017379873426208,
          "v_pair": 1.0173276294947966,
          "c_implied": 0.4931921367276569,
          "c_imp_over_rec": 0.9863842734553138
        }
      ],
      "c_eff": 0.5,
      "c_eff_over_rec": 1.0
    },
    "3": {
      "q": 3,
      "gc": 0.3333333333333333,
      "sizes": [
        4,
        6,
        8,
        10,
        12
      ],
      "E0_per_N": [
        -1.16849324333775,
        -1.155505323952943,
        -1.1510300923315913,
        -1.148971104415195,
        -1.1478559568560203
      ],
      "E0_raw": [
        -4.673972973351,
        -6.9330319437176575,
        -9.20824073865273,
        -11.48971104415195,
        -13.774271482272244
      ],
      "gaps": [
        0.18709798621216933,
        0.12315624605136666,
        0.09188058687196587,
        0.07329498553257707,
        0.06097038653271092
      ],
      "gap_N": [
        0.7483919448486773,
        0.7389374763082,
        0.735044694975727,
        0.7329498553257707,
        0.731644638392531
      ],
      "fit_2param": {
        "eps_inf": -1.1452388726118081,
        "slope": -0.37169222883900094,
        "vc_casimir": 0.7098798663428512,
        "v_gap": 0.8821580362640425,
        "c_implied": 0.8047082689958899,
        "c_imp_over_rec": 1.0058853362448623,
        "R2": 0.9999797043535068,
        "rec": 0.8
      },
      "fit_3param": {
        "vc": 0.6930274790018801,
        "c_implied": 0.7856046768409726,
        "c_imp_over_rec": 0.9820058460512157,
        "R2": 0.9999999999968282,
        "coeff_N4": -0.12388561330644565
      },
      "pairwise": [
        {
          "pair": "(4,6)",
          "vc": 0.7143868467893679,
          "v_pair": 0.8909511514416691,
          "c_implied": 0.8018249324145343,
          "c_imp_over_rec": 1.0022811655181678
        },
        {
          "pair": "(6,8)",
          "vc": 0.7033011682201747,
          "v_pair": 0.8862575499913742,
          "c_implied": 0.7935629639792856,
          "c_imp_over_rec": 0.991953704974107
        },
        {
          "pair": "(8,10)",
          "vc": 0.6990892899433874,
          "v_pair": 0.8837317614665603,
          "c_implied": 0.7910650272241464,
          "c_imp_over_rec": 0.9888312840301829
        },
        {
          "pair": "(10,12)",
          "vc": 0.6970172582729645,
          "v_pair": 0.8821580362640425,
          "c_implied": 0.7901274257216393,
          "c_imp_over_rec": 0.9876592821520491
        }
      ],
      "c_eff": 0.893,
      "c_eff_over_rec": 1.11625
    },
    "5": {
      "q": 5,
      "gc": 0.2,
      "sizes": [
        4,
        6,
        8,
        10
      ],
      "E0_per_N": [
        -1.1528218732219235,
        -1.1368702830855133,
        -1.1314091807235096,
        -1.1289058865954316
      ],
      "E0_raw": [
        -4.611287492887694,
        -6.82122169851308,
        -9.051273445788077,
        -11.289058865954315
      ],
      "gaps": [
        0.1678267269419269,
        0.10844903056414701,
        0.07991833586748243,
        0.06316075821818323
      ],
      "gap_N": [
        0.6713069077677076,
        0.650694183384882,
        0.6393466869398594,
        0.6316075821818323
      ],
      "fit_2param": {
        "eps_inf": -1.1242855937034169,
        "slope": -0.45611373451349696,
        "vc_casimir": 0.8711130655191297,
        "v_gap": 0.7391431529305819,
        "c_implied": 1.1785444565985745,
        "c_imp_over_rec": 1.0356278177491869,
        "R2": 0.9999664596843874,
        "rec": 1.138
      },
      "fit_3param": {
        "vc": 0.839951468810881,
        "c_implied": 1.136385374714777,
        "c_imp_over_rec": 0.9985811728600853,
        "R2": 0.9999999937431415,
        "coeff_N4": -0.21737376339798642
      },
      "pairwise": [
        {
          "pair": "(4,6)",
          "vc": 0.8774004396852666,
          "v_pair": 0.7614793803444722,
          "c_implied": 1.1522313831903825,
          "c_imp_over_rec": 1.012505609130389
        },
        {
          "pair": "(6,8)",
          "vc": 0.858234834738479,
          "v_pair": 0.748199893940479,
          "c_implied": 1.147066234156341,
          "c_imp_over_rec": 1.0079668138456424
        },
        {
          "pair": "(8,10)",
          "vc": 0.8499448202592764,
          "v_pair": 0.7391431529305819,
          "c_implied": 1.1499055587397164,
          "c_imp_over_rec": 1.0104618266605594
        }
      ],
      "c_eff": 1.152,
      "c_eff_over_rec": 1.0123022847100176
    },
    "7": {
      "q": 7,
      "gc": 0.14285714285714285,
      "sizes": [
        4,
        5,
        6,
        7,
        8
      ],
      "E0_per_N": [
        -1.1328261683020069,
        -1.1217666112319808,
        -1.115889362944693,
        -1.1123973254893493,
        -1.1101554594305079
      ],
      "E0_raw": [
        -4.5313046732080275,
        -5.608833056159904,
        -6.695336177668159,
        -7.786781278425446,
        -8.881243675444063
      ],
      "gaps": [
        0.1519214438164349,
        0.1175329339519795,
        0.09541241335344264,
        0.08000479347737866,
        0.06866916313418692
      ],
      "gap_N": [
        0.6076857752657396,
        0.5876646697598975,
        0.5724744801206558,
        0.5600335543416506,
        0.5493533050734953
      ],
      "fit_2param": {
        "eps_inf": -1.1025079415829535,
        "slope": -0.48400435340522857,
        "vc_casimir": 0.9243802238692651,
        "v_gap": 0.6623658636842179,
        "c_implied": 1.3955734655884413,
        "c_imp_over_rec": 1.0329929427005486,
        "R2": 0.9999203059054137,
        "rec": 1.351
      },
      "fit_3param": {
        "vc": 0.8749023957221,
        "c_implied": 1.3208748271773991,
        "c_imp_over_rec": 0.9777015745206508,
        "R2": 0.9999998814762248,