{
  "sprint": "045d",
  "q": 5,
  "chi": 20,
  "results": {
    "n12_g0.40": {
      "g": 0.4,
      "n": 12,
      "cv": 0.29926117548695175,
      "E0": -13.589017027237015,
      "mi_mean": 0.32740802906333477,
      "time": 15.481130838394165
    },
    "n12_g0.50": {
      "g": 0.5,
      "n": 12,
      "cv": 0.12115781588254239,
      "E0": -15.43961067334558,
      "mi_mean": 0.08497497825546296,
      "time": 9.911956071853638
    },
    "n16_g0.30": {
      "g": 0.3,
      "n": 16,
      "cv": 0.4818022283427187,
      "E0": -16.715216487172047,
      "mi_mean": 0.7072046613646525,
      "time": 20.895894050598145
    },
    "n16_g0.35": {
      "g": 0.35,
      "n": 16,
      "cv": 0.35585020940973255,
      "E0": -17.40203944593711,
      "mi_mean": 0.7915180406737753,
      "time": 45.201884269714355
    },
    "n16_g0.40": {
      "g": 0.4,
      "n": 16,
      "cv": 0.30999679873373526,
      "E0": -18.28082244914332,
      "mi_mean": 0.40825138948935863,
      "time": 31.820206880569458
    },
    "n16_g0.45": {
      "g": 0.45,
      "n": 16,
      "cv": 0.1604296507057879,
      "E0": -19.40397009170246,
      "mi_mean": 0.1725965214454537,
      "time": 23.039698839187622
    }
  },
  "consolidated": {
    "n8": {
      "0.3": 0.3732,
      "0.35": 0.3554,
      "0.38": 0.3141,
      "0.4": 0.2755,
      "0.42": 0.2325,
      "0.45": 0.17,
      "0.5": 0.1072,
      "0.55": 0.1324
    },
    "n12": {
      "0.3": 0.1342,
      "0.35": 0.3671,
      "0.38": 0.3399,
      "0.42": 0.2456,
      "0.45": 0.1677,
      "0.4": 0.29926117548695175,
      "0.5": 0.12115781588254239
    },
    "n16": {
      "0.3": 0.4818022283427187,
      "0.35": 0.35585020940973255,
      "0.4": 0.30999679873373526,
      "0.45": 0.1604296507057879
    }
  }
}