{
  "experiment": "096d_augmented_bw",
  "timestamp": "2026-04-02 11:11:36",
  "q": 2,
  "n": 14,
  "g_c": 0.5,
  "data": {
    "nA3": {
      "nA": 3,
      "dimA": 8,
      "bw_R2": 0.999828424111241,
      "bw_1mR2": 0.00017157588875904572,
      "augmented": {
        "r0": {
          "max_range": 0,
          "n_ops": 3,
          "R2": 0.5041977681098364,
          "one_minus_R2": 0.4958022318901636
        },
        "r1": {
          "max_range": 1,
          "n_ops": 5,
          "R2": 0.9999026759099501,
          "one_minus_R2": 9.732409004992171e-05
        },
        "r2": {
          "max_range": 2,
          "n_ops": 6,
          "R2": 0.9999026759099501,
          "one_minus_R2": 9.732409004992171e-05
        }
      }
    },
    "nA4": {
      "nA": 4,
      "dimA": 16,
      "bw_R2": 0.999735612221783,
      "bw_1mR2": 0.0002643877782170234,
      "augmented": {
        "r0": {
          "max_range": 0,
          "n_ops": 4,
          "R2": 0.5010086378205716,
          "one_minus_R2": 0.4989913621794284
        },
        "r1": {
          "max_range": 1,
          "n_ops": 7,
          "R2": 0.9998535828863632,
          "one_minus_R2": 0.00014641711363683196
        },
        "r2": {
          "max_range": 2,
          "n_ops": 9,
          "R2": 0.9998535828863632,
          "one_minus_R2": 0.00014641711363683196
        },
        "r3": {
          "max_range": 3,
          "n_ops": 10,
          "R2": 0.9998535828863632,
          "one_minus_R2": 0.00014641711363683196
        }
      }
    },
    "nA5": {
      "nA": 5,
      "dimA": 32,
      "bw_R2": 0.9990797804312407,
      "bw_1mR2": 0.0009202195687593173,
      "augmented": {
        "r0": {
          "max_range": 0,
          "n_ops": 5,
          "R2": 0.5009520123292227,
          "one_minus_R2": 0.4990479876707773
        },
        "r1": {
          "max_range": 1,
          "n_ops": 9,
          "R2": 0.9992784411965585,
          "one_minus_R2": 0.000721558803441491
        },
        "r2": {
          "max_range": 2,
          "n_ops": 12,
          "R2": 0.9993002885587943,
          "one_minus_R2": 0.0006997114412057304
        },
        "r3": {
          "max_range": 3,
          "n_ops": 14,
          "R2": 0.9993193209555952,
          "one_minus_R2": 0.0006806790444048305
        },
        "r4": {
          "max_range": 4,
          "n_ops": 15,
          "R2": 0.9993332265681403,
          "one_minus_R2": 0.000666773431859724
        }
      }
    },
    "nA6": {
      "nA": 6,
      "dimA": 64,
      "bw_R2": 0.8290696195302363,
      "bw_1mR2": 0.17093038046976372,
      "augmented": {
        "r0": {
          "max_range": 0,
          "n_ops": 6,
          "R2": 0.3993753140232035,
          "one_minus_R2": 0.6006246859767965
        },
        "r1": {
          "max_range": 1,
          "n_ops": 11,
          "R2": 0.8332207495606422,
          "one_minus_R2": 0.16677925043935782
        },
        "r2": {
          "max_range": 2,
          "n_ops": 15,
          "R2": 0.8338304584203906,
          "one_minus_R2": 0.1661695415796094
        },
        "r3": {
          "max_range": 3,
          "n_ops": 18,
          "R2": 0.8345634825908582,
          "one_minus_R2": 0.16543651740914178
        },
        "r4": {
          "max_range": 4,
          "n_ops": 20,
          "R2": 0.8368067185413373,
          "one_minus_R2": 0.16319328145866274
        },
        "r5": {
          "max_range": 5,
          "n_ops": 21,
          "R2": 0.8371164772207816,
          "one_minus_R2": 0.16288352277921836
        }
      }
    },
    "nA7": {
      "nA": 7,
      "dimA": 128,
      "bw_R2": 0.6391688154021664,
      "bw_1mR2": 0.3608311845978336,
      "augmented": {
        "r0": {
          "max_range": 0,
          "n_ops": 7,
          "R2": 0.30756171710948854,
          "one_minus_R2": 0.6924382828905115
        },
        "r1": {
          "max_range": 1,
          "n_ops": 13,
          "R2": 0.6414595882034224,
          "one_minus_R2": 0.3585404117965776
        },
        "r2": {
          "max_range": 2,
          "n_ops": 18,
          "R2": 0.6510281156476525,
          "one_minus_R2": 0.3489718843523475
        },
        "r3": {
          "max_range": 3,
          "n_ops": 22,
          "R2": 0.6520031109485744,
          "one_minus_R2": 0.34799688905142556
        },
        "r4": {
          "max_range": 4,
          "n_ops": 25,
          "R2": 0.6524168592771088,
          "one_minus_R2": 0.3475831407228912
        },
        "r5": {
          "max_range": 5,
          "n_ops": 27,
          "R2": 0.6530380038244359,
          "one_minus_R2": 0.3469619961755641
        },
        "r6": {
          "max_range": 6,
          "n_ops": 28,
          "R2": 0.6533370549710393,
          "one_minus_R2": 0.34666294502896067
        }
      }
    }
  }
}