{
  "bell_states": {
    "Phi+": {
      "amplitudes": {
        "00": [
          0.7071067811865475,
          0.0
        ],
        "01": [
          0.0,
          0.0
        ],
        "10": [
          0.0,
          0.0
        ],
        "11": [
          0.7071067811865475,
          0.0
        ]
      },
      "counts": {
        "00": 5013,
        "11": 4987
      },
      "entanglement_entropy_bits": 1.0,
      "total_shots": 10000,
      "correlation": 1.0
    },
    "Phi-": {
      "amplitudes": {
        "00": [
          0.7071067811865475,
          0.0
        ],
        "01": [
          -0.0,
          0.0
        ],
        "10": [
          0.0,
          0.0
        ],
        "11": [
          -0.7071067811865475,
          0.0
        ]
      },
      "counts": {
        "00": 5012,
        "11": 4988
      },
      "entanglement_entropy_bits": 1.0,
      "total_shots": 10000,
      "correlation": 1.0
    },
    "Psi+": {
      "amplitudes": {
        "00": [
          0.0,
          0.0
        ],
        "01": [
          0.7071067811865475,
          0.0
        ],
        "10": [
          0.7071067811865475,
          0.0
        ],
        "11": [
          0.0,
          0.0
        ]
      },
      "counts": {
        "01": 4969,
        "10": 5031
      },
      "entanglement_entropy_bits": 1.0,
      "total_shots": 10000,
      "correlation": -1.0
    },
    "Psi-": {
      "amplitudes": {
        "00": [
          0.0,
          0.0
        ],
        "01": [
          -0.7071067811865475,
          0.0
        ],
        "10": [
          0.7071067811865475,
          0.0
        ],
        "11": [
          -0.0,
          0.0
        ]
      },
      "counts": {
        "10": 5026,
        "01": 4974
      },
      "entanglement_entropy_bits": 1.0,
      "total_shots": 10000,
      "correlation": -1.0
    }
  },
  "chsh": {
    "correlations": {
      "a0_b0": 0.70916,
      "a0_b1": -0.70944,
      "a1_b0": 0.70924,
      "a1_b1": 0.70578
    },
    "S": 2.83362,
    "classical_bound": 2.0,
    "tsirelson_bound": 2.8284271247461903,
    "violates_classical": true,
    "shots_per_setting": 100000
  }
}