{
  "q=2": {
    "q": 2,
    "g_c": 0.25,
    "sizes": {
      "4": {
        "dim": 16,
        "E0": -4.613125929752753,
        "delta1": 0.19891236737965734,
        "dE_twist1": 0.19891236737965823,
        "dE_twist2": null,
        "ratio_dE_delta": 1.0000000000000044,
        "ratio_dE2_dE1": null,
        "rho_s_L": 0.16123229203205208,
        "time_s": 0.02
      },
      "6": {
        "dim": 64,
        "E0": -6.863703305156288,
        "delta1": 0.13165249758741204,
        "dE_twist1": 0.13165249758740405,
        "dE_twist2": null,
        "ratio_dE_delta": 0.9999999999999393,
        "ratio_dE2_dE1": null,
        "rho_s_L": 0.16007024262030956,
        "time_s": 0.02
      },
      "8": {
        "dim": 256,
        "E0": -9.125830895483073,
        "delta1": 0.09849140335717799,
        "dE_twist1": 0.09849140335722062,
        "dE_twist2": null,
        "ratio_dE_delta": 1.0000000000004328,
        "ratio_dE2_dE1": null,
        "rho_s_L": 0.15966824906797622,
        "time_s": 0.04
      }
    }
  },
  "q=3": {
    "q": 3,
    "g_c": 0.333,
    "sizes": {
      "4": {
        "dim": 81,
        "E0": -4.6723037462058645,
        "delta1": 0.18639398843545063,
        "dE_twist1": 0.18761624909274044,
        "dE_twist2": 0.18761624909273422,
        "ratio_dE_delta": 1.0065574038494975,
        "ratio_dE2_dE1": 0.9999999999999669,
        "rho_s_L": 0.34217100771501857,
        "time_s": 0.02
      },
      "6": {
        "dim": 729,
        "E0": -6.930567586907176,
        "delta1": 0.12244074838268304,
        "dE_twist1": 0.12375100073848344,
        "dE_twist2": 0.12375100073847012,
        "ratio_dE_delta": 1.0107011135843866,
        "ratio_dE2_dE1": 0.9999999999998923,
        "rho_s_L": 0.3385421425371679,
        "time_s": 0.04
      },
      "8": {
        "dim": 6561,
        "E0": -9.20497338354159,
        "delta1": 0.09114689318530189,
        "dE_twist1": 0.09252600032487734,
        "dE_twist2": 0.09252600032488623,
        "ratio_dE_delta": 1.0151305995342235,
        "ratio_dE2_dE1": 1.000000000000096,
        "rho_s_L": 0.3374943793418845,
        "time_s": 0.13
      }
    }
  },
  "q=4": {
    "q": 4,
    "g_c": 0.392,
    "sizes": {
      "4": {
        "dim": 256,
        "E0": -4.819663504927737,
        "delta1": 0.1485536703517809,
        "dE_twist1": 0.16761723653213334,
        "dE_twist2": 0.22234023004987336,
        "ratio_dE_delta": 1.1283278032458515,
        "ratio_dE2_dE1": 1.326475932009828,
        "rho_s_L": 0.5434616577373904,
        "time_s": 0.02
      },
      "6": {
        "dim": 4096,
        "E0": -7.141128450940809,
        "delta1": 0.09773856243693135,
        "dE_twist1": 0.10933335208775574,
        "dE_twist2": 0.1515718378013302,
        "ratio_dE_delta": 1.118630654694827,
        "ratio_dE2_dE1": 1.3863275469654677,
        "rho_s_L": 0.5317336629655619,
        "time_s": 0.08
      },
      "8": {
        "dim": 65536,
        "E0": -9.481130389599823,
        "delta1": 0.07263508751396053,
        "dE_twist1": 0.08156425822542523,
        "dE_twist2": 0.11576525521250858,
        "ratio_dE_delta": 1.1229319192290987,
        "ratio_dE2_dE1": 1.4193135293716457,
        "rho_s_L": 0.5289079799237997,
        "time_s": 1.02
      }
    }
  },
  "q=5": {
    "q": 5,
    "g_c": 0.441,
    "sizes": {
      "4": {
        "dim": 625,
        "E0": -5.004657287206285,
        "delta1": 0.11815324012964545,
        "dE_twist1": 0.14523112167251906,
        "dE_twist2": 0.22114175694375326,
        "ratio_dE_delta": 1.2291759541520992,
        "ratio_dE2_dE1": 1.5226884871302222,
        "rho_s_L": 0.7357494574782003,
        "time_s": 0.04
      },
      "6": {
        "dim": 15625,
        "E0": -7.4136272545263555,
        "delta1": 0.07952975620769287,
        "dE_twist1": 0.09032159999430611,
        "dE_twist2": 0.15139483475520343,
        "ratio_dE_delta": 1.1356956729306478,
        "ratio_dE2_dE1": 1.676175297655792,
        "rho_s_L": 0.6863618564919648,
        "time_s": 0.24
      },
      "8": {
        "dim": 390625,
        "E0": -9.842652689412137,
        "delta1": 0.06043181153206234,
        "dE_twist1": 0.0648249037559161,
        "dE_twist2": 0.11568312859630048,
        "ratio_dE_delta": 1.0726950278748963,
        "ratio_dE2_dE1": 1.7845476336051316,
        "rho_s_L": 0.6568135978050047,
        "time_s": 8.4
      }
    }
  },
  "q=7": {
    "q": 7,
    "g_c": 0.535,
    "sizes": {
      "4": {
        "dim": 2401,
        "E0": -5.476356515396483,
        "delta1": 0.08448795633167183,
        "dE_twist1": 0.09732115792407559,
        "dE_twist2": 0.17699629520449012,
        "ratio_dE_delta": 1.1518938574159001,
        "ratio_dE2_dE1": 1.8186825863968092,
        "rho_s_L": 0.9663481016024015,
        "time_s": 0.07
      },
      "6": {
        "dim": 117649,
        "E0": -8.12341021140907,
        "delta1": 0.05947065068601276,
        "dE_twist1": 0.050362341479909034,
        "dE_twist2": 0.11189139325008135,
        "ratio_dE_delta": 0.8468436262082809,
        "ratio_dE2_dE1": 2.2217273852272736,
        "rho_s_L": 0.7501074913123663,
        "time_s": 1.69
      }
    }
  }
}