{
  "experiment": "087a_entspec_dmrg_q5",
  "timestamp": "2026-04-02 07:51:55",
  "q": 5,
  "gc": 0.2,
  "data": [
    {
      "n": 8,
      "chi_max": 60,
      "chi_used": 60,
      "E0": -8.633720832815605,
      "time_dmrg": 21.80719757080078,
      "spec_mid_top20": [
        0.8577521527817109,
        0.035442946817979756,
        0.03544294597594918,
        0.03544294570614501,
        0.03544294556168674,
        0.00010484412163787634,
        0.00010484411975710116,
        0.00010484411886944798,
        0.0001048441182975641,
        4.641799703621561e-05,
        2.0229381336190022e-06,
        2.022937747357237e-06,
        2.022937539081056e-06,
        2.022937488893998e-06,
        1.8880779164939103e-07,
        1.888076497013581e-07,
        1.88807520134304e-07,
        1.8880746781944575e-07,
        1.8880745370761774e-07,
        1.8880744862876618e-07
      ],
      "lam_max": 0.8577521527817109,
      "multiplet_mean": 0.035442946015440166,
      "multiplet_spread": 3.54455020052568e-08,
      "w_max": 0.8577521527817109,
      "w_mult": 0.14177178406176066,
      "w_tail": 0.00047606315652827725,
      "S_total": 0.6095533093758432,
      "S_lev0_frac": 0.21591805557490992,
      "S_lev1_frac": 0.7767881763319592,
      "S_tail_frac": 0.007293768093130896,
      "ent_gap": 3.1863909197646154,
      "schmidt_rank": 60,
      "n_tail": 55
    },
    {
      "n": 12,
      "chi_max": 80,
      "chi_used": 80,
      "E0": -13.129057978602205,
      "time_dmrg": 53.01871919631958,
      "spec_mid_top20": [
        0.8302568029100235,
        0.04209960181114338,
        0.042099597058508,
        0.04209959122573249,
        0.04209959006479252,
        0.0002885871978041164,
        0.00028858714005940394,
        0.00028858707636252864,
        0.000288587065298137,
        0.00014968228485411322,
        7.69782802420029e-06,
        7.697825355383755e-06,
        7.697823068690126e-06,
        7.6978227358388e-06,
        7.526250919223767e-07,
        7.526249346893414e-07,
        7.526248127563438e-07,
        7.526246375936359e-07,
        7.526245397538956e-07,
        7.526245318576587e-07
      ],
      "lam_max": 0.8302568029100235,
      "multiplet_mean": 0.0420995950400441,
      "multiplet_spread": 2.79013393193756e-07,
      "w_max": 0.8302568029100235,
      "w_mult": 0.1683983801601764,
      "w_tail": 0.0013448169298001895,
      "S_total": 0.6991148442104889,
      "S_lev0_frac": 0.22091442989996757,
      "S_lev1_frac": 0.763019756366782,
      "S_tail_frac": 0.016065813733250417,
      "ent_gap": 2.9816967715564173,
      "schmidt_rank": 80,
      "n_tail": 75
    },
    {
      "n": 16,
      "chi_max": 100,
      "chi_used": 100,
      "E0": -17.625692370313516,
      "time_dmrg": 104.45451021194458,
      "spec_mid_top20": [
        0.811810766900792,
        0.04646321413482281,
        0.04646316999221729,
        0.04646316130379411,
        0.04646312417298881,
        0.0004923406107986059,
        0.0004923399684025714,
        0.0004923398379424831,
        0.0004923393018700093,
        0.0002792528098099549,
        1.5936253828865137e-05,
        1.59362310590789e-05,
        1.593622103568634e-05,
        1.5936200882516972e-05,
        1.6083190899288415e-06,
        1.6083184918064943e-06,
        1.6083182894826282e-06,
        1.608316083516684e-06,
        1.6083159475522268e-06,
        1.6083144752072078e-06
      ],
      "lam_max": 0.811810766900792,
      "multiplet_mean": 0.046463167400955754,
      "multiplet_spread": 1.9361967560195036e-06,
      "w_max": 0.811810766900792,
      "w_mult": 0.18585266960382302,
      "w_tail": 0.0023365634953849495,
      "S_total": 0.7579665725515387,
      "S_lev0_frac": 0.22329851839306786,
      "S_lev1_frac": 0.7525392149777232,
      "S_tail_frac": 0.024162266629208718,
      "ent_gap": 2.8606063616749866,
      "schmidt_rank": 100,
      "n_tail": 95
    },
    {
      "n": 20,
      "chi_max": 120,
      "chi_used": 120,
      "E0": -22.122870994266552,
      "time_dmrg": 188.83511805534363,
      "spec_mid_top20": [
        0.7979564532027928,
        0.049672052592587876,
        0.04967188310688378,
        0.049671831081525,
        0.04967179476299071,
        0.0006971234857702859,
        0.0006971203651393199,
        0.0006971194059118823,
        0.0006971187436656562,
        0.00041989503403552835,
        2.5816193357286062e-05,
        2.5816039578278055e-05,
        2.5815991442516707e-05,
        2.581595943356163e-05,
        3.1169717584130203e-06,
        3.116949300997304e-06,
        3.1169435465084035e-06,
        3.1169398691403113e-06,
        2.668571738111783e-06,
        2.6685712072211463e-06
      ],
      "lam_max": 0.7979564532027928,
      "multiplet_mean": 0.04967189038599684,
      "multiplet_spread": 5.190654012998667e-06,
      "w_max": 0.7979564532027928,
      "w_mult": 0.19868756154398737,
      "w_tail": 0.0033559852532198805,
      "S_total": 0.8018172438292155,
      "S_lev0_frac": 0.22461448998207176,
      "S_lev1_frac": 0.7439636249161454,
      "S_tail_frac": 0.031421885101782836,
      "ent_gap": 2.776611573180004,
      "schmidt_rank": 120,
      "n_tail": 115
    },
    {
      "n": 24,
      "chi_max": 120,
      "chi_used": 120,
      "E0": -26.620329176679633,
      "time_dmrg": 292.7214365005493,
      "spec_mid_top20": [
        0.7868939080700825,
        0.05218514838901333,
        0.052185140721829046,
        0.05218513916355912,
        0.052185137109625926,
        0.0008961973420136043,
        0.0008961971200973341,
        0.0008961970869321896,
        0.0008961970348465764,
        0.0005642133417379097,
        3.6736277924776206e-05,
        3.67362558166689e-05,
        3.6736253619067556e-05,
        3.673625004705127e-05,
        5.5485368879031616e-06,
        5.548523577910116e-06,
        5.548522464917145e-06,
        5.548521614663014e-06,
        3.8707258556284505e-06,
        3.870724727677228e-06
      ],
      "lam_max": 0.7868939080700825,
      "multiplet_mean": 0.05218514134600685,
      "multiplet_spread": 2.161417428854848e-07,
      "w_max": 0.7868939080700825,
      "w_mult": 0.2087405653840274,
      "w_tail": 0.004365526545890193,
      "S_total": 0.836731725380739,
      "S_lev0_frac": 0.2253869911080521,
      "S_lev1_frac": 0.7366781894416818,
      "S_tail_frac": 0.03793481945026591,
      "ent_gap": 2.7132954930420436,
      "schmidt_rank": 120,
      "n_tail": 115
    }
  ],
  "Re_c": 1.137547336647226
}