{
  "experiment": "089a_entspec_dmrg_q7_ext",
  "timestamp": "2026-04-02 08:42:07",
  "q": 7,
  "gc": 0.14285714285714285,
  "data": [
    {
      "n": 14,
      "chi_max": 30,
      "chi_used": 30,
      "E0": -15.168469723298475,
      "time_dmrg": 237.08660912513733,
      "spec_mid_top20": [
        0.8452602713015385,
        0.025588015045962212,
        0.025573733695144384,
        0.02555974514605918,
        0.025541490758349505,
        0.02552513762308429,
        0.025523051556798192,
        0.00021205366170278422,
        0.00021032852426587997,
        0.00020885859496530966,
        0.00020584663493841332,
        0.00020332028328329344,
        0.00020316159010732478,
        0.0001593733371836772,
        4.308078741954315e-06,
        4.1856139108360165e-06,
        3.9421715226502765e-06,
        3.7979374978344008e-06,
        3.7118179597941813e-06,
        3.708660139630279e-06
      ],
      "lam_max": 0.8452602713015385,
      "multiplet_mean": 0.025551862304232963,
      "multiplet_spread": 0.0025424170023512368,
      "w_max": 0.8452602713015385,
      "w_mult": 0.15331117382539777,
      "w_tail": 0.0014285548730636616,
      "S_total": 0.7165613344309438,
      "S_lev0_frac": 0.19830442553345057,
      "S_lev1_frac": 0.7845789182907824,
      "S_tail_frac": 0.017116656175766694,
      "ent_gap": 3.4975205137091483,
      "schmidt_rank": 30,
      "n_tail": 23
    },
    {
      "n": 16,
      "chi_max": 25,
      "chi_used": 25,
      "E0": -17.374392989911474,
      "time_dmrg": 137.78005146980286,
      "spec_mid_top20": [
        0.8396610390572465,
        0.026452042957866247,
        0.026445030001093724,
        0.026442627656908736,
        0.02643104842269866,
        0.026419294256356883,
        0.0264114520666588,
        0.00025384095751514657,
        0.00025337095602170266,
        0.00025308818433938154,
        0.00025235206737923426,
        0.00024768234680149436,
        0.0002452432976089563,
        0.00020110031897726966,
        4.859577352600934e-06,
        4.838337494510042e-06,
        4.806652212742831e-06,
        4.770383485467591e-06,
        4.703162432401486e-06,
        4.671209871789923e-06
      ],
      "lam_max": 0.8396610390572465,
      "multiplet_mean": 0.026433582560263843,
      "multiplet_spread": 0.0015355803972052677,
      "w_max": 0.8396610390572465,
      "w_mult": 0.15860149536158305,
      "w_tail": 0.0017374655811706616,
      "S_total": 0.7375305752207317,
      "S_lev0_frac": 0.19895668557628998,
      "S_lev1_frac": 0.78128048129706,
      "S_tail_frac": 0.019762833126649993,
      "ent_gap": 3.4576648916631894,
      "schmidt_rank": 25,
      "n_tail": 18
    }
  ],
  "Re_c": 1.3512522747656739,
  "combined_fit": {
    "A": 1.868073196233017e-06,
    "b": 2.5274912279478103,
    "b_err": 0.2241891620299705,
    "R2": 0.969489248566151,
    "n_points": 6,
    "ns": [
      6,
      8,
      10,
      12,
      14,
      16
    ],
    "w_tails": [
      0.00014044435926452632,
      0.0004137366936205842,
      0.0007490721430457786,
      0.0010951265306640412,
      0.0014285548730636616,
      0.0017374655811706616
    ]
  }
}