{
  "experiment": "086b_dmrg_renyi_q7",
  "timestamp": "2026-04-02 07:35:40",
  "q": 7,
  "gc": 0.14285714285714285,
  "data": [
    {
      "n": 6,
      "chi_max": 40,
      "chi_used": 40,
      "E0": -6.3468882444779835,
      "time_dmrg": 52.95990204811096,
      "S_mid": {
        "0.5": 1.1618619386637,
        "1": 0.5404506077319353,
        "2": 0.22812766548934116,
        "3": 0.17293043307814265,
        "5": 0.14412973479881794,
        "10": 0.12811532446631518,
        "inf": 0.11530379201968366
      },
      "S_profile": {
        "0.5": [
          0.0,
          1.0197248367507372,
          1.1618619386637,
          1.1960790240004235,
          1.1617802774443036
        ],
        "1": [
          -0.0,
          0.43674426248445486,
          0.5404506077319353,
          0.5673080058622488,
          0.5404504493757583
        ],
        "2": [
          -0.0,
          0.172951112037583,
          0.22812766548934116,
          0.24310989409294023,
          0.2281276591230778
        ],
        "3": [
          -0.0,
          0.13073902873953117,
          0.17293043307814265,
          0.18443052392192028,
          0.17293042844682616
        ],
        "5": [
          -0.0,
          0.10895793369612482,
          0.14412973479881794,
          0.15371787734392936,
          0.14412973094187068
        ],
        "10": [
          -0.0,
          0.09685149769339486,
          0.12811532446631518,
          0.1366381197094687,
          0.12811532103791856
        ],
        "inf": [
          -0.0,
          0.08716634792405538,
          0.11530379201968366,
          0.12297430773852183,
          0.1153037889341267
        ]
      },
      "spec_mid_top": [
        0.8910953951134399,
        0.01812847246772033,
        0.018128269056113942,
        0.018127768057929924,
        0.018127089619310796,
        0.018126701781115848,
        0.018126290276157295,
        2.118923945108372e-05,
        2.1185572026743628e-05,
        2.116833762624542e-05,
        2.11308585093878e-05,
        2.110968282127933e-05,
        2.108795716137274e-05,
        1.1482227373007252e-05,
        2.546780211517022e-07,
        2.541691067234156e-07,
        2.5048131817156676e-07,
        2.4211995897725993e-07,
        2.3678948362990258e-07,
        2.322017838219884e-07
      ],
      "xi_mid_top": [
        0.11530379201968366,
        4.010271512165402,
        4.010282732787986,
        4.010310369464464,
        4.010347795545418,
        4.010369191277008,
        4.010391893125061,
        10.762017078207208,
        10.762190172751884,
        10.763004000877345,
        10.764776097280572,
        10.765778721262903,
        10.766808431068247,
        11.374710163853736,
        15.183265751767689,
        15.185266016955762,
        15.199881497359998,
        15.233832535354379,
        15.256094345269425,
        15.27565908544689
      ]
    },
    {
      "n": 8,
      "chi_max": 50,
      "chi_used": 50,
      "E0": -8.551610692933435,
      "time_dmrg": 41.74767208099365,
      "S_mid": {
        "0.5": 1.2505149121671058,
        "1": 0.6087757641690914,
        "2": 0.2667697665526844,
        "3": 0.20263027110716483,
        "5": 0.1688932469916807,
        "10": 0.1501273413484989,
        "inf": 0.13511460721364904
      },
      "S_profile": {
        "0.5": [
          0.0,
          1.0260952962407641,
          1.1862720723766433,
          1.2505149121671058,
          1.2692494215290568,
          1.2505099385425844,
          1.1862735199803454
        ],
        "1": [
          -0.0,
          0.4427457207956112,
          0.5591673991505238,
          0.6087757641690914,
          0.6232351396323207,
          0.6087764093980476,
          0.5591674045439254
        ],
        "2": [
          -0.0,
          0.1760353635035499,
          0.23856634537748425,
          0.2667697665526844,
          0.2751432458351792,
          0.26677004120207093,
          0.23856629699908388
        ],
        "3": [
          -0.0,
          0.13309091856809763,
          0.18094124498287012,
          0.20263027110716483,
          0.20908254254491707,
          0.20263048136776066,
          0.18094120732589108
        ],
        "5": [
          -0.0,
          0.11091834434311311,
          0.150808643331764,
          0.1688932469916807,
          0.17427374417457533,
          0.1688934222967097,
          0.15080861192593148
        ],
        "10": [
          -0.0,
          0.09859408504006187,
          0.13405213330053664,
          0.1501273413484989,
          0.1549100074262117,
          0.15012749717523644,
          0.13405210538423096
        ],
        "inf": [
          -0.0,
          0.08873467653605568,
          0.12064691997048296,
          0.13511460721364904,
          0.13941900668359059,
          0.13511474745771285,
          0.12064689484580787
        ]
      },
      "spec_mid_top": [
        0.8736157832797036,
        0.020995419968264047,
        0.020995363185143247,
        0.020995247207897288,
        0.020995247206887502,
        0.020995247202465785,
        0.020995247184221015,
        6.129539278970425e-05,
        6.127175389094707e-05,
        6.119317516613894e-05,
        6.119317510149683e-05,
        6.119317500674207e-05,
        6.119317459625473e-05,
        3.82780244771548e-05,
        9.592885132957473e-07,
        9.59008570194121e-07,
        9.578912111313034e-07,
        9.578912054658331e-07,
        9.57891204614795e-07,
        9.578911371599544e-07
      ],
      "xi_mid_top": [
        0.13511460721364904,
        3.8634509617946,
        3.8634536663462433,
        3.8634591903071898,
        3.8634591903552855,
        3.8634591905658913,
        3.8634591914348864,
        9.699805876252773,
        9.700191606029314,
        9.70147489155762,
        9.70147489261398,
        9.701474894162434,
        9.701474900870492,
        10.17063459989108,
        13.857073959242205,
        13.857365825508408,
        13.85853162374184,
        13.858531629656364,
        13.858531630544812,
        13.858531700964964
      ]
    },
    {
      "n": 10,
      "chi_max": 40,
      "chi_used": 40,
      "E0": -10.756968757991515,
      "time_dmrg": 226.30391454696655,
      "S_mid": {
        "0.5": 1.3069606487663428,
        "1": 0.6553366343681981,
        "2": 0.2940018845482947,
        "3": 0.22363631497955658,
        "5": 0.18641094634331357,
        "10": 0.16569863693006273,
        "inf": 0.14912877323705656
      },
      "S_profile": {
        "0.5": [
          0.0,
          1.0289611006699282,
          1.1951370809739603,
          1.2700651743954663,
          1.3069606487663428,
          1.3185165039477484,
          1.3069352679502255,
          1.2699908998285978,
          1.1950178299903456
        ],
        "1": [
          -0.0,
          0.44546233230258786,
          0.5674435588525295,
          0.6263029610384805,
          0.6553366343681981,
          0.6642289819145433,
          0.655336867397641,
          0.626301502542644,
          0.5674425406718006
        ],
        "2": [
          -0.0,
          0.17743724373130196,
          0.24323086586561715,
          0.27696091249284,
          0.2940018845482947,
          0.2992673664083342,
          0.2940022651283193,
          0.27696035120108586,
          0.24323047684654564
        ],
        "3": [
          -0.0,
          0.13416017832931823,
          0.18452391631077864,
          0.21048432384711205,
          0.22363631497955658,
          0.22770502210281515,
          0.22363661038293361,
          0.2104838932162016,
          0.18452361824991773
        ],
        "5": [
          -0.0,
          0.11180962907737287,
          0.1537957538724579,
          0.17544271860939206,
          0.18641094634331357,
          0.1898043018859723,
          0.1864111927404091,
          0.17544235954253912,
          0.15379550537097866
        ],