{
  "experiment": "040c",
  "q4_n8": {
    "0.5": 0.08799840523132176,
    "0.8": 0.3720375357235342,
    "0.9": 0.5472413724365013,
    "0.95": 0.6386722929808298,
    "1.0": 0.7273133514602106,
    "1.05": 0.8104342659100434,
    "1.1": 0.8865118096479899,
    "1.3": 1.1179324330527924
  },
  "q4_n12": {
    "0.8": 0.32262815528919664,
    "0.95": 0.6930717433958217,
    "1.0": 0.8379704144745387,
    "0.9": 0.551118814686405,
    "1.1": 1.0988676878724206
  },
  "crossing_signature": "YES - same as q=3 and TFIM (second-order)",
  "marginal_prediction_falsified": "q=4 does NOT show dome/BKT signature"
}