{
  "sprint": "044a2",
  "description": "Refined g_c scaling fits (q>=4 separate + unified)",
  "data": {
    "q": [
      2.0,
      3.0,
      4.0,
      5.0,
      10.0
    ],
    "gc": [
      1.0,
      1.0,
      0.893,
      0.41,
      0.246
    ]
  },
  "fits": {
    "q4+_power": {
      "A": 14.689918486880465,
      "alpha": 2.066836529651322,
      "rmse": 0.10232229232133745
    },
    "q4+_pole": {
      "A": 0.9957566552402505,
      "q0": 2.8679428592314737,
      "rmse": 0.07012016644395495
    },
    "q4+_exp": {
      "A": 1.148623945720003,
      "B": 0.3567959395036287,
      "rmse": 0.13440470202358712
    },
    "unified_qm1_power": {
      "gamma": 0.39289556519807006,
      "rmse": 0.18759721381253266
    },
    "clipped_power": {
      "A": 3.0,
      "gamma": 1.2272727272727273,
      "rmse": 0.08215520283755541
    },
    "q4+_inv_sqrt": {
      "c": 1.2866356440131326,
      "rmse": 0.1962802373793011
    }
  },
  "ranking": [
    [
      "q4+_pole",
      0.07012016644395495
    ],
    [
      "clipped_power",
      0.08215520283755541
    ],
    [
      "q4+_power",
      0.10232229232133745
    ],
    [
      "q4+_exp",
      0.13440470202358712
    ],
    [
      "unified_qm1_power",
      0.18759721381253266
    ],
    [
      "q4+_inv_sqrt",
      0.1962802373793011
    ]
  ],
  "predictions": {
    "6": {
      "power": 0.3619994878038927,
      "pole": 0.3179241662864163,
      "exp": 0.3938350305571048,
      "clipped": 0.41619267391296433,
      "inv_sqrt": 0.5252668021182328
    },
    "7": {
      "power": 0.2632327286726907,
      "pole": 0.24098327329884128,
      "exp": 0.27565116680349383,
      "clipped": 0.33274952748161835,
      "inv_sqrt": 0.4863025631443113
    },
    "8": {
      "power": 0.1997468831258918,
      "pole": 0.1940268060014499,
      "exp": 0.192932471376769,
      "clipped": 0.27539463682914805,
      "inv_sqrt": 0.45489439439900337
    },
    "15": {
      "power": 0.05447923612268078,
      "pole": 0.08207648906417633,
      "exp": 0.015875366988770585,
      "clipped": 0.11762769169056993,
      "inv_sqrt": 0.3322078947933145
    },
    "20": {
      "power": 0.030060975159390723,
      "pole": 0.05812242202196985,
      "exp": 0.0026665592325230123,
      "clipped": 0.08086150782567186,
      "inv_sqrt": 0.28770047622875844
    }
  }
}