{
  "experiment": "121a_zm_q_crossing",
  "sprint": 121,
  "timestamp": "2026-04-08 10:57:20",
  "data": {
    "hybrid_fits": {
      "linear": {
        "a": 1.2224905066029061,
        "b": -0.05830661370744004,
        "r2": 0.9363481996495615,
        "aic": 13.649021178304993,
        "q_cross": 3.815870832754534
      },
      "log": {
        "a": 1.422526224459773,
        "b": -0.315326829293194,
        "r2": 0.9532256071850387,
        "aic": 14.702201746070852,
        "q_cross": 3.818901480342965
      },
      "power": {
        "a": -17811.3005995585,
        "b": 17812.72313230362,
        "c": -1.7702651268436398e-05,
        "r2": 0.9532159392035509,
        "aic": 16.70227452161582,
        "q_cross": 3.8189503245043817
      },
      "rational": {
        "a": -0.6467464865869884,
        "b": 39.249867810638634,
        "c": 19.999999153338738,
        "r2": 0.959760270375013,
        "aic": 14.879650022188693,
        "q_cross": 3.8347975991274375
      }
    },
    "q_cross_consensus": {
      "mean": 3.8221300591823297,
      "std": 0.00741921353108696,
      "range": [
        3.815870832754534,
        3.8347975991274375
      ]
    },
    "interpolation": {
      "q_cross_34": 4.153846153846153,
      "q_cross_45": 4.042105263157895
    },
    "sq_fits": {
      "linear": {
        "a": 0.6878571428453936,
        "b": 0.11040816326847604,
        "r2": 0.8546667405850115
      },
      "log": {
        "a": 0.4964461730145381,
        "b": 0.4691721846636124,
        "r2": 0.8722929942146327
      }
    }
  }
}