{
  "experiment": "086c_renyi_analysis",
  "timestamp": "2026-04-02 07:46:01",
  "analyses": {},
  "periodic_pairs": {
    "2": {
      "n1": 10,
      "n2": 14,
      "c_alpha": {
        "0.5": 0.4999819411899207,
        "1": 0.49789751098767937,
        "2": 0.5274266865360129,
        "3": 0.5571992798220738,
        "5": 0.5665951882136249,
        "10": 0.5561650962563256,
        "inf": 0.550635475396044
      },
      "c_over_Rec": {
        "0.5": 0.9999638823798414,
        "1": 0.9957950219753587,
        "2": 1.0548533730720258,
        "3": 1.1143985596441477,
        "5": 1.1331903764272497,
        "10": 1.1123301925126512,
        "inf": 1.101270950792088
      },
      "best_alpha": "0.5",
      "best_dev": 3.611762015864883e-05
    },
    "3": {
      "n1": 8,
      "n2": 10,
      "c_alpha": {
        "0.5": 0.8008143411142861,
        "1": 0.7948634163045701,
        "2": 0.8650598351616775,
        "3": 0.9046151862362645,
        "5": 0.8957421471611654,
        "10": 0.8728093560560571,
        "inf": 0.8640862433501763
      },
      "c_over_Rec": {
        "0.5": 1.0010179263928576,
        "1": 0.9935792703807127,
        "2": 1.081324793952097,
        "3": 1.1307689827953307,
        "5": 1.1196776839514568,
        "10": 1.0910116950700715,
        "inf": 1.0801078041877203
      },
      "best_alpha": "0.5",
      "best_dev": 0.0010179263928575821
    },
    "5": {
      "n1": 6,
      "n2": 8,
      "c_alpha": {
        "0.5": 1.157398425554425,
        "1": 1.1420100715394144,
        "2": 1.267589660349743,
        "3": 1.281517600026075,
        "5": 1.2311095648675658,
        "10": 1.1952085606387652,
        "inf": 1.1832567123899835
      },
      "c_over_Rec": {
        "0.5": 1.017450780523743,
        "1": 1.0039231201624907,
        "2": 1.1143181646275926,
        "3": 1.1265619976775498,
        "5": 1.0822490855599052,
        "10": 1.050689076519214,
        "inf": 1.0401823944113657
      },
      "best_alpha": "1",
      "best_dev": 0.003923120162490745
    },
    "6": {
      "n1": 6,
      "n2": 8,
      "c_alpha": {
        "0.5": 1.2672869423730144,
        "1": 1.2489223757916756,
        "2": 1.3801345615590632,
        "3": 1.3757300821323903,
        "5": 1.3120801188581244,
        "10": 1.2732505011738857,
        "inf": 1.2605180801081624
      },
      "c_over_Rec": {
        "0.5": 1.0118052030864455,
        "1": 0.9971428851865767,
        "2": 1.1019030368371496,
        "3": 1.0983864889648502,
        "5": 1.0475681921262738,
        "10": 1.016566524001135,
        "inf": 1.0064009257838418
      },
      "best_alpha": "1",
      "best_dev": 0.0028571148134233226
    },
    "7": {
      "n1": 6,
      "n2": 7,
      "c_alpha": {
        "0.5": 1.089770278234036,
        "1": 1.1036178062040807,
        "2": 1.2217406862113063,
        "3": 1.20103075517722,
        "5": 1.138199606037019,
        "10": 1.1041837942076878,
        "inf": 1.0931419772477549
      },
      "c_over_Rec": {
        "0.5": 0.8064891349936987,
        "1": 0.8167370570350851,
        "2": 0.9041543973890244,
        "3": 0.8888279247378107,
        "5": 0.8423294652616949,
        "10": 0.8171559188673105,
        "inf": 0.8089843752065624
      },
      "best_alpha": "2",
      "best_dev": 0.09584560261097563
    },
    "8": {
      "n1": 6,
      "n2": 7,
      "c_alpha": {
        "0.5": 1.1361829887371113,
        "1": 1.1483004756530242,
        "2": 1.2602755593113553,
        "3": 1.2245282639798336,
        "5": 1.1557631135373112,
        "10": 1.12106363289769,
        "inf": 1.109853005168968
      },
      "c_over_Rec": {
        "0.5": 0.7902277897554821,
        "1": 0.7986556354439626,
        "2": 0.8765355401284728,
        "3": 0.8516729022791211,
        "5": 0.8038459823330675,
        "10": 0.7797121111491754,
        "inf": 0.7719149960192556
      },
      "best_alpha": "2",
      "best_dev": 0.12346445987152721
    }
  },
  "open_pairs": {
    "5": [
      {
        "n1": 8,
        "n2": 10,
        "c_alpha": {
          "0.5": 1.1016718808503547,
          "1": 1.3570424398538317,
          "2": 1.2331118002145598,
          "3": 1.0928675440897662,
          "5": 1.0141599735681006,
          "10": 0.9834320879581063,
          "inf": 0.9735977670792342
        },
        "c_over_Rec": {
          "0.5": 0.9684624501846143,
          "1": 1.1929546983543904,
          "2": 1.084009219211042,
          "3": 0.9607226959986143,
          "5": 0.8915321067492509,
          "10": 0.8645197050495019,
          "inf": 0.8558745079996302
        },
        "best_alpha": "0.5",
        "best_dev": 0.0315375498153857
      },
      {
        "n1": 8,
        "n2": 12,
        "c_alpha": {
          "0.5": 1.084266125628434,
          "1": 1.3253146725429983,
          "2": 1.2180390927012104,
          "3": 1.0821037117111383,
          "5": 1.0044006873874542,
          "10": 0.9739694390150759,
          "inf": 0.9642297446260825
        },
        "c_over_Rec": {
          "0.5": 0.9531613241029324,
          "1": 1.1650633163532274,
          "2": 1.0707590387325976,
          "3": 0.9512603799860315,
          "5": 0.8829528715242706,
          "10": 0.8562012389618222,
          "inf": 0.8476392265732213
        },
        "best_alpha": "0.5",
        "best_dev": 0.04683867589706758
      },
      {
        "n1": 10,
        "n2": 12,
        "c_alpha": {
          "0.5": 1.0629632029141738,
          "1": 1.2864830236831144,
          "2": 1.1995915896105573,
          "3": 1.0689298455761957,
          "5": 0.9924562864348989,
          "10": 0.9623880926997099,
          "inf": 0.9527642117744191
        },
        "c_over_Rec": {
          "0.5": 0.9344342592784936,
          "1": 1.130927023639172,
          "2": 1.0545421284587584,
          "3": 0.939679441144602,
          "5": 0.8724527362175852,
          "10": 0.8460202592854067,
          "inf": 0.8375600566940525
        },
        "best_alpha": "2",
        "best_dev": 0.05454212845875839
      }
    ],
    "7": [
      {
        "n1": 6,
        "n2": 8,
        "c_alpha": {
          "0.5": 1.2326520418579812,
          "1": 1.4250138534150385,
          "2": 1.0745779390148174,
          "3": 0.9291456363030832,
          "5": 0.8607944173168263,
          "10": 0.8347099671997633,
          "inf": 0.8263628675277674
        },
        "c_over_Rec": {
          "0.5": 0.9122293925993503,
          "1": 1.054587570379599,
          "2": 0.7952459796607293,
          "3": 0.6876181847421572,
          "5": 0.6370345740702639,
          "10": 0.6177306656852909,
          "inf": 0.6115533590284393
        },
        "best_alpha": "1",
        "best_dev": 0.05458757037959905
      },
      {
        "n1": 6,
        "n2": 10,
        "c_alpha": {
          "0.5": 1.1361897551882605,
          "1": 1.3494157844621995,
          "2": 1.0316509743313973,
          "3": 0.8933634412234979,
          "5": 0.8277034192760984,
          "10": 0.8026217817914559,
          "inf": 0.794595563973544
        },
        "c_over_Rec": {
          "0.5": 0.8408420665824905,
          "1": 0.9986408975305571,
          "2": 0.7634776966501685,
          "3": 0.6611374189016034,
          "5": 0.612545440058285,
          "10": 0.5939836674322282,
          "inf": 0.5880438307579079
        },
        "best_alpha": "1",
        "best_dev": 0.00135910246944293
      },
      {
        "n1": 6,
        "n2": 12,
        "c_alpha": {
          "0.5": 1.061315798304666,
          "1": 1.290915491098981,
          "2": 0.9965073071472688,
          "3": 0.8639011143830697,
          "5": 0.8004523627242436,
          "10": 0.7761965622963121,
          "inf": 0.7684345966733523
        },
        "c_over_Rec": {
          "0.5": 0.785431275953791,
          "1": 0.9553475063143512,
          "2": 0.7374694760977014,
          "3": 0.6393336984634362,
          "5": 0.5923781796134651,
          "10": 0.5744275712179027,