{
  "GHZ": {
    "mi_matrix": [
      [
        0.0,
        1.0,
        1.0,
        1.0,
        1.0,
        1.0
      ],
      [
        1.0,
        0.0,
        1.0,
        1.0,
        1.0,
        1.0
      ],
      [
        1.0,
        1.0,
        0.0,
        1.0,
        1.0,
        1.0
      ],
      [
        1.0,
        1.0,
        1.0,
        0.0,
        1.0,
        1.0
      ],
      [
        1.0,
        1.0,
        1.0,
        1.0,
        0.0,
        1.0
      ],
      [
        1.0,
        1.0,
        1.0,
        1.0,
        1.0,
        0.0
      ]
    ],
    "single_entropies": [
      1.0,
      1.0,
      1.0,
      1.0,
      1.0,
      1.0
    ],
    "total_pairwise_mi": 15.0
  },
  "W": {
    "mi_matrix": [
      [
        0.0,
        0.38174900924221755,
        0.38174900924221755,
        0.38174900924221866,
        0.38174900924221866,
        0.38174900924221866
      ],
      [
        0.38174900924221755,
        0.0,
        0.381749009242219,
        0.38174900924221666,
        0.3817490092422189,
        0.3817490092422168
      ],
      [
        0.38174900924221755,
        0.381749009242219,
        0.0,
        0.38174900924221666,
        0.3817490092422189,
        0.3817490092422168
      ],
      [
        0.38174900924221866,
        0.38174900924221666,
        0.38174900924221666,
        0.0,
        0.38174900924221866,
        0.3817490092422189
      ],
      [
        0.38174900924221866,
        0.3817490092422189,
        0.3817490092422189,
        0.38174900924221866,
        0.0,
        0.38174900924221866
      ],
      [
        0.38174900924221866,
        0.3817490092422168,
        0.3817490092422168,
        0.3817490092422189,
        0.38174900924221866,
        0.0
      ]
    ],
    "single_entropies": [
      0.650022421648354,
      0.6500224216483543,
      0.6500224216483543,
      0.650022421648354,
      0.6500224216483541,
      0.6500224216483541
    ],
    "total_pairwise_mi": 5.726235138633271
  },
  "Cluster": {
    "mi_matrix": [
      [
        0.0,
        0.9999999999999996,
        4.440892098500626e-16,
        4.440892098500626e-16,
        4.440892098500626e-16,
        4.440892098500626e-16
      ],
      [
        0.9999999999999996,
        0.0,
        4.440892098500626e-16,
        4.440892098500626e-16,
        4.440892098500626e-16,
        4.440892098500626e-16
      ],
      [
        4.440892098500626e-16,
        4.440892098500626e-16,
        0.0,
        4.440892098500626e-16,
        4.440892098500626e-16,
        4.440892098500626e-16
      ],
      [
        4.440892098500626e-16,
        4.440892098500626e-16,
        4.440892098500626e-16,
        0.0,
        4.440892098500626e-16,
        4.440892098500626e-16
      ],
      [
        4.440892098500626e-16,
        4.440892098500626e-16,
        4.440892098500626e-16,
        4.440892098500626e-16,
        0.0,
        0.9999999999999996
      ],
      [
        4.440892098500626e-16,
        4.440892098500626e-16,
        4.440892098500626e-16,
        4.440892098500626e-16,
        0.9999999999999996,
        0.0
      ]
    ],
    "single_entropies": [
      1.0,
      1.0,
      1.0,
      1.0,
      1.0,
      1.0
    ],
    "total_pairwise_mi": 2.000000000000005
  },
  "runtime_seconds": 1.445502758026123
}