{
  "q": 5,
  "hybrid": {
    "gc": 0.441,
    "E0_per_site": {
      "4": -1.25116432,
      "6": -1.23560454,
      "8": -1.23033159
    },
    "delta1_n": {
      "4": 0.472613,
      "6": 0.477179,
      "8": 0.483454
    },
    "cx1_ratios": {
      "(4,6)": 11.2693,
      "(4,8)": 11.0314,
      "(6,8)": 10.7697
    },
    "dmrg": {
      "16": {
        "c": 1.2746,
        "chi": 30,
        "time": 262.1
      }
    }
  },
  "clock": {
    "gc": 0.52,
    "E0_per_site": {
      "4": -1.4162396,
      "6": -1.39961599,
      "8": -1.39391728
    },
    "delta1_n": {
      "4": 0.595146,
      "6": 0.59494,
      "8": 0.596475
    },
    "cx1_ratios": {
      "(4,6)": 9.6566,
      "(4,8)": 9.5805,
      "(6,8)": 9.4339
    },
    "dmrg": {
      "16": {
        "c": 1.17,
        "chi": 30,
        "note": "from Sprint 063"
      }
    }
  },
  "comparison": {
    "hybrid_cx1_68": 10.7697,
    "clock_cx1_68": 9.4339,
    "hybrid_c_n16": 1.2746,
    "clock_c_n16": 1.17,
    "hybrid_x1": 0.11835055758284817,
    "clock_x1": 0.12402081853740235,
    "hybrid_cx1_product": 0.15084962069509827,
    "clock_cx1_product": 0.14510435768876073
  }
}