{
  "sprint": "054h",
  "results": {
    "q=2": {
      "c_full": 0.37453157655174496,
      "c_pairwise": [
        0.4291368024534993,
        0.3754144256524777,
        0.3551476985822063,
        0.33370171169109286
      ],
      "c_exact": 0.5,
      "sizes": [
        16,
        24,
        32,
        48,
        64
      ],
      "S": [
        0.438,
        0.467,
        0.485,
        0.509,
        0.525
      ]
    },
    "q=3": {
      "c_full": 0.9081242048843764,
      "c_pairwise": [
        0.9339348625257815,
        0.906563268879792,
        0.8837110588179494
      ],
      "c_exact": 0.8,
      "sizes": [
        8,
        12,
        16,
        24
      ],
      "S": [
        0.516117,
        0.57923,
        0.622697,
        0.682416
      ]
    },
    "q=4": {
      "c_full": 1.2276009901514522,
      "c_pairwise": [
        1.2312526775221848,
        1.2218071046429726,
        1.2291365891514658
      ],
      "c_exact": 1.0,
      "sizes": [
        8,
        12,
        16,
        24
      ],
      "S": [
        0.646366,
        0.729571,
        0.788153,
        0.871215
      ]
    },
    "q=5": {
      "c_full": 1.37125745312182,
      "c_pairwise": [
        1.394531831945354,
        1.3345148577666381
      ],
      "c_exact": null,
      "sizes": [
        8,
        12,
        16
      ],
      "S": [
        0.760529,
        0.854768,
        0.918754
      ]
    }
  },
  "chi_convergence": {
    "q3_n16_chi20": 0.622695,
    "q3_n16_chi40": 0.622697,
    "conclusion": "entropy converged at chi=20 for q=3"
  }
}