{
  "experiment": "091c_synthesis",
  "fixed_nA4_non_potts": {
    "2": 0.00028576981786021527,
    "3": 0.0008141460181709803,
    "4": 0.009548631092796689,
    "5": 0.02728815497847814
  },
  "correlations": {
    "non_potts_vs_M": -0.6997457809399861,
    "non_potts_vs_ceff": -0.3896251397589213,
    "non_potts_vs_q": 0.9190230534911077,
    "non_potts_vs_Rec": 0.8392702126022266
  },
  "exponential_fit": {
    "slope": 1.613907739671796,
    "intercept": -11.530265778538705
  },
  "q2_nA_scaling": {
    "nA": [
      3,
      4,
      5,
      6,
      7
    ],
    "locality": [
      0.9998369592990941,
      0.9997142298823903,
      0.9748801452727073,
      0.8226545116126366,
      0.6264778102683775
    ],
    "nA_slope": 2.190413296501948
  },
  "q5_nA_scaling": {
    "nA": [
      3,
      4
    ],
    "locality": [
      0.99929870412997,
      0.9707536053736894
    ]
  },
  "bw_alpha": {
    "2": 2.3897197301174584,
    "3": 2.400596125914717,
    "4": 3.22826332579878,
    "5": 3.195134173837458,
    "7": 3.1162571973501114
  }
}