{
  "experiment": "086a_dmrg_renyi_q5",
  "timestamp": "2026-04-02 07:29:38",
  "q": 5,
  "gc": 0.2,
  "data": [
    {
      "n": 8,
      "chi_max": 60,
      "chi_used": 60,
      "E0": -8.633720832815605,
      "time_dmrg": 21.233732223510742,
      "c_alpha": {
        "0.5": 1.2891605061078237,
        "1": 1.5423881678356501,
        "2": 1.2900653758273308,
        "3": 1.1292880316509641,
        "5": 1.0469714448663405,
        "10": 1.0152466149732462,
        "inf": 1.0050941488236171
      },
      "R2_alpha": {
        "0.5": 0.8823748670049139,
        "1": 0.8778278829609036,
        "2": 0.8685707640641483,
        "3": 0.8672214066490279,
        "5": 0.8671251222340253,
        "10": 0.8671248780356201,
        "inf": 0.8671248780355826
      },
      "c_alpha_over_Rec": {
        "0.5": 1.1332807563924838,
        "1": 1.355889217218547,
        "2": 1.134076213153144,
        "3": 0.9927393746790308,
        "5": 0.9203761559076336,
        "10": 0.8924873561442768,
        "inf": 0.8835624825829248
      },
      "S_mid": {
        "0.5": 1.105820752363658,
        "1": 0.6095533093758432,
        "2": 0.3000737174948212,
        "3": 0.23001904880611648,
        "5": 0.1917999888481273,
        "10": 0.17048898605092733,
        "inf": 0.1534400874458404
      },
      "best_alpha": "3",
      "best_dev": 0.007260625320969161
    },
    {
      "n": 10,
      "chi_max": 80,
      "chi_used": 80,
      "E0": -10.88113603096361,
      "time_dmrg": 37.80722522735596,
      "c_alpha": {
        "0.5": 1.118886496623252,
        "1": 1.3712526650522796,
        "2": 1.2273269180979152,
        "3": 1.0850005154471707,
        "5": 1.006645740640515,
        "10": 0.9761448165877431,
        "inf": 0.966383368422364
      },
      "R2_alpha": {
        "0.5": 0.8525240753313833,
        "1": 0.8544770637440157,
        "2": 0.8497262325576719,
        "3": 0.8488253345236395,
        "5": 0.8487462043153811,
        "10": 0.8487459143656227,
        "inf": 0.8487459143655222
      },
      "c_alpha_over_Rec": {
        "0.5": 0.9835955485782469,
        "1": 1.2054466841739262,
        "2": 1.0789238201860707,
        "3": 0.9538069146599822,
        "5": 0.884926462583503,
        "10": 0.8581135792245833,
        "inf": 0.8495324434327757
      },
      "S_mid": {
        "0.5": 1.1672784963326464,
        "1": 0.6600225209280238,
        "2": 0.3344688357782381,
        "3": 0.25711530935103083,
        "5": 0.2144303146583984,
        "10": 0.19060491783773167,
        "inf": 0.1715444260539775
      },
      "best_alpha": "0.5",
      "best_dev": 0.016404451421753063
    },
    {
      "n": 12,
      "chi_max": 60,
      "chi_used": 60,
      "E0": -13.129057977651035,
      "time_dmrg": 47.191965103149414,
      "c_alpha": {
        "0.5": 0.8835879146140304,
        "1": 1.0754562585574663,
        "2": 0.9766107667913148,
        "3": 0.8658015575625009,
        "5": 0.8034825082840611,
        "10": 0.7791381248151173,
        "inf": 0.7713467435676927
      },
      "R2_alpha": {
        "0.5": 0.7956513466426434,
        "1": 0.7976514252825877,
        "2": 0.7935902492499236,
        "3": 0.7927560483724267,
        "5": 0.7926786900302788,
        "10": 0.7926783768140044,
        "inf": 0.7926783768138628
      },
      "c_alpha_over_Rec": {
        "0.5": 0.7767482601807955,
        "1": 0.945416708307924,
        "2": 0.8585231887314237,
        "3": 0.7611125530075428,
        "5": 0.7063288554234781,
        "10": 0.6849280902116359,
        "inf": 0.6780788093101583
      },
      "S_mid": {
        "0.5": 1.2157287728251465,
        "1": 0.6991147855391737,
        "2": 0.36180776154507954,
        "3": 0.278769637523139,
        "5": 0.23252493217767417,
        "10": 0.20668912657365446,
        "inf": 0.18602021391633392
      },
      "best_alpha": "1",
      "best_dev": 0.054583291692075986
    }
  ],
  "Re_c": 1.137547336647226
}