{
  "experiment": "106b_scaling_decomp",
  "timestamp": "2026-04-02 17:06:09",
  "data": {
    "q2": {
      "q": 2,
      "g_c": 0.5,
      "sizes": {
        "6": {
          "dim": 64,
          "chi_F": 0.5803418012614825,
          "gap_spectral": 0.13165249758739872,
          "gap_multiplet": 1.0352761804100794,
          "me_sq": 3.7320508075688696,
          "dominant_level": 2,
          "dominant_fraction": 1.0,
          "time_s": 0.0045359134674072266
        },
        "8": {
          "dim": 256,
          "chi_F": 0.7898169490339784,
          "gap_spectral": 0.09849140335716733,
          "gap_multiplet": 0.7803612880645261,
          "me_sq": 3.847759065022569,
          "dominant_level": 2,
          "dominant_fraction": 1.0,
          "time_s": 0.007468700408935547
        },
        "10": {
          "dim": 1024,
          "chi_F": 0.9965864547265996,
          "gap_spectral": 0.07870170682461186,
          "gap_multiplet": 0.6257378601609034,
          "me_sq": 3.902113032590309,
          "dominant_level": 2,
          "dominant_fraction": 1.0,
          "time_s": 0.030975818634033203
        },
        "12": {
          "dim": 4096,
          "chi_F": 1.2019891779372882,
          "gap_spectral": 0.06554346281522783,
          "gap_multiplet": 0.5221047688801672,
          "me_sq": 3.931851652578146,
          "dominant_level": 2,
          "dominant_fraction": 1.0,
          "time_s": 0.14304351806640625
        },
        "14": {
          "dim": 16384,
          "chi_F": 1.4066068257315543,
          "gap_spectral": 0.056158795410746976,
          "gap_multiplet": 0.447857904413242,
          "me_sq": 3.949855824363628,
          "dominant_level": 2,
          "dominant_fraction": 1.0,
          "time_s": 0.6854946613311768
        }
      },
      "z_m": 0.9890674164120701,
      "beta_me": 0.0662991991111276,
      "alpha_fit": 1.0444340319352674,
      "alpha_predicted": 1.0444340319352676,
      "alpha_known": 1.099
    },
    "q3": {
      "q": 3,
      "g_c": 0.3333333333333333,
      "sizes": {
        "6": {
          "dim": 729,
          "chi_F": 3.69784483288012,
          "gap_spectral": 0.1231562460513489,
          "gap_multiplet": 0.7683639309279018,
          "me_sq": 13.098871247927713,
          "dominant_level": 3,
          "dominant_fraction": 1.0,
          "time_s": 0.026573896408081055
        },
        "8": {
          "dim": 6561,
          "chi_F": 5.6130179090598995,
          "gap_spectral": 0.09188058687188416,
          "gap_multiplet": 0.5710777189280911,
          "me_sq": 14.644577515883052,
          "dominant_level": 3,
          "dominant_fraction": 1.0,
          "time_s": 0.29276251792907715
        },
        "10": {
          "dim": 59049,
          "chi_F": 7.72370041396113,
          "gap_spectral": 0.0732949855326055,
          "gap_multiplet": 0.4538702293534147,
          "me_sq": 15.91068267480527,
          "dominant_level": 3,
          "dominant_fraction": 1.0,
          "time_s": 3.6891658306121826
        }
      },
      "z_m": 1.0306327020133967,
      "beta_me": 0.38101951922098687,
      "alpha_fit": 1.4422849232477795,
      "alpha_predicted": 1.4422849232477803,
      "alpha_known": 1.4140000000000001
    },
    "q5": {
      "q": 5,
      "g_c": 0.2,
      "sizes": {
        "6": {
          "dim": 15625,
          "chi_F": 35.67389469442717,
          "gap_spectral": 0.10844903056415234,
          "gap_multiplet": 0.5029468370081389,
          "me_sq": 54.14345168045072,
          "dominant_level": 5,
          "dominant_fraction": 1.0,
          "time_s": 1.1251411437988281
        },
        "8": {
          "dim": 390625,
          "chi_F": 64.87960811398077,
          "gap_spectral": 0.07991833586748953,
          "gap_multiplet": 0.36048291833108337,
          "me_sq": 67.44776847715522,
          "dominant_level": 5,
          "dominant_fraction": 1.0,
          "time_s": 37.34026479721069
        },
        "9": {
          "dim": 1953125,
          "chi_F": 82.98904025413157,
          "gap_spectral": 0.07057466768323728,
          "gap_multiplet": 0.3147289327776619,
          "me_sq": 73.98379245243464,
          "dominant_level": 5,
          "dominant_fraction": 1.0,
          "time_s": 234.56109309196472
        }
      },
      "z_m": 1.1564224293262233,
      "beta_me": 0.7688310269754453,
      "alpha_fit": 2.081675885627887,
      "alpha_predicted": 2.0816758856278916,
      "alpha_known": 2.044
    },
    "q7": {
      "q": 7,
      "g_c": 0.14285714285714285,
      "sizes": {
        "6": {
          "dim": 117649,
          "chi_F": 165.53608277556873,
          "gap_spectral": 0.09541241335344441,
          "gap_multiplet": 0.36530875473450575,
          "me_sq": 132.54522446535265,
          "dominant_level": 7,
          "dominant_fraction": 1.0,
          "time_s": 13.673054218292236
        },
        "7": {
          "dim": 823543,
          "chi_F": 248.30965639706005,
          "gap_spectral": 0.08000479347737333,
          "gap_multiplet": 0.2984979792894853,
          "me_sq": 154.87254671591157,
          "dominant_level": 7,
          "dominant_fraction": 1.0,
          "time_s": 112.32029175758362
        }
      },
      "z_m": 1.3102747023634729,
      "beta_me": 1.0099118322012837,
      "alpha_fit": 2.6304612369282254,
      "alpha_predicted": 2.6304612369282294,
      "alpha_known": 2.674
    }
  }
}