{
  "experiment": "074c_convergence_analysis",
  "timestamp": "2026-04-02 02:47:31",
  "progress": {
    "2": {
      "1": {
        "gc": 0.25,
        "pct": 0.0,
        "delta": 0.0
      },
      "2": {
        "gc": 0.451,
        "pct": 38.57965451055662,
        "delta": 0.201
      },
      "3": {
        "gc": 0.655,
        "pct": 77.73512476007679,
        "delta": 0.20400000000000001
      },
      "4": {
        "gc": 0.688,
        "pct": 84.06909788867561,
        "delta": 0.03299999999999992
      }
    },
    "3": {
      "1": {
        "gc": 0.333,
        "pct": 0.0,
        "delta": 0.0
      },
      "2": {
        "gc": 0.565,
        "pct": 24.839400428265517,
        "delta": 0.23199999999999993
      },
      "3": {
        "gc": 0.797,
        "pct": 49.678800856531055,
        "delta": 0.2320000000000001
      }
    },
    "5": {
      "1": {
        "gc": 0.441,
        "pct": 0.0,
        "delta": 0.0
      },
      "2": {
        "gc": 0.714,
        "pct": 23.80122057541412,
        "delta": 0.27299999999999996
      },
      "3": {
        "gc": 0.974,
        "pct": 46.46904969485614,
        "delta": 0.26
      }
    }
  },
  "exp_fits": {
    "2": {
      "A": 1.682599186092516,
      "B": 1.1948593703416508,
      "A_err": 0.7336267368324799,
      "B_err": 0.27532056618019984,
      "rms": 0.01838270805077001,
      "pred_ly5": 0.7453766987420146,
      "pred_ly6": 0.7599040123589845
    },
    "3": {
      "A": 1.5660860479855148,
      "B": 2.4925180259293587,
      "A_err": Infinity,
      "B_err": Infinity,
      "rms": 0.0,
      "pred_ly5": 1.056321921088303,
      "pred_ly6": 1.1259477249451602
    },
    "5": {
      "A": 1.7709143439187682,
      "B": 2.8321756307337753,
      "A_err": Infinity,
      "B_err": Infinity,
      "rms": 7.850462293418876e-17,
      "pred_ly5": 1.284972356769947,
      "pred_ly6": 1.3751178799276287
    }
  },
  "B_vs_ratio_corr": 0.888939154527198,
  "cyl_1d_ratios": {
    "Ly2": {
      "2": 1.804,
      "3": 1.6966966966966965,
      "5": 1.619047619047619
    },
    "Ly3": {
      "2": 2.62,
      "3": 2.3933933933933935,
      "5": 2.2086167800453516
    }
  }
}